run_identifier,n_informative,total_dim,repeat,epoch,learning_rate,train_mse,validation_mse,epoch_seconds
n1_d64_r0,1,64,0,1,0.001,1.4597098035737872,1.0754298269748688,0.6256518750160467
n1_d64_r0,1,64,0,2,0.001,0.9696172452531755,0.8867656141519547,0.24121129102422856
n1_d64_r0,1,64,0,3,0.001,0.8226117263548076,0.761524111032486,0.2399385420139879
n1_d64_r0,1,64,0,4,0.001,0.7021282715722919,0.6499301046133041,0.2374583339842502
n1_d64_r0,1,64,0,5,0.001,0.609821742400527,0.5786877125501633,0.23841849999735132
n1_d64_r0,1,64,0,6,0.001,0.5615624280180782,0.5474565178155899,0.2385135829972569
n1_d64_r0,1,64,0,7,0.001,0.5407745426055044,0.5321020111441612,0.23901883399230428
n1_d64_r0,1,64,0,8,0.001,0.5299086067825556,0.5241712629795074,0.27774183300789446
n1_d64_r0,1,64,0,9,0.001,0.5234633348882198,0.5188176110386848,0.23855454102158546
n1_d64_r0,1,64,0,10,0.001,0.5192215971183032,0.5157089531421661,0.23817175001022406
n1_d64_r0,1,64,0,11,0.001,0.516455969074741,0.5142481327056885,0.24022775000776164
n1_d64_r0,1,64,0,12,0.001,0.5144022277090698,0.5126655101776123,0.239091625000583
n1_d64_r0,1,64,0,13,0.001,0.5127334804274142,0.5130118951201439,0.23894733301131055
n1_d64_r0,1,64,0,14,0.001,0.5115975595545024,0.5124383568763733,0.23960291701951064
n1_d64_r0,1,64,0,15,0.001,0.5106902117840946,0.512312576174736,0.2726958330022171
n1_d64_r0,1,64,0,16,0.001,0.5098400542046875,0.5123442485928535,0.2445650419977028
n1_d64_r0,1,64,0,17,0.001,0.5093486467376351,0.5116031318902969,0.2394024170062039
n1_d64_r0,1,64,0,18,0.001,0.5086732478812337,0.5114434584975243,0.24047466699266806
n1_d64_r0,1,64,0,19,0.001,0.5079577874857932,0.5111812651157379,0.24026245798449963
n1_d64_r0,1,64,0,20,0.001,0.5075714290142059,0.5106358826160431,0.23891525002545677
n1_d64_r0,1,64,0,21,0.001,0.5073171998374164,0.5106526762247086,0.23876691699842922
n1_d64_r0,1,64,0,22,0.001,0.5067293124739081,0.5106886252760887,0.23855012501007877
n1_d64_r0,1,64,0,23,0.001,0.5062636702787131,0.5107360407710075,0.2707562499854248
n1_d64_r0,1,64,0,24,0.001,0.5060434420593083,0.5107805877923965,0.24483245899318717
n1_d64_r0,1,64,0,25,0.001,0.5058109685778618,0.5109906867146492,0.23874458399950527
n1_d64_r0,1,64,0,26,0.001,0.5053577956277877,0.5099899172782898,0.23740691700368188
n1_d64_r0,1,64,0,27,0.001,0.505168427946046,0.5108562856912613,0.2371538339939434
n1_d64_r0,1,64,0,28,0.001,0.5050379422027618,0.5103577822446823,0.23677904100622982
n1_d64_r0,1,64,0,29,0.001,0.5046396895777434,0.5104768425226212,0.23914133399375714
n1_d64_r0,1,64,0,30,0.001,0.5046409973874688,0.5103329867124557,0.23888358299154788
n1_d64_r0,1,64,0,31,0.001,0.5041882824152708,0.5095199793577194,0.2872702919994481
n1_d64_r0,1,64,0,32,0.001,0.5040592767763883,0.5101877748966217,0.26008591600111686
n1_d64_r0,1,64,0,33,0.001,0.5040099814068526,0.509771503508091,0.23793779200059362
n1_d64_r0,1,64,0,34,0.001,0.5040285296272486,0.5098355934023857,0.2362900419975631
n1_d64_r0,1,64,0,35,0.001,0.5037252434995025,0.5106206834316254,0.23768533300608397
n1_d64_r0,1,64,0,36,0.001,0.503529075300321,0.5101436525583267,0.23362591600744054
n1_d64_r0,1,64,0,37,0.001,0.5035561381373554,0.5098883509635925,0.2338777920231223
n1_d64_r0,1,64,0,38,0.001,0.5032291142269969,0.509996272623539,0.23650129200541414
n1_d64_r0,1,64,0,39,0.001,0.5030634293798357,0.5100415721535683,0.2385061660024803
n1_d64_r0,1,64,0,40,0.0005,0.5017973340582103,0.5096649080514908,0.2770297499955632
n1_d64_r0,1,64,0,41,0.0005,0.5017236876301467,0.5096932649612427,0.23932520797825418
n1_d64_r0,1,64,0,42,0.0005,0.5015233352314681,0.5094774439930916,0.23756300000241026
n1_d64_r0,1,64,0,43,0.0005,0.5014975613448769,0.509634792804718,0.2386383340053726
n1_d64_r0,1,64,0,44,0.0005,0.5013839122839272,0.5097378194332123,0.23858087498228997
n1_d64_r0,1,64,0,45,0.0005,0.5014016597997397,0.5097996592521667,0.237998916010838
n1_d64_r0,1,64,0,46,0.0005,0.5012300333473831,0.509737640619278,0.2368309170124121
n1_d64_r0,1,64,0,47,0.0005,0.5013557171914726,0.5099624469876289,0.2373577499820385
n1_d64_r0,1,64,0,48,0.0005,0.5011687444057316,0.5096754431724548,0.2750173749809619
n1_d64_r0,1,64,0,49,0.0005,0.5012122169137001,0.509683221578598,0.23868079201201908
n1_d64_r0,1,64,0,50,0.0005,0.5010989662259817,0.5097260624170303,0.23633383301785216
n1_d64_r0,1,64,0,51,0.00025,0.500338043551892,0.5097872540354729,0.2389751669834368
n1_d64_r0,1,64,0,52,0.00025,0.500365505926311,0.5097630620002747,0.2387953749857843
n1_d64_r0,1,64,0,53,0.00025,0.5003057420253754,0.509876437485218,0.23582241698750295
n1_d64_r0,1,64,0,54,0.00025,0.500213619787246,0.5098205506801605,0.23762191698187962
n1_d64_r0,1,64,0,55,0.00025,0.5002977766562253,0.5097617730498314,0.2728417500038631
n1_d64_r0,1,64,0,56,0.00025,0.5001831443514675,0.5096770748496056,0.24541299999691546
n1_d64_r0,1,64,0,57,0.00025,0.5001962226815522,0.5098125338554382,0.2388870420109015
n1_d64_r0,1,64,0,58,0.00025,0.5002012548502535,0.5096753239631653,0.23905308402027003
n1_d64_r0,1,64,0,59,0.000125,0.4997676715720445,0.509764775633812,0.23762783300480805
n1_d64_r0,1,64,0,60,0.000125,0.49975481582805514,0.5097572505474091,0.23763054198934697
n1_d64_r0,1,64,0,61,0.000125,0.49975795298814774,0.5098572820425034,0.237002375011798
n1_d64_r0,1,64,0,62,0.000125,0.4997468087822199,0.5097795575857162,0.23819808301050216
n1_d128_r0,1,128,0,1,0.001,0.9265794390812516,0.7803595811128616,0.32907891701324843
n1_d128_r0,1,128,0,2,0.001,0.6862232894636691,0.634356677532196,0.24374687499948777
n1_d128_r0,1,128,0,3,0.001,0.5915513439103961,0.5836461931467056,0.24553820802248083
n1_d128_r0,1,128,0,4,0.001,0.5582976338919252,0.563162624835968,0.24650775000918657
n1_d128_r0,1,128,0,5,0.001,0.5379871192853898,0.5508947223424911,0.24233295899466611
n1_d128_r0,1,128,0,6,0.001,0.5252508213743567,0.5421990603208542,0.2437192499928642
n1_d128_r0,1,128,0,7,0.001,0.5164069337770343,0.5359734147787094,0.24415545898955315
n1_d128_r0,1,128,0,8,0.001,0.5099377755541354,0.5328173860907555,0.2758927910181228
n1_d128_r0,1,128,0,9,0.001,0.5055169868282974,0.5301128178834915,0.2460675420006737
n1_d128_r0,1,128,0,10,0.001,0.5020893297623843,0.528057724237442,0.24340808298438787
n1_d128_r0,1,128,0,11,0.001,0.49919964210130274,0.5260240659117699,0.2409399579919409
n1_d128_r0,1,128,0,12,0.001,0.4967718911357224,0.5272578001022339,0.24216550000710413
n1_d128_r0,1,128,0,13,0.001,0.4951315668877214,0.5258513540029526,0.24204449998796917
n1_d128_r0,1,128,0,14,0.001,0.4935450504999608,0.5263367742300034,0.2441855829965789
n1_d128_r0,1,128,0,15,0.001,0.49223037040792406,0.5250037834048271,0.2439014169794973
n1_d128_r0,1,128,0,16,0.001,0.4907003375701606,0.5275334715843201,0.24442479098797776
n1_d128_r0,1,128,0,17,0.001,0.4901140760630369,0.5266062617301941,0.2832490000000689
n1_d128_r0,1,128,0,18,0.001,0.48845378309488297,0.5277047380805016,0.2428054169868119
n1_d128_r0,1,128,0,19,0.001,0.48756482428871095,0.5284756720066071,0.24025837500812486
n1_d128_r0,1,128,0,20,0.001,0.48683947627432644,0.5290062204003334,0.24125433299923316
n1_d128_r0,1,128,0,21,0.001,0.48561922437511384,0.5304928347468376,0.24291425000410527
n1_d128_r0,1,128,0,22,0.001,0.4850842768792063,0.5311253294348717,0.2410643329785671
n1_d128_r0,1,128,0,23,0.001,0.48430464253760874,0.531254455447197,0.24168845801614225
n1_d128_r0,1,128,0,24,0.0005,0.48089476954191923,0.5313773825764656,0.2752272079815157
n1_d128_r0,1,128,0,25,0.0005,0.47991861938498914,0.5317449197173119,0.24607550000655465
n1_d128_r0,1,128,0,26,0.0005,0.479563410859555,0.5316456481814384,0.24286179098999128
n1_d128_r0,1,128,0,27,0.0005,0.4792359892744571,0.5321160554885864,0.2413674579875078
n1_d128_r0,1,128,0,28,0.0005,0.47886342252604663,0.5318747535347939,0.23979620798490942
n1_d128_r0,1,128,0,29,0.0005,0.47862538415938616,0.5329890176653862,0.24239029199816287
n1_d128_r0,1,128,0,30,0.0005,0.47819565515965223,0.5329904705286026,0.2438852500054054
n1_d128_r0,1,128,0,31,0.0005,0.4777549945283681,0.5332005172967911,0.24253333400702104
n1_d128_r0,1,128,0,32,0.00025,0.4759911915753037,0.5331336483359337,0.2743244169978425
n1_d128_r0,1,128,0,33,0.00025,0.4757549052592367,0.5332883819937706,0.24854762500035577
n1_d128_r0,1,128,0,34,0.00025,0.47552218148484826,0.5337081849575043,0.2453316249884665
n1_d128_r0,1,128,0,35,0.00025,0.4752916085999459,0.5340485274791718,0.24283029200159945
n1_d256_r0,1,256,0,1,0.001,0.9547960823401809,0.8016712069511414,0.27711624998482876
n1_d256_r0,1,256,0,2,0.001,0.6914914725348353,0.6326334029436111,0.24412737501552328
n1_d256_r0,1,256,0,3,0.001,0.5734925817232579,0.5916411876678467,0.26678745800745673
n1_d256_r0,1,256,0,4,0.001,0.533171693328768,0.575407400727272,0.24375587500981055
n1_d256_r0,1,256,0,5,0.001,0.5093872798606753,0.5670439898967743,0.2866634580132086
n1_d256_r0,1,256,0,6,0.001,0.49183180602267385,0.5583189874887466,0.2473386249912437
n1_d256_r0,1,256,0,7,0.001,0.4786549983546138,0.5608499944210052,0.24378962500486523
n1_d256_r0,1,256,0,8,0.001,0.46940041426569223,0.5565567761659622,0.24522241699742153
n1_d256_r0,1,256,0,9,0.001,0.4609215573873371,0.5567377805709839,0.24641175000579096
n1_d256_r0,1,256,0,10,0.001,0.4528837101534009,0.558930903673172,0.24504525001975708
n1_d256_r0,1,256,0,11,0.001,0.4461129931733012,0.5644380450248718,0.2462362910155207
n1_d256_r0,1,256,0,12,0.001,0.4410957444924861,0.5691926032304764,0.24607291698339395
n1_d256_r0,1,256,0,13,0.001,0.4357095742598176,0.5756494998931885,0.28547608299413696
n1_d256_r0,1,256,0,14,0.001,0.43115142174065113,0.5761147290468216,0.2482498330064118
n1_d256_r0,1,256,0,15,0.001,0.425909330137074,0.5800659358501434,0.2463854159868788
n1_d256_r0,1,256,0,16,0.001,0.42214593733660877,0.581335574388504,0.2446168329915963
n1_d256_r0,1,256,0,17,0.0005,0.4093768165912479,0.5846673399209976,0.24601825000718236
n1_d256_r0,1,256,0,18,0.0005,0.4066167951095849,0.5867907553911209,0.24705924998852424
n1_d256_r0,1,256,0,19,0.0005,0.40415266435593367,0.5887644588947296,0.244732582999859
n1_d256_r0,1,256,0,20,0.0005,0.4027437560725957,0.5912308692932129,0.2440374160069041
n1_d256_r0,1,256,0,21,0.0005,0.4009747162926942,0.595377966761589,0.28419762500561774
n1_d256_r0,1,256,0,22,0.0005,0.3992279164958745,0.5965814292430878,0.24791345800622366
n1_d256_r0,1,256,0,23,0.0005,0.397640053415671,0.5995270907878876,0.24519433398381807
n1_d256_r0,1,256,0,24,0.0005,0.39622716163285077,0.6013635247945786,0.2460763749841135
n1_d256_r0,1,256,0,25,0.00025,0.38968983525410295,0.6021469682455063,0.24625225001364015
n1_d256_r0,1,256,0,26,0.00025,0.38831113977357745,0.6045237481594086,0.2457814999797847
n1_d256_r0,1,256,0,27,0.00025,0.38760590530000627,0.6051257103681564,0.24415545898955315
n1_d256_r0,1,256,0,28,0.00025,0.38692669733427465,0.6073723137378693,0.246049374982249
n1_d512_r0,1,512,0,1,0.001,1.0021957075223327,0.8445247858762741,0.3430829580174759
n1_d512_r0,1,512,0,2,0.001,0.668249768903479,0.6268893480300903,0.29808783301268704
n1_d512_r0,1,512,0,3,0.001,0.5161798794288188,0.6062739044427872,0.2922595829877537
n1_d512_r0,1,512,0,4,0.001,0.4548234920948744,0.599509984254837,0.2924080000084359
n1_d512_r0,1,512,0,5,0.001,0.413847163785249,0.6084132045507431,0.3046755419927649
n1_d512_r0,1,512,0,6,0.001,0.37988958740606904,0.6254469007253647,0.2954554169846233
n1_d512_r0,1,512,0,7,0.001,0.3501188959926367,0.6392680108547211,0.29331149999052286
n1_d512_r0,1,512,0,8,0.001,0.32125973934307694,0.6624388992786407,0.3317572500091046
n1_d512_r0,1,512,0,9,0.001,0.2966861701570451,0.6846971660852432,0.29698466701665893
n1_d512_r0,1,512,0,10,0.001,0.2742639356292784,0.7127253264188766,0.29366675001801923
n1_d512_r0,1,512,0,11,0.001,0.25213984260335565,0.7343680709600449,0.2913100419973489
n1_d512_r0,1,512,0,12,0.001,0.23288263427093625,0.7670276761054993,0.2855865419842303
n1_d512_r0,1,512,0,13,0.0005,0.19460438331589103,0.7807559072971344,0.293901166995056
n1_d512_r0,1,512,0,14,0.0005,0.18208773038350046,0.7990088909864426,0.29427299997769296
n1_d512_r0,1,512,0,15,0.0005,0.17376724793575704,0.8116728514432907,0.2986564580060076
n1_d512_r0,1,512,0,16,0.0005,0.16692690597847104,0.8351444154977798,0.29547583297244273
n1_d512_r0,1,512,0,17,0.0005,0.1601251824758947,0.8452053219079971,0.3331301670114044
n1_d512_r0,1,512,0,18,0.0005,0.15407250879798084,0.8569283038377762,0.2947733750042971
n1_d512_r0,1,512,0,19,0.0005,0.14838640938978642,0.8720792979001999,0.29587441601324826
n1_d512_r0,1,512,0,20,0.0005,0.14335959608433768,0.8902712315320969,0.29587254201760516
n1_d512_r0,1,512,0,21,0.00025,0.12692077492829412,0.895380288362503,0.29393200000049546
n1_d512_r0,1,512,0,22,0.00025,0.12284179776906967,0.9057629108428955,0.29572687498875894
n1_d512_r0,1,512,0,23,0.00025,0.12060506013222039,0.914259597659111,0.2945359580044169
n1_d512_r0,1,512,0,24,0.00025,0.1180849066004157,0.9242521375417709,0.33057999997981824
n1_d1024_r0,1,1024,0,1,0.001,0.9290078082121909,0.7676017135381699,0.3718486250145361
n1_d1024_r0,1,1024,0,2,0.001,0.5303799731191248,0.6520459949970245,0.3083176660002209
n1_d1024_r0,1,1024,0,3,0.001,0.34940620930865407,0.656919464468956,0.3105139160179533
n1_d1024_r0,1,1024,0,4,0.001,0.24024719279259443,0.7062783390283585,0.3098953750159126
n1_d1024_r0,1,1024,0,5,0.001,0.15829478146042675,0.7485678344964981,0.3055080000194721
n1_d1024_r0,1,1024,0,6,0.001,0.10073754435870796,0.7744859009981155,0.30958937501418404
n1_d1024_r0,1,1024,0,7,0.001,0.06440294597996399,0.7865513563156128,0.31186404201434925
n1_d1024_r0,1,1024,0,8,0.001,0.04322966386098415,0.8007482439279556,0.3509587089938577
n1_d1024_r0,1,1024,0,9,0.001,0.029915269959019497,0.7990126311779022,0.3114408330002334
n1_d1024_r0,1,1024,0,10,0.001,0.02313063856854569,0.8066884875297546,0.31927679100772366
n1_d1024_r0,1,1024,0,11,0.0005,0.013852568554284517,0.8012853860855103,0.3325480420025997
n1_d1024_r0,1,1024,0,12,0.0005,0.004674527768656844,0.8018769174814224,0.31221849998109974
n1_d1024_r0,1,1024,0,13,0.0005,0.0022981855045145494,0.8057887107133865,0.3128738749946933
n1_d1024_r0,1,1024,0,14,0.0005,0.0013694478875549976,0.8073194921016693,0.31036837497958913
n1_d1024_r0,1,1024,0,15,0.0005,0.0009036609462782508,0.8095342516899109,0.310446374991443
n1_d1024_r0,1,1024,0,16,0.0005,0.0006363986378801201,0.8104275763034821,0.35166820799349807
n1_d1024_r0,1,1024,0,17,0.0005,0.00047303459450631635,0.8110506385564804,0.31208591599715874
n1_d1024_r0,1,1024,0,18,0.0005,0.00037635934916124825,0.8114538341760635,0.31191458299872465
n1_d1024_r0,1,1024,0,19,0.00025,0.0002602391720643027,0.8116568177938461,0.31271433300571516
n1_d1024_r0,1,1024,0,20,0.00025,0.00015060780839348809,0.8118765205144882,0.3141194999916479
n1_d1024_r0,1,1024,0,21,0.00025,0.00011760404083815956,0.8121936023235321,0.3106179579917807
n1_d1024_r0,1,1024,0,22,0.00025,0.00010049443930881807,0.8123015314340591,0.3116118329926394
n1_d2048_r0,1,2048,0,1,0.001,0.9766271905973554,0.8156097382307053,0.45449745800578967
n1_d2048_r0,1,2048,0,2,0.001,0.4370714738033712,0.7195785045623779,0.35476970797753893
n1_d2048_r0,1,2048,0,3,0.001,0.17335156828630716,0.7235978543758392,0.35245333399507217
n1_d2048_r0,1,2048,0,4,0.001,0.07106411532731727,0.7159295231103897,0.3517270830052439
n1_d2048_r0,1,2048,0,5,0.001,0.04161409841617569,0.7126336097717285,0.35017145800520666
n1_d2048_r0,1,2048,0,6,0.001,0.035650514328153804,0.7006174176931381,0.35489191600936465
n1_d2048_r0,1,2048,0,7,0.001,0.03439179403358139,0.7010008543729782,0.3534457499918062
n1_d2048_r0,1,2048,0,8,0.001,0.03536196399363689,0.69664366543293,0.35216949999448843
n1_d2048_r0,1,2048,0,9,0.001,0.0354097502422519,0.6895382106304169,0.4008001250040252
n1_d2048_r0,1,2048,0,10,0.001,0.03464374826580752,0.6921963542699814,0.3532939579745289
n1_d2048_r0,1,2048,0,11,0.001,0.03277531417552382,0.6835471838712692,0.3536127500119619
n1_d2048_r0,1,2048,0,12,0.001,0.030047215914237313,0.6789707094430923,0.35752491699531674
n1_d2048_r0,1,2048,0,13,0.001,0.02816154039464891,0.6734285056591034,0.35301587500725873
n1_d2048_r0,1,2048,0,14,0.001,0.026017595329903997,0.6732000857591629,0.35510133401839994
n1_d2048_r0,1,2048,0,15,0.001,0.024692312566912733,0.6653834879398346,0.3522049580060411
n1_d2048_r0,1,2048,0,16,0.001,0.023857787178712897,0.6660240292549133,0.36345458298455924
n1_d2048_r0,1,2048,0,17,0.001,0.02310744908754714,0.6610724329948425,0.3987020419735927
n1_d2048_r0,1,2048,0,18,0.001,0.02255098677414935,0.6600217521190643,0.3558573749905918
n1_d2048_r0,1,2048,0,19,0.001,0.022148500283947214,0.6529842168092728,0.3565909170138184
n1_d2048_r0,1,2048,0,20,0.001,0.02205909318581689,0.6575060784816742,0.3586877499765251
n1_d2048_r0,1,2048,0,21,0.001,0.022044813173124567,0.6490849256515503,0.35844991699559614
n1_d2048_r0,1,2048,0,22,0.001,0.022502481020637788,0.6480792611837387,0.3543297919968609
n1_d2048_r0,1,2048,0,23,0.001,0.022327394312014803,0.6473557204008102,0.3664467080088798
n1_d2048_r0,1,2048,0,24,0.001,0.02186906704446301,0.6474749445915222,0.3584416249941569
n1_d2048_r0,1,2048,0,25,0.001,0.021873113815672696,0.6459047943353653,0.39605033298721537
n1_d2048_r0,1,2048,0,26,0.001,0.02178845634625759,0.6389672011137009,0.37820254199323244
n1_d2048_r0,1,2048,0,27,0.001,0.020606621525075752,0.6420992165803909,0.3617988749756478
n1_d2048_r0,1,2048,0,28,0.001,0.019582111868658103,0.6366489827632904,0.35958187500364147
n1_d2048_r0,1,2048,0,29,0.001,0.018444675661157817,0.6365333795547485,0.35727137498906814
n1_d2048_r0,1,2048,0,30,0.001,0.017823927286372054,0.6319530308246613,0.35720433297683485
n1_d2048_r0,1,2048,0,31,0.001,0.017962743921088986,0.6382564753293991,0.3546922910027206
n1_d2048_r0,1,2048,0,32,0.001,0.018102778063621372,0.6354869306087494,0.3531136250239797
n1_d2048_r0,1,2048,0,33,0.001,0.01813693095027702,0.6308722645044327,0.39561375000630505
n1_d2048_r0,1,2048,0,34,0.001,0.017339935671770945,0.6318334490060806,0.3593875000078697
n1_d2048_r0,1,2048,0,35,0.001,0.016712740231014322,0.6300755888223648,0.3577182080189232
n1_d2048_r0,1,2048,0,36,0.001,0.016365596769901458,0.6252320557832718,0.35621062500285916
n1_d2048_r0,1,2048,0,37,0.001,0.01665465512633091,0.6260419487953186,0.38207004201831296
n1_d2048_r0,1,2048,0,38,0.001,0.016727736561733764,0.6289866119623184,0.35726954200072214
n1_d2048_r0,1,2048,0,39,0.001,0.016965583505225368,0.6249207407236099,0.3602748329867609
n1_d2048_r0,1,2048,0,40,0.001,0.0163842985057272,0.623506486415863,0.35754804097814485
n1_d2048_r0,1,2048,0,41,0.001,0.016244375736278016,0.620800718665123,0.4008060829946771
n1_d2048_r0,1,2048,0,42,0.001,0.01588008156249998,0.6217318922281265,0.35936920798849314
n1_d2048_r0,1,2048,0,43,0.001,0.015488603057747241,0.6219911128282547,0.35726687498390675
n1_d2048_r0,1,2048,0,44,0.001,0.015200050045677926,0.6200426816940308,0.3584184999926947
n1_d2048_r0,1,2048,0,45,0.001,0.014414022894925438,0.6192194223403931,0.35928054197574966
n1_d2048_r0,1,2048,0,46,0.001,0.013641108249430545,0.6189384460449219,0.35785408300580457
n1_d2048_r0,1,2048,0,47,0.001,0.013353972186450846,0.6197076141834259,0.3574602500011679
n1_d2048_r0,1,2048,0,48,0.001,0.013202916677983012,0.6191328018903732,0.393193333002273
n1_d2048_r0,1,2048,0,49,0.001,0.01321362301678164,0.6160850375890732,0.3646110419940669
n1_d2048_r0,1,2048,0,50,0.001,0.012961916065250989,0.6162078380584717,0.36174591700546443
n1_d2048_r0,1,2048,0,51,0.001,0.012992737261811271,0.6141991019248962,0.36105337500339374
n1_d2048_r0,1,2048,0,52,0.001,0.01313223187753465,0.6161672472953796,0.35886149998987094
n1_d2048_r0,1,2048,0,53,0.001,0.013177997745515313,0.6122892796993256,0.35793195897713304
n1_d2048_r0,1,2048,0,54,0.001,0.012778597905708011,0.6131288260221481,0.35902800000621937
n1_d2048_r0,1,2048,0,55,0.001,0.013064978986221831,0.6136839985847473,0.3575957080174703
n1_d2048_r0,1,2048,0,56,0.001,0.01348518833401613,0.6134480237960815,0.3944665829767473
n1_d2048_r0,1,2048,0,57,0.001,0.013003479252802208,0.6109309047460556,0.3564919159980491
n1_d2048_r0,1,2048,0,58,0.001,0.012222202763950918,0.6130233854055405,0.36160954198567197
n1_d2048_r0,1,2048,0,59,0.001,0.011495534687128384,0.6146543025970459,0.3582811660016887
n1_d2048_r0,1,2048,0,60,0.001,0.011000108264852315,0.6108457297086716,0.3583760840119794
n1_d2048_r0,1,2048,0,61,0.001,0.010564732885541162,0.6119176745414734,0.36038704100064933
n1_d2048_r0,1,2048,0,62,0.001,0.01015464348893147,0.6073205918073654,0.35886262499843724
n1_d2048_r0,1,2048,0,63,0.001,0.010174288669077214,0.6108769774436951,0.3574195410183165
n1_d2048_r0,1,2048,0,64,0.001,0.01032635891897371,0.6066348701715469,0.35565225000027567
n1_d2048_r0,1,2048,0,65,0.001,0.01047738818306243,0.6093046367168427,0.3980906250071712
n1_d2048_r0,1,2048,0,66,0.001,0.010550961778790224,0.6103571653366089,0.35626233398215845
n1_d2048_r0,1,2048,0,67,0.001,0.010774469028547173,0.6061782240867615,0.3596403329866007
n1_d2048_r0,1,2048,0,68,0.001,0.010877590044401586,0.6082112342119217,0.36047499999403954
n1_d2048_r0,1,2048,0,69,0.001,0.010907842093729414,0.6089603900909424,0.363002250000136
n1_d2048_r0,1,2048,0,70,0.001,0.010474853894265834,0.6073455363512039,0.35972558401408605
n1_d2048_r0,1,2048,0,71,0.001,0.010299711928382749,0.6080769598484039,0.3576385830237996
n1_d2048_r0,1,2048,0,72,0.001,0.009928994681104086,0.6080184876918793,0.39880733299651183
n1_d2048_r0,1,2048,0,73,0.001,0.009662355139880674,0.6058802008628845,0.3599089589843061
n1_d2048_r0,1,2048,0,74,0.001,0.009227453756466275,0.6071290671825409,0.3565931659832131
n1_d2048_r0,1,2048,0,75,0.001,0.008782609573245281,0.606549471616745,0.3632207920018118
n1_d2048_r0,1,2048,0,76,0.001,0.00855107553070411,0.6042829006910324,0.3563000000140164
n1_d2048_r0,1,2048,0,77,0.001,0.008468372361676302,0.6064178943634033,0.35693987499689683
n1_d2048_r0,1,2048,0,78,0.001,0.008363504861335969,0.6073599308729172,0.3626251670066267
n1_d2048_r0,1,2048,0,79,0.001,0.008478483694489114,0.6051832288503647,0.3578456249961164
n1_d2048_r0,1,2048,0,80,0.001,0.008695863230968826,0.6030918955802917,0.39375212500453927
n1_d2048_r0,1,2048,0,81,0.001,0.008811132989649195,0.6045296937227249,0.36482204200001433
n1_d2048_r0,1,2048,0,82,0.001,0.009247305722965393,0.6037396341562271,0.3581697079935111
n1_d2048_r0,1,2048,0,83,0.001,0.009487273397098761,0.6051208823919296,0.37854999999399297
n1_d2048_r0,1,2048,0,84,0.001,0.009266560897231102,0.6018415987491608,0.3630396669905167
n1_d2048_r0,1,2048,0,85,0.001,0.009043727182870498,0.6057174652814865,0.35548604201176204
n1_d2048_r0,1,2048,0,86,0.001,0.008779584648436867,0.6008312106132507,0.35582708299625665
n1_d2048_r0,1,2048,0,87,0.001,0.008380733954254538,0.6022632271051407,0.358666665997589
n1_d2048_r0,1,2048,0,88,0.001,0.008004323757631937,0.6004741489887238,0.3913409580127336
n1_d2048_r0,1,2048,0,89,0.001,0.007520257415308151,0.6007959097623825,0.3621945409977343
n1_d2048_r0,1,2048,0,90,0.001,0.007089175032888306,0.60047447681427,0.360783166019246
n1_d2048_r0,1,2048,0,91,0.001,0.006881990280817263,0.6012564897537231,0.36176466700271703
n1_d2048_r0,1,2048,0,92,0.001,0.006846611948276404,0.6005977392196655,0.3601586250006221
n1_d2048_r0,1,2048,0,93,0.001,0.006924483124748804,0.598434180021286,0.36185808401205577
n1_d2048_r0,1,2048,0,94,0.001,0.00700830803179997,0.5996424406766891,0.36299387499457225
n1_d2048_r0,1,2048,0,95,0.001,0.007212981112388661,0.5970429182052612,0.3640433340042364
n1_d2048_r0,1,2048,0,96,0.001,0.007337461236602394,0.5996475517749786,0.39742762499372475
n1_d2048_r0,1,2048,0,97,0.001,0.007501476458855905,0.6000059843063354,0.35877391701797023
n1_d2048_r0,1,2048,0,98,0.001,0.007456839448423125,0.6003261655569077,0.35721154100610875
n1_d2048_r0,1,2048,0,99,0.001,0.007641391897777794,0.5978060513734818,0.3695137919858098
n1_d2048_r0,1,2048,0,100,0.001,0.007983290524862241,0.5986323058605194,0.3551881670136936
n1_d2048_r0,1,2048,0,101,0.001,0.007712065285886638,0.5982570052146912,0.35713300001225434
n1_d2048_r0,1,2048,0,102,0.001,0.007311589975870447,0.5979756414890289,0.3588637499778997
n1_d2048_r0,1,2048,0,103,0.001,0.006768115374143235,0.5991361141204834,0.3580537079833448
n1_d2048_r0,1,2048,0,104,0.0005,0.004965986849128967,0.5954923778772354,0.3924571250099689
n1_d2048_r0,1,2048,0,105,0.0005,0.0008781293922766054,0.5951384752988815,0.36378016701200977
n1_d2048_r0,1,2048,0,106,0.0005,0.00020825105445965164,0.5949715375900269,0.359210583003005
n1_d2048_r0,1,2048,0,107,0.0005,5.329649113150481e-05,0.5950596630573273,0.3595376250159461
n1_d2048_r0,1,2048,0,108,0.0005,1.52414732070838e-05,0.5949185639619827,0.36172687500948086
n1_d2048_r0,1,2048,0,109,0.0005,4.750679158505022e-06,0.5949850380420685,0.35628099998575635
n1_d2048_r0,1,2048,0,110,0.0005,1.6462645158199507e-06,0.5949808359146118,0.3558118750224821
n1_d2048_r0,1,2048,0,111,0.0005,6.607423117532818e-07,0.5949731767177582,0.3575678750057705
n1_d2048_r0,1,2048,0,112,0.0005,3.3635913787577465e-07,0.594968244433403,0.3909152499982156
n1_d2048_r0,1,2048,0,113,0.0005,2.0875253003982408e-07,0.5949792861938477,0.3618590830010362
n1_d2048_r0,1,2048,0,114,0.0005,1.6437759475795843e-07,0.5949799120426178,0.35491737502161413
n1_d2048_r0,1,2048,0,115,0.0005,1.6936101204789722e-07,0.5949782878160477,0.3529904580209404
n1_d2048_r0,1,2048,0,116,0.0005,2.2320720804991367e-07,0.5949612259864807,0.35970237498986535
n1_d2048_r0,1,2048,0,117,0.00025,2.8902146820275476e-07,0.5949857831001282,0.35344504201202653
n1_d2048_r0,1,2048,0,118,0.00025,5.964539553926507e-08,0.5949732959270477,0.35617358301533386
n1_d2048_r0,1,2048,0,119,0.00025,1.7613944330863163e-08,0.5949791073799133,0.3572049579815939
n1_d2048_r0,1,2048,0,120,0.00025,5.6433908102171415e-09,0.5949774235486984,0.35447720799129456
n1_d2048_r0,1,2048,0,121,0.00025,2.2298162743322747e-09,0.5949762463569641,0.3965837499999907
n1_d2048_r0,1,2048,0,122,0.00025,1.0480524915805478e-09,0.5949761122465134,0.35727095798938535
n1_d2048_r0,1,2048,0,123,0.00025,6.405965243937856e-10,0.5949767678976059,0.36203420799574815
n1_d2048_r0,1,2048,0,124,0.00025,5.355801665878068e-10,0.5949755311012268,0.35866370899020694
n1_d2048_r0,1,2048,0,125,0.000125,4.340181031410595e-10,0.5949762165546417,0.3537939579982776
n1_d2048_r0,1,2048,0,126,0.000125,6.600630293534214e-11,0.5949759185314178,0.3584792500187177
n1_d2048_r0,1,2048,0,127,0.000125,1.5525777183529078e-11,0.5949760228395462,0.36352716700639576
n1_d2048_r0,1,2048,0,128,0.000125,3.912917138267362e-12,0.5949759781360626,0.35602308399393223
n1_d4096_r0,1,4096,0,1,0.001,0.990903043653816,0.9173248559236526,0.8241523749893531
n1_d4096_r0,1,4096,0,2,0.001,0.5306545346975327,0.7956232130527496,0.5950511249830015
n1_d4096_r0,1,4096,0,3,0.001,0.15911315416451544,0.7527063488960266,0.5461814579903148
n1_d4096_r0,1,4096,0,4,0.001,0.06327533835428767,0.735656201839447,0.5473719169967808
n1_d4096_r0,1,4096,0,5,0.001,0.03627156466245651,0.7230432778596878,0.5432911669777241
n1_d4096_r0,1,4096,0,6,0.001,0.025765928876353428,0.7230741083621979,0.5416101249866188
n1_d4096_r0,1,4096,0,7,0.001,0.0225055146147497,0.7159104198217392,0.5388758330082055
n1_d4096_r0,1,4096,0,8,0.001,0.022875940790981986,0.7168044149875641,0.6038205829972867
n1_d4096_r0,1,4096,0,9,0.001,0.025411198643269017,0.713540568947792,0.5435487079957966
n1_d4096_r0,1,4096,0,10,0.001,0.02815573064435739,0.7125271707773209,0.5455750420223922
n1_d4096_r0,1,4096,0,11,0.001,0.02963848142826464,0.7127133309841156,0.5623730410006829
n1_d4096_r0,1,4096,0,12,0.001,0.030579024853068404,0.7095449417829514,0.5566632919944823
n1_d4096_r0,1,4096,0,13,0.001,0.030654375834274106,0.7057632058858871,0.5496937920106575
n1_d4096_r0,1,4096,0,14,0.001,0.028701084418571554,0.7078672051429749,0.5410277080081869
n1_d4096_r0,1,4096,0,15,0.001,0.02568029862595722,0.6950950622558594,0.5426227090065368
n1_d4096_r0,1,4096,0,16,0.001,0.023548585770186037,0.7034798860549927,0.5864949589886237
n1_d4096_r0,1,4096,0,17,0.001,0.021681782949599437,0.6976093649864197,0.5457494170113932
n1_d4096_r0,1,4096,0,18,0.001,0.020205653658194933,0.7005985230207443,0.5386022080201656
n1_d4096_r0,1,4096,0,19,0.001,0.019505589443724602,0.6925846487283707,0.5433702080044895
n1_d4096_r0,1,4096,0,20,0.001,0.019801370464847423,0.6918641030788422,0.5425602500035893
n1_d4096_r0,1,4096,0,21,0.001,0.019970187931903638,0.6934742331504822,0.5429879589937627
n1_d4096_r0,1,4096,0,22,0.001,0.02041508490947308,0.6922895461320877,0.5465350000013132
n1_d4096_r0,1,4096,0,23,0.001,0.02149145676230546,0.6898724138736725,0.5756146250059828
n1_d4096_r0,1,4096,0,24,0.001,0.02126090864476282,0.6904560625553131,0.548720124992542
n1_d4096_r0,1,4096,0,25,0.001,0.021005597329349257,0.6873292177915573,0.5428198330046143
n1_d4096_r0,1,4096,0,26,0.001,0.020513954790658318,0.6811373084783554,0.5510559579997789
n1_d4096_r0,1,4096,0,27,0.001,0.019996848204755224,0.6846956610679626,0.5444473329989705
n1_d4096_r0,1,4096,0,28,0.001,0.019798362380242907,0.685030996799469,0.5508976249839179
n1_d4096_r0,1,4096,0,29,0.001,0.019065910571953282,0.6790751367807388,0.5493871669750661
n1_d4096_r0,1,4096,0,30,0.001,0.018407034025585745,0.6822610795497894,0.535722957982216
n1_d4096_r0,1,4096,0,31,0.001,0.01741976957418956,0.681609570980072,0.5348013750044629
n1_d4096_r0,1,4096,0,32,0.001,0.01660471167997457,0.6770362108945847,0.5804532500042114
n1_d4096_r0,1,4096,0,33,0.001,0.015779878369357903,0.674102172255516,0.5601401669846382
n1_d4096_r0,1,4096,0,34,0.001,0.014917705266270787,0.6733577251434326,0.5908307080098893
n1_d4096_r0,1,4096,0,35,0.001,0.014590973434678745,0.67078997194767,0.5469593750021886
n1_d4096_r0,1,4096,0,36,0.001,0.014734441683685873,0.6708012223243713,0.5525496669870336
n1_d4096_r0,1,4096,0,37,0.001,0.014851377956802025,0.6701511293649673,0.5432550830009859
n1_d4096_r0,1,4096,0,38,0.001,0.015299609447538387,0.6675805300474167,0.5460438750160392
n1_d4096_r0,1,4096,0,39,0.001,0.016088198834040668,0.6708631068468094,0.5864892499812413
n1_d4096_r0,1,4096,0,40,0.001,0.016474932053824887,0.6657952070236206,0.558597583003575
n1_d4096_r0,1,4096,0,41,0.001,0.016283948898490053,0.6667885780334473,0.5606800839887001
n1_d4096_r0,1,4096,0,42,0.001,0.015874979137151968,0.6647053509950638,0.5591948749788571
n1_d4096_r0,1,4096,0,43,0.001,0.0147653722888208,0.6625960171222687,0.5499503329920117
n1_d4096_r0,1,4096,0,44,0.001,0.014319083580630831,0.6643353700637817,0.5525663330045063
n1_d4096_r0,1,4096,0,45,0.001,0.013784992479486391,0.6599528044462204,0.5444124579953495
n1_d4096_r0,1,4096,0,46,0.001,0.013131160165357869,0.660778671503067,0.5469279590179212
n1_d4096_r0,1,4096,0,47,0.001,0.01265297387726605,0.6591828614473343,0.5797604999970645
n1_d4096_r0,1,4096,0,48,0.001,0.012057078587531578,0.6577478051185608,0.5508943339809775
n1_d4096_r0,1,4096,0,49,0.001,0.012028416305838618,0.6580479741096497,0.545081125019351
n1_d4096_r0,1,4096,0,50,0.001,0.011999746719084214,0.6553311049938202,0.5425057919928804
n1_d4096_r0,1,4096,0,51,0.001,0.011802763714513276,0.6578696668148041,0.5480753750016447
n1_d4096_r0,1,4096,0,52,0.001,0.011848041758639738,0.654385969042778,0.5443962080171332
n1_d4096_r0,1,4096,0,53,0.001,0.011629045999143273,0.653700441122055,0.5407349590095691
n1_d4096_r0,1,4096,0,54,0.001,0.011226930910197552,0.6552232950925827,0.5433287080086302
n1_d4096_r0,1,4096,0,55,0.001,0.011086158359830733,0.6508636027574539,0.5891417920065578
n1_d4096_r0,1,4096,0,56,0.001,0.011061246324970853,0.6526104807853699,0.5456625419901684
n1_d4096_r0,1,4096,0,57,0.001,0.011184812836290803,0.6488728076219559,0.5487519579764921
n1_d4096_r0,1,4096,0,58,0.001,0.010917043720837682,0.6495845913887024,0.5513265840127133
n1_d4096_r0,1,4096,0,59,0.001,0.01059878458181629,0.6511725634336472,0.5421315419953316
n1_d4096_r0,1,4096,0,60,0.001,0.010894867904426064,0.6484546065330505,0.541011499997694
n1_d4096_r0,1,4096,0,61,0.001,0.010521684962441213,0.6511006057262421,0.5373054580122698
n1_d4096_r0,1,4096,0,62,0.001,0.009976770154025871,0.6477805227041245,0.538866249989951
n1_d4096_r0,1,4096,0,63,0.001,0.009692180832644226,0.649158239364624,0.5763455840060487
n1_d4096_r0,1,4096,0,64,0.001,0.00922413743683137,0.6461620032787323,0.5717548330139834
n1_d4096_r0,1,4096,0,65,0.001,0.009279085148591548,0.645972266793251,0.5409286670037545
n1_d4096_r0,1,4096,0,66,0.001,0.009016357027576305,0.645008847117424,0.5431448749732226
n1_d4096_r0,1,4096,0,67,0.001,0.008914427748095477,0.6453494727611542,0.5420922079938464
n1_d4096_r0,1,4096,0,68,0.001,0.009049089214386186,0.6440905630588531,0.5431292919965927
n1_d4096_r0,1,4096,0,69,0.001,0.009097663714783266,0.6464129686355591,0.5438367080059834
n1_d4096_r0,1,4096,0,70,0.001,0.009212186523654964,0.645330473780632,0.5393142500251997
n1_d4096_r0,1,4096,0,71,0.001,0.009057800503796898,0.6459362655878067,0.5834529580024537
n1_d4096_r0,1,4096,0,72,0.001,0.00877786968339933,0.6425229609012604,0.5386835420213174
n1_d4096_r0,1,4096,0,73,0.001,0.008438673634373117,0.6418782472610474,0.5423329999903217
n1_d4096_r0,1,4096,0,74,0.001,0.008008250988496002,0.6392503976821899,0.5388987920014188
n1_d4096_r0,1,4096,0,75,0.001,0.00827762036351487,0.6445938497781754,0.5469330830092076
n1_d4096_r0,1,4096,0,76,0.001,0.008344129899342079,0.6402851343154907,0.5380864999897312
n1_d4096_r0,1,4096,0,77,0.001,0.008195446847821586,0.6426152139902115,0.5513629589986522
n1_d4096_r0,1,4096,0,78,0.001,0.00804067824356025,0.6389952749013901,0.5485311670054216
n1_d4096_r0,1,4096,0,79,0.001,0.007496429014281603,0.6380535960197449,0.589386082981946
n1_d4096_r0,1,4096,0,80,0.001,0.007256862340000225,0.6396632939577103,0.553095791983651
n1_d4096_r0,1,4096,0,81,0.001,0.006991690297581954,0.638202041387558,0.5511007499881089
n1_d4096_r0,1,4096,0,82,0.001,0.006819237431045622,0.638515904545784,0.5532192090176977
n1_d4096_r0,1,4096,0,83,0.001,0.007068109356623609,0.6412004828453064,0.5500875000143424
n1_d4096_r0,1,4096,0,84,0.001,0.007430562800436746,0.6370587199926376,0.5541808749840129
n1_d4096_r0,1,4096,0,85,0.001,0.007594299233460333,0.6399182379245758,0.5470505839912221
n1_d4096_r0,1,4096,0,86,0.001,0.007701220947637921,0.6387971192598343,0.554693167010555
n1_d4096_r0,1,4096,0,87,0.001,0.007265004616783699,0.6393393874168396,0.5492631250235718
n1_d4096_r0,1,4096,0,88,0.001,0.006815485678089317,0.6374944299459457,0.579811667004833
n1_d4096_r0,1,4096,0,89,0.001,0.006602264715183992,0.6368807256221771,0.5385002089897171
n1_d4096_r0,1,4096,0,90,0.001,0.005956010503723519,0.63877934217453,0.5427311249950435
n1_d4096_r0,1,4096,0,91,0.001,0.0057287789531983435,0.6402212232351303,0.5493405419983901
n1_d4096_r0,1,4096,0,92,0.001,0.006101534119807184,0.6399017870426178,0.5514887919998728
n1_d4096_r0,1,4096,0,93,0.001,0.006194277651957236,0.6393391638994217,0.5503582920064218
n1_d4096_r0,1,4096,0,94,0.001,0.006600845976208802,0.6384585052728653,0.5424180839909241
n1_d4096_r0,1,4096,0,95,0.001,0.006728373842634028,0.6383949369192123,0.5476540420204401
n1_d4096_r0,1,4096,0,96,0.001,0.007112337429134641,0.6384791135787964,0.5914421250054147
n1_d4096_r0,1,4096,0,97,0.001,0.006917005423019873,0.6382322907447815,0.5663767920050304
n1_d4096_r0,1,4096,0,98,0.0005,0.005371084551370586,0.6342173218727112,0.563646083988715
n1_d4096_r0,1,4096,0,99,0.0005,0.000850833397180395,0.6347522437572479,0.5445366249768995
n1_d4096_r0,1,4096,0,100,0.0005,0.0001848263593728916,0.6346880197525024,0.5585470419900957
n1_d4096_r0,1,4096,0,101,0.0005,4.3194408561930686e-05,0.6347965598106384,0.5482865830126684
n1_d4096_r0,1,4096,0,102,0.0005,1.1873823034136421e-05,0.6345927268266678,0.5443388340063393
n1_d4096_r0,1,4096,0,103,0.0005,7.330101031044478e-06,0.6345577090978622,0.5894503330055159
n1_d4096_r0,1,4096,0,104,0.0005,4.139823344573301e-06,0.6346124112606049,0.5560784170229454
n1_d4096_r0,1,4096,0,105,0.0005,4.36392960079246e-06,0.6345205903053284,0.546108832990285
n1_d4096_r0,1,4096,0,106,0.0005,4.560137409903575e-06,0.6345847845077515,0.540852125006495
n1_d4096_r0,1,4096,0,107,0.00025,5.1256313566838685e-06,0.6345253437757492,0.5481969589891378
n1_d4096_r0,1,4096,0,108,0.00025,8.386998451292982e-07,0.6345587819814682,0.564765791001264
n1_d4096_r0,1,4096,0,109,0.00025,2.0572949582797762e-07,0.6345524191856384,0.5487245000258554
n1_d4096_r0,1,4096,0,110,0.00025,6.279332076530864e-08,0.6345603466033936,0.5475181249785237
n1_d4096_r0,1,4096,0,111,0.00025,2.413194201411617e-08,0.6345532536506653,0.5962350000045262
n1_d4096_r0,1,4096,0,112,0.00025,1.3509660513541522e-08,0.6345567852258682,0.5497685000009369
n1_d4096_r0,1,4096,0,113,0.00025,9.725808698332616e-09,0.6345547884702682,0.5522095840133261
n1_d4096_r0,1,4096,0,114,0.00025,1.0240802629513102e-08,0.6345561742782593,0.5503991250006948
n1_d4096_r0,1,4096,0,115,0.000125,1.2488236235050354e-08,0.6345538794994354,0.5469058750022668
n1_d4096_r0,1,4096,0,116,0.000125,1.3511485593559192e-09,0.634555771946907,0.5561937500024214
n1_d4096_r0,1,4096,0,117,0.000125,2.7968465065621173e-10,0.6345553696155548,0.5517880830157083
n1_d4096_r0,1,4096,0,118,0.000125,6.8660857218978e-11,0.6345556378364563,0.5503728750045411
n1_d64_r1,1,64,1,1,0.001,1.0038095260970294,0.8897725492715836,0.25540629198076203
n1_d64_r1,1,64,1,2,0.001,0.795143811032176,0.7091322690248489,0.25017304200446233
n1_d64_r1,1,64,1,3,0.001,0.640442818403244,0.586845800280571,0.24709324998548254
n1_d64_r1,1,64,1,4,0.001,0.5709559719543904,0.548663780093193,0.24638704099925235
n1_d64_r1,1,64,1,5,0.001,0.5444463610183448,0.5302542448043823,0.2451323750137817
n1_d64_r1,1,64,1,6,0.001,0.5277151027694345,0.5165905356407166,0.2466232499864418
n1_d64_r1,1,64,1,7,0.001,0.5175325591117144,0.5077517777681351,0.24536733399145305
n1_d64_r1,1,64,1,8,0.001,0.5108524810057133,0.5025879219174385,0.24686570800258778
n1_d64_r1,1,64,1,9,0.001,0.5069141837302595,0.49902013689279556,0.282695124973543
n1_d64_r1,1,64,1,10,0.001,0.5043266410939395,0.49681276082992554,0.2442182080121711
n1_d64_r1,1,64,1,11,0.001,0.502167854225263,0.49410969763994217,0.24611775000812486
n1_d64_r1,1,64,1,12,0.001,0.5011223000474274,0.4944595843553543,0.24641245900420472
n1_d64_r1,1,64,1,13,0.001,0.5003133297432214,0.49351122975349426,0.2455797499860637
n1_d64_r1,1,64,1,14,0.001,0.49978925776667893,0.4928637370467186,0.24648479200550355
n1_d64_r1,1,64,1,15,0.001,0.4990908023901284,0.4924604073166847,0.24506666700472124
n1_d64_r1,1,64,1,16,0.001,0.49852740787900984,0.49356449395418167,0.2925582080206368
n1_d64_r1,1,64,1,17,0.001,0.49827516567893326,0.49371157586574554,0.24965441599488258
n1_d64_r1,1,64,1,18,0.001,0.4978809002786875,0.4941713958978653,0.24239566700998694
n1_d64_r1,1,64,1,19,0.001,0.4976645403075963,0.49364709854125977,0.24392120901029557
n1_d64_r1,1,64,1,20,0.001,0.49731808388605714,0.49264753609895706,0.24507562501821667
n1_d64_r1,1,64,1,21,0.001,0.4968799026682973,0.49294012039899826,0.24414437499945052
n1_d64_r1,1,64,1,22,0.001,0.496697838883847,0.49233460426330566,0.24227812499157153
n1_d64_r1,1,64,1,23,0.001,0.49623375851660967,0.4919293522834778,0.24620812499779277
n1_d64_r1,1,64,1,24,0.001,0.4960282049141824,0.49378064274787903,0.283117167011369
n1_d64_r1,1,64,1,25,0.001,0.4958538312930614,0.49357543140649796,0.2433505409862846
n1_d64_r1,1,64,1,26,0.001,0.49539158400148153,0.4936169609427452,0.24535945800016634
n1_d64_r1,1,64,1,27,0.001,0.49517397535964847,0.49525186419487,0.24256658300873823
n1_d64_r1,1,64,1,28,0.001,0.4951520289760083,0.4940309375524521,0.24446391698438674
n1_d64_r1,1,64,1,29,0.001,0.4947509353514761,0.49439357221126556,0.24272887498955242
n1_d64_r1,1,64,1,30,0.001,0.4945316610392183,0.49430204182863235,0.24435187500785105
n1_d64_r1,1,64,1,31,0.001,0.49459009477868676,0.49496636539697647,0.24391970899887383
n1_d64_r1,1,64,1,32,0.0005,0.49293332640081644,0.49544137716293335,0.28012504198704846
n1_d64_r1,1,64,1,33,0.0005,0.4927927029784769,0.4945332035422325,0.2475757079955656
n1_d64_r1,1,64,1,34,0.0005,0.49262295314110816,0.494999997317791,0.2445412089873571
n1_d64_r1,1,64,1,35,0.0005,0.49253412522375584,0.4954564571380615,0.24495770799694583
n1_d64_r1,1,64,1,36,0.0005,0.49254357046447694,0.4946550950407982,0.2434310840035323
n1_d64_r1,1,64,1,37,0.0005,0.49236546363681555,0.49530399590730667,0.24427137500606477
n1_d64_r1,1,64,1,38,0.0005,0.4922640845179558,0.49443677067756653,0.2439181249937974
n1_d64_r1,1,64,1,39,0.0005,0.4922145421151072,0.495163157582283,0.24227533402154222
n1_d64_r1,1,64,1,40,0.00025,0.49133915826678276,0.49496980756521225,0.27812887498294003
n1_d64_r1,1,64,1,41,0.00025,0.49126175977289677,0.49497760087251663,0.2457071660028305
n1_d64_r1,1,64,1,42,0.00025,0.4911248425487429,0.4949973523616791,0.24366429200745188
n1_d64_r1,1,64,1,43,0.00025,0.49116084980778396,0.49517185240983963,0.24384670800645836
n1_d128_r1,1,128,1,1,0.001,1.113161873538047,0.9074529856443405,0.26146783301373944
n1_d128_r1,1,128,1,2,0.001,0.8048924645408988,0.72927026450634,0.2530322920065373
n1_d128_r1,1,128,1,3,0.001,0.6525595504790545,0.6106343865394592,0.24982808300410397
n1_d128_r1,1,128,1,4,0.001,0.5732181444764137,0.5641439408063889,0.2850889170076698
n1_d128_r1,1,128,1,5,0.001,0.5414283194113523,0.5437258332967758,0.25568858298356645
n1_d128_r1,1,128,1,6,0.001,0.5220667303074151,0.5300554931163788,0.2522153749887366
n1_d128_r1,1,128,1,7,0.001,0.5095247749704868,0.5214073359966278,0.2560282080085017
n1_d128_r1,1,128,1,8,0.001,0.5007566539570689,0.5180590003728867,0.25145950002479367
n1_d128_r1,1,128,1,9,0.001,0.49493214883841574,0.5135554522275925,0.2509135000000242
n1_d128_r1,1,128,1,10,0.001,0.4906935279723257,0.5114195644855499,0.24918724998133257
n1_d128_r1,1,128,1,11,0.001,0.4877294274047017,0.5074283704161644,0.2520326660014689
n1_d128_r1,1,128,1,12,0.001,0.48526604007929564,0.5080993846058846,0.28414683300070465
n1_d128_r1,1,128,1,13,0.001,0.4832308536861092,0.5073266923427582,0.25410858300165273
n1_d128_r1,1,128,1,14,0.001,0.48149210144765675,0.5063580274581909,0.2502911660121754
n1_d128_r1,1,128,1,15,0.001,0.4799299722071737,0.5055972188711166,0.25002174999099225
n1_d128_r1,1,128,1,16,0.001,0.47852210188284516,0.5074441507458687,0.25234337500296533
n1_d128_r1,1,128,1,17,0.001,0.4774126037955284,0.5083086341619492,0.24932745800470002
n1_d128_r1,1,128,1,18,0.001,0.4761851893272251,0.5076282918453217,0.24878116699983366
n1_d128_r1,1,128,1,19,0.001,0.4751431825570762,0.5088617578148842,0.2478519169962965
n1_d128_r1,1,128,1,20,0.001,0.474114662501961,0.5088295862078667,0.2852637500036508
n1_d128_r1,1,128,1,21,0.001,0.4733419588301331,0.5093305632472038,0.25547620802535675
n1_d128_r1,1,128,1,22,0.001,0.47278363071382046,0.5095180571079254,0.2521687500120606
n1_d128_r1,1,128,1,23,0.001,0.47168549173511565,0.5107778310775757,0.2502905000001192
n1_d128_r1,1,128,1,24,0.0005,0.4678204453084618,0.509021557867527,0.2500650419970043
n1_d128_r1,1,128,1,25,0.0005,0.4669195939786732,0.509513646364212,0.2523304580245167
n1_d128_r1,1,128,1,26,0.0005,0.46670040860772133,0.5087111592292786,0.2500657080090605
n1_d128_r1,1,128,1,27,0.0005,0.4662609766237438,0.5098049566149712,0.25009175000013784
n1_d128_r1,1,128,1,28,0.0005,0.4659255216829479,0.5102727636694908,0.2858934169926215
n1_d128_r1,1,128,1,29,0.0005,0.4656213528942317,0.5102357938885689,0.2508589579956606
n1_d128_r1,1,128,1,30,0.0005,0.4652366288937628,0.5105149373412132,0.25083258299855515
n1_d128_r1,1,128,1,31,0.0005,0.46495062904432416,0.5106606334447861,0.24908450001385063
n1_d128_r1,1,128,1,32,0.00025,0.4628612787928432,0.5107616633176804,0.25104483298491687
n1_d128_r1,1,128,1,33,0.00025,0.46259108139202,0.5107507109642029,0.25202816698583774
n1_d128_r1,1,128,1,34,0.00025,0.4625191134400666,0.510905310511589,0.2529967919981573
n1_d128_r1,1,128,1,35,0.00025,0.4623855382669717,0.5113918334245682,0.24978070799261332
n1_d256_r1,1,256,1,1,0.001,0.9774890290573239,0.8160281777381897,0.3075875829963479
n1_d256_r1,1,256,1,2,0.001,0.6912075625732541,0.6258906275033951,0.2588722500076983
n1_d256_r1,1,256,1,3,0.001,0.5633599674329162,0.5744451284408569,0.25490116598666646
n1_d256_r1,1,256,1,4,0.001,0.5213193171657622,0.5638712346553802,0.2633037919877097
n1_d256_r1,1,256,1,5,0.001,0.49712176411412656,0.5497955828905106,0.2542121250007767
n1_d256_r1,1,256,1,6,0.001,0.48119679652154446,0.5472531020641327,0.2540709580061957
n1_d256_r1,1,256,1,7,0.001,0.4697878665756434,0.5446562170982361,0.2580567500262987
n1_d256_r1,1,256,1,8,0.001,0.4599749608896673,0.54417385160923,0.255952083010925
n1_d256_r1,1,256,1,9,0.001,0.45180563046596944,0.548362672328949,0.30980850002379157
n1_d256_r1,1,256,1,10,0.001,0.4450692920945585,0.5477539598941803,0.25451141700614244
n1_d256_r1,1,256,1,11,0.001,0.4391997316852212,0.5512775629758835,0.25525487499544397
n1_d256_r1,1,256,1,12,0.001,0.43365290365181863,0.5501319617033005,0.2567118750012014
n1_d256_r1,1,256,1,13,0.001,0.428169840015471,0.5570181757211685,0.25647262498387136
n1_d256_r1,1,256,1,14,0.001,0.42296984675340354,0.5583779960870743,0.2554636249842588
n1_d256_r1,1,256,1,15,0.001,0.4194945546332747,0.563757136464119,0.2546637500054203
n1_d256_r1,1,256,1,16,0.001,0.41431169607676566,0.5623209178447723,0.25809558300534263
n1_d256_r1,1,256,1,17,0.0005,0.4032279138918966,0.5675386190414429,0.2927665419992991
n1_d256_r1,1,256,1,18,0.0005,0.3996494731400162,0.5712025314569473,0.25483833299949765
n1_d256_r1,1,256,1,19,0.0005,0.39826966961845756,0.5744157582521439,0.2537731659831479
n1_d256_r1,1,256,1,20,0.0005,0.3961910493671894,0.5779291242361069,0.2550466250104364
n1_d256_r1,1,256,1,21,0.0005,0.3944139978848398,0.5795820206403732,0.2548630830133334
n1_d256_r1,1,256,1,22,0.0005,0.39258132711984217,0.5837504863739014,0.2550571659812704
n1_d256_r1,1,256,1,23,0.0005,0.3911333482246846,0.5861843228340149,0.25882641700445674
n1_d256_r1,1,256,1,24,0.0005,0.3899442267138511,0.5873441249132156,0.2528896250005346
n1_d256_r1,1,256,1,25,0.00025,0.38294102787040174,0.5891967415809631,0.29404400000930764
n1_d256_r1,1,256,1,26,0.00025,0.38154324470087886,0.5903434306383133,0.2531395420082845
n1_d256_r1,1,256,1,27,0.00025,0.38066740543581545,0.5915528684854507,0.25235545900068246
n1_d256_r1,1,256,1,28,0.00025,0.3797458792105317,0.594382718205452,0.25327941699652
n1_d512_r1,1,512,1,1,0.001,0.9920146535150707,0.903051421046257,0.3109850409964565
n1_d512_r1,1,512,1,2,0.001,0.6885536974295974,0.6346940696239471,0.3052999999781605
n1_d512_r1,1,512,1,3,0.001,0.5076800980605185,0.6013925671577454,0.3059450409782585
n1_d512_r1,1,512,1,4,0.001,0.43917200714349747,0.5908045172691345,0.3493502079800237
n1_d512_r1,1,512,1,5,0.001,0.39572300715371966,0.6023840755224228,0.30949795900960453
n1_d512_r1,1,512,1,6,0.001,0.3607524922117591,0.6167179048061371,0.3108256670238916
n1_d512_r1,1,512,1,7,0.001,0.330720687052235,0.6357723772525787,0.30888641701312736
n1_d512_r1,1,512,1,8,0.001,0.30451442243065685,0.6557333618402481,0.30799025000305846
n1_d512_r1,1,512,1,9,0.001,0.27966124832164496,0.6769524812698364,0.3104191669845022
n1_d512_r1,1,512,1,10,0.001,0.257257851655595,0.7005836963653564,0.3086304999887943
n1_d512_r1,1,512,1,11,0.001,0.2390465617645532,0.7235276848077774,0.3095176659990102
n1_d512_r1,1,512,1,12,0.001,0.22052433481439948,0.7395211607217789,0.34886970900697634
n1_d512_r1,1,512,1,13,0.0005,0.18397448130417615,0.7546093612909317,0.31020316699869
n1_d512_r1,1,512,1,14,0.0005,0.1717070152517408,0.7658699601888657,0.3061801669828128
n1_d512_r1,1,512,1,15,0.0005,0.1633625291287899,0.788602665066719,0.30829991700011306
n1_d512_r1,1,512,1,16,0.0005,0.15685050829779357,0.7981943637132645,0.3068994999921415
n1_d512_r1,1,512,1,17,0.0005,0.1506592106889002,0.8126165419816971,0.3091403750004247
n1_d512_r1,1,512,1,18,0.0005,0.1452541381586343,0.8219130039215088,0.3060701659996994
n1_d512_r1,1,512,1,19,0.0005,0.13940040487796068,0.830338791012764,0.3381516250083223
n1_d512_r1,1,512,1,20,0.0005,0.1343601014232263,0.8467941284179688,0.3108452500018757
n1_d512_r1,1,512,1,21,0.00025,0.11871729569975287,0.8499796241521835,0.3052222080004867
n1_d512_r1,1,512,1,22,0.00025,0.11479209962999448,0.8616917729377747,0.3061210830055643
n1_d512_r1,1,512,1,23,0.00025,0.11214812292018905,0.8719870150089264,0.3058642499963753
n1_d512_r1,1,512,1,24,0.00025,0.11004886234877631,0.8764930665493011,0.3057832919876091
n1_d1024_r1,1,1024,1,1,0.001,0.9223342319019139,0.7394516170024872,0.328517166984966
n1_d1024_r1,1,1024,1,2,0.001,0.5171373975463212,0.6253605931997299,0.32229770900448784
n1_d1024_r1,1,1024,1,3,0.001,0.338161630788818,0.6402880102396011,0.3589037079946138
n1_d1024_r1,1,1024,1,4,0.001,0.22934844333212823,0.6766798198223114,0.32230929101933725
n1_d1024_r1,1,1024,1,5,0.001,0.15013633260969073,0.7188499867916107,0.32220275001600385
n1_d1024_r1,1,1024,1,6,0.001,0.09712447877973318,0.7441891431808472,0.3224030409764964
n1_d1024_r1,1,1024,1,7,0.001,0.06205855656298809,0.7742543518543243,0.32255008298670873
n1_d1024_r1,1,1024,1,8,0.001,0.04073125837021507,0.7894804328680038,0.3229549170064274
n1_d1024_r1,1,1024,1,9,0.001,0.02887125541747082,0.7958797216415405,0.3205774580128491
n1_d1024_r1,1,1024,1,10,0.001,0.022507624700665474,0.8005797863006592,0.34713433298747987
n1_d1024_r1,1,1024,1,11,0.0005,0.014202915968780871,0.7949723601341248,0.3656340420129709
n1_d1024_r1,1,1024,1,12,0.0005,0.004507002055106568,0.7987718135118484,0.32288462499855086
n1_d1024_r1,1,1024,1,13,0.0005,0.002161376251024194,0.8004073053598404,0.3239819169975817
n1_d1024_r1,1,1024,1,14,0.0005,0.0012104110596737883,0.8019572198390961,0.3234433750039898
n1_d1024_r1,1,1024,1,15,0.0005,0.0007313014871215273,0.8037058860063553,0.3219258750032168
n1_d1024_r1,1,1024,1,16,0.0005,0.00047609487842237286,0.8041941374540329,0.32739333299105056
n1_d1024_r1,1,1024,1,17,0.0005,0.0003332425437747588,0.8056917637586594,0.33467516698874533
n1_d1024_r1,1,1024,1,18,0.0005,0.0002456406944020273,0.8070420026779175,0.3214617079938762
n1_d1024_r1,1,1024,1,19,0.00025,0.00015489426789372374,0.8065505027770996,0.3663499999966007
n1_d1024_r1,1,1024,1,20,0.00025,5.7306838670001525e-05,0.8070618063211441,0.3223965000070166
n1_d1024_r1,1,1024,1,21,0.00025,3.353701849562185e-05,0.8072574436664581,0.32464445900404826
n1_d1024_r1,1,1024,1,22,0.00025,2.2921938509057327e-05,0.8072959333658218,0.32509275001939386
n1_d2048_r1,1,2048,1,1,0.001,0.9475325020030141,0.7911206036806107,0.37092937499983236
n1_d2048_r1,1,2048,1,2,0.001,0.4188919400330633,0.6842103898525238,0.36739125000895
n1_d2048_r1,1,2048,1,3,0.001,0.1598544591688551,0.6938295215368271,0.36911787500139326
n1_d2048_r1,1,2048,1,4,0.001,0.06365135588566773,0.6758982688188553,0.41121337498771027
n1_d2048_r1,1,2048,1,5,0.001,0.03741656393685844,0.6818578094244003,0.3653610000037588
n1_d2048_r1,1,2048,1,6,0.001,0.03108506575517822,0.6714634299278259,0.36633412502123974
n1_d2048_r1,1,2048,1,7,0.001,0.030405104262172244,0.6684519499540329,0.3671189169981517
n1_d2048_r1,1,2048,1,8,0.001,0.031113793185795657,0.6688271909952164,0.3657546670001466
n1_d2048_r1,1,2048,1,9,0.001,0.032372301880968735,0.6614380031824112,0.3755586250044871
n1_d2048_r1,1,2048,1,10,0.001,0.033085540038882755,0.6546424925327301,0.36580683299689554
n1_d2048_r1,1,2048,1,11,0.001,0.03201195770816412,0.6534080356359482,0.40374770798371173
n1_d2048_r1,1,2048,1,12,0.001,0.02965190510440152,0.6473293006420135,0.36743820799165405
n1_d2048_r1,1,2048,1,13,0.001,0.02764271356863901,0.6425456255674362,0.3665944579988718
n1_d2048_r1,1,2048,1,14,0.001,0.025026595118106343,0.6430258750915527,0.3714045420056209
n1_d2048_r1,1,2048,1,15,0.001,0.023397462733555585,0.6364737153053284,0.3652016659907531
n1_d2048_r1,1,2048,1,16,0.001,0.022413199912989512,0.6308965682983398,0.36828404199332
n1_d2048_r1,1,2048,1,17,0.001,0.021323274755559396,0.63539919257164,0.3683128750126343
n1_d2048_r1,1,2048,1,18,0.001,0.021226355325779878,0.6275584846735001,0.36631199999828823
n1_d2048_r1,1,2048,1,19,0.001,0.02166974957799539,0.6343449354171753,0.3677403749898076
n1_d2048_r1,1,2048,1,20,0.001,0.021236698506982066,0.6260543763637543,0.4069294579967391
n1_d2048_r1,1,2048,1,21,0.001,0.020719428881420754,0.6279292106628418,0.3661650829890277
n1_d2048_r1,1,2048,1,22,0.001,0.020956964275683276,0.6207802295684814,0.3666196659905836
n1_d2048_r1,1,2048,1,23,0.001,0.02084623849077616,0.6212981045246124,0.35992599997553043
n1_d2048_r1,1,2048,1,24,0.001,0.02021027282171417,0.6176363527774811,0.36608149998937733
n1_d2048_r1,1,2048,1,25,0.001,0.019569645228330046,0.6220762431621552,0.36353025000425987
n1_d2048_r1,1,2048,1,26,0.001,0.01956984704156639,0.6192542463541031,0.36492708401056007
n1_d2048_r1,1,2048,1,27,0.001,0.01875934280542424,0.6166257113218307,0.4011420829920098
n1_d2048_r1,1,2048,1,28,0.001,0.01855526434519561,0.6156211197376251,0.37078674999065697
n1_d2048_r1,1,2048,1,29,0.001,0.018169575298088603,0.6145447194576263,0.36872920900350437
n1_d2048_r1,1,2048,1,30,0.001,0.017327743444184307,0.6125548481941223,0.3707887080090586
n1_d2048_r1,1,2048,1,31,0.001,0.01684850778838154,0.6102009415626526,0.36661200001253746
n1_d2048_r1,1,2048,1,32,0.001,0.016990641997836065,0.6079440712928772,0.3689018749864772
n1_d2048_r1,1,2048,1,33,0.001,0.017097846110118553,0.6068645417690277,0.3625503329967614
n1_d2048_r1,1,2048,1,34,0.001,0.016448343492811546,0.6093841344118118,0.36624649999430403
n1_d2048_r1,1,2048,1,35,0.001,0.01621490193065256,0.6066556423902512,0.36595066700829193
n1_d2048_r1,1,2048,1,36,0.001,0.015766513977723662,0.6070603728294373,0.40419441598351113
n1_d2048_r1,1,2048,1,37,0.001,0.015570486844808329,0.6034867167472839,0.36513733299216256
n1_d2048_r1,1,2048,1,38,0.001,0.015124868223210797,0.5999676138162613,0.3646637919882778
n1_d2048_r1,1,2048,1,39,0.001,0.014677132690849248,0.6013986170291901,0.36352412501582876
n1_d2048_r1,1,2048,1,40,0.001,0.014652356854639947,0.6025867015123367,0.36482579199946485
n1_d2048_r1,1,2048,1,41,0.001,0.014764388717594557,0.6029908508062363,0.36269329098286107
n1_d2048_r1,1,2048,1,42,0.001,0.014748212299309671,0.6024419367313385,0.36346758299623616
n1_d2048_r1,1,2048,1,43,0.001,0.01448528356559109,0.6028467565774918,0.37772829199093394
n1_d2048_r1,1,2048,1,44,0.001,0.014356169165694155,0.5960621237754822,0.4168646659818478
n1_d2048_r1,1,2048,1,45,0.001,0.013953660964034498,0.6005689799785614,0.3616647080052644
n1_d2048_r1,1,2048,1,46,0.001,0.01352311075606849,0.5973947942256927,0.3651784170069732
n1_d2048_r1,1,2048,1,47,0.001,0.013213212463597301,0.5943016856908798,0.36502816699794494
n1_d2048_r1,1,2048,1,48,0.001,0.01314071557862917,0.5975268632173538,0.3675146249879617
n1_d2048_r1,1,2048,1,49,0.001,0.012765248327923473,0.597407877445221,0.36981237499276176
n1_d2048_r1,1,2048,1,50,0.001,0.012600273854332045,0.5963095426559448,0.36681608299841173
n1_d2048_r1,1,2048,1,51,0.001,0.012522389173682313,0.5961858481168747,0.40193141700001433
n1_d2048_r1,1,2048,1,52,0.001,0.01198097371525364,0.5955829620361328,0.36783591701532714
n1_d2048_r1,1,2048,1,53,0.001,0.01200076635723235,0.5913247913122177,0.38521112501621246
n1_d2048_r1,1,2048,1,54,0.001,0.012156064032751601,0.5947968363761902,0.39466399999218993
n1_d2048_r1,1,2048,1,55,0.001,0.011648160136246588,0.5902436226606369,0.3932549589953851
n1_d2048_r1,1,2048,1,56,0.001,0.011467392621852923,0.5921270698308945,0.39352333298302256
n1_d2048_r1,1,2048,1,57,0.001,0.011404162178223487,0.5906214267015457,0.39262087500537746
n1_d2048_r1,1,2048,1,58,0.001,0.01147184597357409,0.5885501056909561,0.3906553339911625
n1_d2048_r1,1,2048,1,59,0.001,0.011105311692517716,0.589828759431839,0.4410799579927698
n1_d2048_r1,1,2048,1,60,0.001,0.010571630315098446,0.5886435955762863,0.3957409999857191
n1_d2048_r1,1,2048,1,61,0.001,0.01045990728016477,0.5902224481105804,0.3808004590100609
n1_d2048_r1,1,2048,1,62,0.001,0.01012833585991757,0.5870339870452881,0.36718620802275836
n1_d2048_r1,1,2048,1,63,0.001,0.00997249232386821,0.5869589447975159,0.36407979199429974
n1_d2048_r1,1,2048,1,64,0.001,0.009986465593101457,0.5873321443796158,0.3663530420162715
n1_d2048_r1,1,2048,1,65,0.001,0.010172127553232713,0.585466206073761,0.35905487497802824
n1_d2048_r1,1,2048,1,66,0.001,0.01051815460959915,0.5877016186714172,0.3632944999844767
n1_d2048_r1,1,2048,1,67,0.001,0.01088214691117173,0.5877775996923447,0.406991416006349
n1_d2048_r1,1,2048,1,68,0.001,0.010503663746931124,0.5865041315555573,0.3618536250141915
n1_d2048_r1,1,2048,1,69,0.001,0.010037890941021033,0.5850479304790497,0.3648169170191977
n1_d2048_r1,1,2048,1,70,0.001,0.009684947352070594,0.5865492671728134,0.3708939170173835
n1_d2048_r1,1,2048,1,71,0.001,0.009226843001670204,0.5885049849748611,0.3709382499800995
n1_d2048_r1,1,2048,1,72,0.001,0.008648972630908247,0.5848205983638763,0.36514170799637213
n1_d2048_r1,1,2048,1,73,0.001,0.008517493730323622,0.5851309448480606,0.3675175419775769
n1_d2048_r1,1,2048,1,74,0.001,0.00851920286368113,0.5833041369915009,0.36850774998310953
n1_d2048_r1,1,2048,1,75,0.001,0.008576378928410122,0.5814680010080338,0.4054941249778494
n1_d2048_r1,1,2048,1,76,0.001,0.008670933802932268,0.5831643790006638,0.3609028749924619
n1_d2048_r1,1,2048,1,77,0.001,0.008587640895711957,0.5827755779027939,0.36516991700045764
n1_d2048_r1,1,2048,1,78,0.001,0.008751937308261404,0.5833831280469894,0.36109020799631253
n1_d2048_r1,1,2048,1,79,0.001,0.008985692180431215,0.5828311443328857,0.3628965829848312
n1_d2048_r1,1,2048,1,80,0.001,0.009022349149745423,0.5796391516923904,0.3678447089914698
n1_d2048_r1,1,2048,1,81,0.001,0.009131979080848396,0.584155946969986,0.3662847090163268
n1_d2048_r1,1,2048,1,82,0.001,0.008659091265144525,0.5826030969619751,0.374771958013298
n1_d2048_r1,1,2048,1,83,0.001,0.008009140925423708,0.5826330929994583,0.41208104201359674
n1_d2048_r1,1,2048,1,84,0.001,0.007605146867717849,0.5815988034009933,0.3699604999856092
n1_d2048_r1,1,2048,1,85,0.001,0.0073052216321229935,0.5786560028791428,0.3651711250131484
n1_d2048_r1,1,2048,1,86,0.001,0.0074696174342534505,0.579318106174469,0.3666918329836335
n1_d2048_r1,1,2048,1,87,0.001,0.00747781955942628,0.579636886715889,0.3634667089791037
n1_d2048_r1,1,2048,1,88,0.001,0.007296812102140393,0.5800754874944687,0.3678018329956103
n1_d2048_r1,1,2048,1,89,0.001,0.007221588668471668,0.578493744134903,0.3644752079853788
n1_d2048_r1,1,2048,1,90,0.001,0.007195704794867197,0.5771405100822449,0.36202187501476146
n1_d2048_r1,1,2048,1,91,0.001,0.007065796424285509,0.5795554667711258,0.4362745420075953
n1_d2048_r1,1,2048,1,92,0.001,0.0073732859891606495,0.5795223563909531,0.3633784159901552
n1_d2048_r1,1,2048,1,93,0.001,0.007666889294341672,0.5838020443916321,0.364376582991099
n1_d2048_r1,1,2048,1,94,0.001,0.00763832689699484,0.5789911895990372,0.3760456249874551
n1_d2048_r1,1,2048,1,95,0.001,0.007355456054938259,0.5812241584062576,0.3642042089777533
n1_d2048_r1,1,2048,1,96,0.001,0.007180544271250255,0.5787018686532974,0.3678060839883983
n1_d2048_r1,1,2048,1,97,0.001,0.007030033386399737,0.5771875977516174,0.36546425000415184
n1_d2048_r1,1,2048,1,98,0.001,0.006861499725346221,0.5773058980703354,0.3985978749988135
n1_d2048_r1,1,2048,1,99,0.0005,0.005381882912843139,0.5749306380748749,0.37173454198637046
n1_d2048_r1,1,2048,1,100,0.0005,0.0009372842769153067,0.5756980031728745,0.3626245000050403
n1_d2048_r1,1,2048,1,101,0.0005,0.00022548292133706127,0.5749164372682571,0.36418037497787736
n1_d2048_r1,1,2048,1,102,0.0005,5.663579659653806e-05,0.575318768620491,0.3667207920225337
n1_d2048_r1,1,2048,1,103,0.0005,1.5695561259576607e-05,0.575223982334137,0.3593308749841526
n1_d2048_r1,1,2048,1,104,0.0005,4.84417090262923e-06,0.5752827525138855,0.3684952500043437
n1_d2048_r1,1,2048,1,105,0.0005,1.6964883808867626e-06,0.5752684473991394,0.3661964590137359
n1_d2048_r1,1,2048,1,106,0.0005,7.201050598037995e-07,0.5753066092729568,0.36809875001199543
n1_d2048_r1,1,2048,1,107,0.0005,3.5172814794037777e-07,0.5752762258052826,0.4099812920030672
n1_d2048_r1,1,2048,1,108,0.0005,2.1431897634371921e-07,0.575307622551918,0.36228454200318083
n1_d2048_r1,1,2048,1,109,0.0005,1.6967630744879614e-07,0.5752859860658646,0.36208350001834333
n1_d2048_r1,1,2048,1,110,0.00025,1.4140451781718966e-07,0.5752899199724197,0.36444841700722463
n1_d2048_r1,1,2048,1,111,0.00025,2.3912064953113266e-08,0.5752892047166824,0.3623334580042865
n1_d2048_r1,1,2048,1,112,0.00025,5.6904300160809385e-09,0.5752906799316406,0.3621537910075858
n1_d2048_r1,1,2048,1,113,0.00025,1.4803107316330166e-09,0.5752902179956436,0.3599026660085656
n1_d2048_r1,1,2048,1,114,0.00025,4.1034476532843256e-10,0.5752915441989899,0.396300041989889
n1_d2048_r1,1,2048,1,115,0.00025,1.2623737791856923e-10,0.5752909034490585,0.3729100000055041
n1_d2048_r1,1,2048,1,116,0.00025,4.529538297714207e-11,0.5752910226583481,0.36780725000426173
n1_d2048_r1,1,2048,1,117,0.00025,1.8762576148507234e-11,0.5752909928560257,0.35862399998586625
n1_d2048_r1,1,2048,1,118,0.000125,8.7625263016128e-12,0.5752910226583481,0.366844583011698
n1_d2048_r1,1,2048,1,119,0.000125,1.8763001126959728e-12,0.5752910524606705,0.36139287499827333
n1_d2048_r1,1,2048,1,120,0.000125,8.619738622078397e-13,0.5752910226583481,0.3713919169967994
n1_d2048_r1,1,2048,1,121,0.000125,5.516561714238118e-13,0.5752910673618317,0.36260554200271145
n1_d4096_r1,1,4096,1,1,0.001,0.9743648101575673,0.9235483855009079,0.7777153329807334
n1_d4096_r1,1,4096,1,2,0.001,0.6301646735519171,0.7243013828992844,0.6112316249927972
n1_d4096_r1,1,4096,1,3,0.001,0.18450894008856267,0.6888950318098068,0.5631156669987831
n1_d4096_r1,1,4096,1,4,0.001,0.06730131816584617,0.6667861342430115,0.5798805409867782
n1_d4096_r1,1,4096,1,5,0.001,0.037307924721972086,0.6619401425123215,0.5461247499915771
n1_d4096_r1,1,4096,1,6,0.001,0.025242911346140318,0.6504160910844803,0.5531353749975096
n1_d4096_r1,1,4096,1,7,0.001,0.02109607776219491,0.6555306017398834,0.544636000005994
n1_d4096_r1,1,4096,1,8,0.001,0.0205111451796256,0.6468410789966583,0.5452565840096213
n1_d4096_r1,1,4096,1,9,0.001,0.021563335161772557,0.6520672589540482,0.6027822089963593
n1_d4096_r1,1,4096,1,10,0.001,0.024385464275837876,0.6532163470983505,0.5479624999861699
n1_d4096_r1,1,4096,1,11,0.001,0.026626608974765986,0.6467215716838837,0.5423195409821346
n1_d4096_r1,1,4096,1,12,0.001,0.02896611149481032,0.6529819667339325,0.5775999579927884
n1_d4096_r1,1,4096,1,13,0.001,0.030050723144086078,0.6442831754684448,0.546096292004222
n1_d4096_r1,1,4096,1,14,0.001,0.028358256895444356,0.6454137414693832,0.5469186669797637
n1_d4096_r1,1,4096,1,15,0.001,0.025886591203743592,0.6431412398815155,0.548820958007127
n1_d4096_r1,1,4096,1,16,0.001,0.023240804352099076,0.638979360461235,0.587907292007003
n1_d4096_r1,1,4096,1,17,0.001,0.02141365515126381,0.6405570656061172,0.5520582500030287
n1_d4096_r1,1,4096,1,18,0.001,0.019952244671003427,0.6368012428283691,0.5474523330049124
n1_d4096_r1,1,4096,1,19,0.001,0.019044679240323603,0.6339752078056335,0.546934957994381
n1_d4096_r1,1,4096,1,20,0.001,0.018903396332461853,0.6323606818914413,0.5462976669950876
n1_d4096_r1,1,4096,1,21,0.001,0.01773056500678649,0.6347960531711578,0.5476468329725321
n1_d4096_r1,1,4096,1,22,0.001,0.017318971244094428,0.6293376535177231,0.5502650419948623
n1_d4096_r1,1,4096,1,23,0.001,0.017465945275034755,0.6336100250482559,0.5566273330186959
n1_d4096_r1,1,4096,1,24,0.001,0.018015615845797583,0.6321462094783783,0.5952912920038216
n1_d4096_r1,1,4096,1,25,0.001,0.01899248582776636,0.6293095499277115,0.550956999999471
n1_d4096_r1,1,4096,1,26,0.001,0.01928445692465175,0.629518911242485,0.5551808330055792
n1_d4096_r1,1,4096,1,27,0.001,0.018631571234436706,0.6336882412433624,0.5516729160153773
n1_d4096_r1,1,4096,1,28,0.001,0.01861012349399971,0.6324005722999573,0.5555535000166856
n1_d4096_r1,1,4096,1,29,0.001,0.017725719917507377,0.6225621700286865,0.5523604589980096
n1_d4096_r1,1,4096,1,30,0.001,0.016567532606131863,0.6249198764562607,0.553899167018244
n1_d4096_r1,1,4096,1,31,0.001,0.015887399233179167,0.6236836761236191,0.5869452499900945
n1_d4096_r1,1,4096,1,32,0.001,0.015844018547795713,0.6227652728557587,0.6226737500110175
n1_d4096_r1,1,4096,1,33,0.001,0.015734413434984162,0.6232224255800247,0.5956843750027474
n1_d4096_r1,1,4096,1,34,0.001,0.015189399760856759,0.6179797798395157,0.5849727909953799
n1_d4096_r1,1,4096,1,35,0.001,0.015231215766107198,0.6213030517101288,0.5811500839772634
n1_d4096_r1,1,4096,1,36,0.001,0.015235850354656577,0.617794468998909,0.5563755409966689
n1_d4096_r1,1,4096,1,37,0.001,0.014785564169869758,0.615405410528183,0.5552804579783697
n1_d4096_r1,1,4096,1,38,0.001,0.0143123533562175,0.6187042593955994,0.5549461670161691
n1_d4096_r1,1,4096,1,39,0.001,0.014200682293449063,0.6171651631593704,0.5499677089974284
n1_d4096_r1,1,4096,1,40,0.001,0.013990924475365318,0.6109146177768707,0.5554769579903223
n1_d4096_r1,1,4096,1,41,0.001,0.013863026761100627,0.6130584627389908,0.593985707993852
n1_d4096_r1,1,4096,1,42,0.001,0.012857915658969432,0.6171732246875763,0.5813548340229318
n1_d4096_r1,1,4096,1,43,0.001,0.012269756603927817,0.6138902455568314,0.5497871249972377
n1_d4096_r1,1,4096,1,44,0.001,0.012328884695307352,0.6134127378463745,0.5563656669983175
n1_d4096_r1,1,4096,1,45,0.001,0.012283333686355036,0.6119804233312607,0.5530526250076946
n1_d4096_r1,1,4096,1,46,0.001,0.011828367874841206,0.607434868812561,0.5518596249748953
n1_d4096_r1,1,4096,1,47,0.001,0.011701625888235867,0.6118956506252289,0.558982874994399
n1_d4096_r1,1,4096,1,48,0.001,0.011767743875680026,0.6086768954992294,0.5513609589834232
n1_d4096_r1,1,4096,1,49,0.001,0.011789041411248036,0.607112467288971,0.5927901249960996
n1_d4096_r1,1,4096,1,50,0.001,0.01185427216842072,0.6072661727666855,0.5471990840160288
n1_d4096_r1,1,4096,1,51,0.001,0.011754049621231388,0.6084459275007248,0.5458648329949938
n1_d4096_r1,1,4096,1,52,0.001,0.011343804362695664,0.606105163693428,0.5469125420204364
n1_d4096_r1,1,4096,1,53,0.001,0.010925558155577164,0.6042982041835785,0.5514262079959735
n1_d4096_r1,1,4096,1,54,0.001,0.010583117094938643,0.6036713570356369,0.5476302079914603
n1_d4096_r1,1,4096,1,55,0.001,0.010354520723922178,0.6065801233053207,0.5487052079988644
n1_d4096_r1,1,4096,1,56,0.001,0.010224435878626537,0.6000682860612869,0.5832876249914989
n1_d4096_r1,1,4096,1,57,0.001,0.010264526499668136,0.6036708354949951,0.5484972920094151
n1_d4096_r1,1,4096,1,58,0.001,0.010264735934470082,0.6022165715694427,0.5500929580011871
n1_d4096_r1,1,4096,1,59,0.001,0.01007723671864369,0.6030382066965103,0.5458933750051074
n1_d4096_r1,1,4096,1,60,0.001,0.0096979408262996,0.6023838222026825,0.5495677909930237
n1_d4096_r1,1,4096,1,61,0.001,0.009620620036002947,0.6004422456026077,0.5465156249993015
n1_d4096_r1,1,4096,1,62,0.001,0.009557714427501196,0.5994434058666229,0.5476104170084
n1_d4096_r1,1,4096,1,63,0.001,0.009129385463893414,0.5998564809560776,0.5489413749892265
n1_d4096_r1,1,4096,1,64,0.001,0.008986017401184654,0.5974243581295013,0.5835941660043318
n1_d4096_r1,1,4096,1,65,0.001,0.009217315513524227,0.6007630527019501,0.5465727920236532
n1_d4096_r1,1,4096,1,66,0.001,0.00894922806037357,0.5983258783817291,0.5457024580100551
n1_d4096_r1,1,4096,1,67,0.001,0.008482822213409236,0.5966738760471344,0.5505406250013039
n1_d4096_r1,1,4096,1,68,0.001,0.00863222126281471,0.5994225293397903,0.5430397910240572
n1_d4096_r1,1,4096,1,69,0.001,0.008455798993963981,0.5967458039522171,0.5424414589942899
n1_d4096_r1,1,4096,1,70,0.001,0.00802633673811215,0.5965361595153809,0.5501699580054265
n1_d4096_r1,1,4096,1,71,0.001,0.007810948831320275,0.5976540893316269,0.5483327500114683
n1_d4096_r1,1,4096,1,72,0.001,0.00781362352790893,0.5918578654527664,0.5888725830009207
n1_d4096_r1,1,4096,1,73,0.001,0.008004960207472323,0.5960945039987564,0.5461228749772999
n1_d4096_r1,1,4096,1,74,0.001,0.008059607367613353,0.5950487405061722,0.5590607499761973
n1_d4096_r1,1,4096,1,75,0.001,0.008151789268595167,0.5950402468442917,0.5605261249875184
n1_d4096_r1,1,4096,1,76,0.001,0.007954346630867803,0.5943000614643097,0.5484631669824012
n1_d4096_r1,1,4096,1,77,0.001,0.007783944231050555,0.5934831351041794,0.5458043749968056
n1_d4096_r1,1,4096,1,78,0.001,0.0074828565811912995,0.5916721373796463,0.5482114999904297
n1_d4096_r1,1,4096,1,79,0.001,0.007221386480523506,0.5903672575950623,0.5505075000110082
n1_d4096_r1,1,4096,1,80,0.001,0.007090923558280338,0.5937102884054184,0.5940599169989582
n1_d4096_r1,1,4096,1,81,0.001,0.006890184526127996,0.5935764014720917,0.5577635420195293
n1_d4096_r1,1,4096,1,82,0.001,0.006806407596741337,0.5908252149820328,0.5600398749811575
n1_d4096_r1,1,4096,1,83,0.001,0.006717074997141026,0.5926122665405273,0.5533455830009189
n1_d4096_r1,1,4096,1,84,0.001,0.006650629726209445,0.5881635546684265,0.5588896250119433
n1_d4096_r1,1,4096,1,85,0.001,0.0065731970316846855,0.5901582539081573,0.5603467499895487
n1_d4096_r1,1,4096,1,86,0.001,0.006549966048623901,0.5910290330648422,0.5480601669987664
n1_d4096_r1,1,4096,1,87,0.001,0.006629951800277922,0.590119257569313,0.5532585000037216
n1_d4096_r1,1,4096,1,88,0.001,0.006667349654890131,0.5890942960977554,0.5914992080070078
n1_d4096_r1,1,4096,1,89,0.001,0.006644577650149586,0.5891995280981064,0.5547193750098813
n1_d4096_r1,1,4096,1,90,0.001,0.006662326621153625,0.5922207087278366,0.5482060840004124
n1_d4096_r1,1,4096,1,91,0.001,0.006479011324699968,0.5894236415624619,0.5491663329885341
n1_d4096_r1,1,4096,1,92,0.001,0.006106247634306783,0.5882115364074707,0.5530662499950267
n1_d4096_r1,1,4096,1,93,0.0005,0.005039531168222311,0.586497113108635,0.5468319999927189
n1_d4096_r1,1,4096,1,94,0.0005,0.0007411067745124456,0.5855142921209335,0.5514432499767281
n1_d4096_r1,1,4096,1,95,0.0005,0.00014222887688219998,0.585860937833786,0.5516500830126461
n1_d4096_r1,1,4096,1,96,0.0005,2.9807893739075553e-05,0.5859678238630295,0.5921607080090325
n1_d4096_r1,1,4096,1,97,0.0005,7.334421933791191e-06,0.5860540121793747,0.5439453329890966
n1_d4096_r1,1,4096,1,98,0.0005,2.3157120923045227e-06,0.586048424243927,0.546826667006826
n1_d4096_r1,1,4096,1,99,0.0005,1.2789241186084155e-06,0.5860471129417419,0.5474763339734636
n1_d4096_r1,1,4096,1,100,0.0005,7.449189920460952e-07,0.586069256067276,0.5461566669982858
n1_d4096_r1,1,4096,1,101,0.0005,6.9182251383193e-07,0.5860489159822464,0.5496801249973942
n1_d4096_r1,1,4096,1,102,0.0005,9.74877149007014e-07,0.5860769599676132,0.5449183750024531
n1_d4096_r1,1,4096,1,103,0.00025,1.5275648150847587e-06,0.5860531032085419,0.586037708009826
n1_d4096_r1,1,4096,1,104,0.00025,2.429765995071165e-07,0.5860505402088165,0.5495326250093058
n1_d4096_r1,1,4096,1,105,0.00025,6.880396885566853e-08,0.5860491693019867,0.5697486249846406
n1_d4096_r1,1,4096,1,106,0.00025,2.7684444577069645e-08,0.5860526114702225,0.5537940000067465
n1_d4096_r1,1,4096,1,107,0.00025,1.7992862484661476e-08,0.5860472917556763,0.5522360000177287
n1_d4096_r1,1,4096,1,108,0.00025,1.32153980345745e-08,0.5860506296157837,0.5454813750111498
n1_d4096_r1,1,4096,1,109,0.00025,1.2902956907784313e-08,0.5860492885112762,0.5463694159989245
n1_d4096_r1,1,4096,1,110,0.00025,1.7214624940808942e-08,0.5860534012317657,0.549691583000822
n1_d4096_r1,1,4096,1,111,0.000125,2.7695907966335254e-08,0.5860475152730942,0.5478690000018105
n1_d4096_r1,1,4096,1,112,0.000125,3.964883662707641e-09,0.5860520154237747,0.5874114579928573
n1_d4096_r1,1,4096,1,113,0.000125,1.0742861385627106e-09,0.5860500186681747,0.543687957979273
n1_d4096_r1,1,4096,1,114,0.000125,4.152090912301447e-10,0.5860509872436523,0.5483859999803826
n1_d64_r2,1,64,2,1,0.001,1.0061705657280982,0.8793091475963593,0.25207945800502785
n1_d64_r2,1,64,2,2,0.001,0.8094765120185912,0.7324454039335251,0.24378537500160746
n1_d64_r2,1,64,2,3,0.001,0.6633783746510744,0.6133649349212646,0.24416645901510492
n1_d64_r2,1,64,2,4,0.001,0.5799241301137954,0.5723927170038223,0.2445651669986546
n1_d64_r2,1,64,2,5,0.001,0.5502402719575912,0.555057168006897,0.24601937498664483
n1_d64_r2,1,64,2,6,0.001,0.5328011950477958,0.5420614778995514,0.24433266697451472
n1_d64_r2,1,64,2,7,0.001,0.5212112707085907,0.5335167646408081,0.24497504200553522
n1_d64_r2,1,64,2,8,0.001,0.5134581627789885,0.5294177234172821,0.2448052079998888
n1_d64_r2,1,64,2,9,0.001,0.507687458069995,0.5248064547777176,0.2833665829966776
n1_d64_r2,1,64,2,10,0.001,0.5041749065276235,0.5220449715852737,0.24299262498971075
n1_d64_r2,1,64,2,11,0.001,0.5015949225053191,0.5210288688540459,0.24607454100623727
n1_d64_r2,1,64,2,12,0.001,0.4997638426721096,0.5200777724385262,0.24384237499907613
n1_d64_r2,1,64,2,13,0.001,0.49805730674415827,0.51973457634449,0.24374995799735188
n1_d64_r2,1,64,2,14,0.001,0.49714621994644403,0.5197454690933228,0.24309299999731593
n1_d64_r2,1,64,2,15,0.001,0.49605843517929316,0.5176747515797615,0.24205408402485773
n1_d64_r2,1,64,2,16,0.001,0.4957507939543575,0.5176593214273453,0.2787465000001248
n1_d64_r2,1,64,2,17,0.001,0.4949367439839989,0.518364243209362,0.2475738750072196
n1_d64_r2,1,64,2,18,0.001,0.49442912405356765,0.5182744488120079,0.24247608301811852
n1_d64_r2,1,64,2,19,0.001,0.49397012311965227,0.5172905474901199,0.24156374999438412
n1_d64_r2,1,64,2,20,0.001,0.4934992012567818,0.5183017179369926,0.24318304201005958
n1_d64_r2,1,64,2,21,0.001,0.49320678249932826,0.518456757068634,0.24297591700451449
n1_d64_r2,1,64,2,22,0.001,0.4929932791274041,0.518040731549263,0.28934945902437903
n1_d64_r2,1,64,2,23,0.001,0.49257288593798876,0.5181924849748611,0.2965560000156984
n1_d64_r2,1,64,2,24,0.001,0.49224659614264965,0.5183667242527008,0.28249229199718684
n1_d64_r2,1,64,2,25,0.001,0.49206197052262723,0.5173224583268166,0.25593000001390465
n1_d64_r2,1,64,2,26,0.001,0.49185083503834903,0.5179182812571526,0.24303520898683928
n1_d64_r2,1,64,2,27,0.001,0.49167456780560315,0.5176852717995644,0.24361629100167193
n1_d64_r2,1,64,2,28,0.0005,0.4902480684686452,0.5177833586931229,0.24336754198884591
n1_d64_r2,1,64,2,29,0.0005,0.4900567897129804,0.5173715427517891,0.2429521250014659
n1_d64_r2,1,64,2,30,0.0005,0.48983028484508395,0.5178894549608231,0.24349295801948756
n1_d64_r2,1,64,2,31,0.0005,0.48976612254045904,0.5178206264972687,0.24617920801392756
n1_d64_r2,1,64,2,32,0.0005,0.48967377934604883,0.5173199027776718,0.27898545798962004
n1_d64_r2,1,64,2,33,0.0005,0.48958744504489005,0.5178965926170349,0.24306708402582444
n1_d64_r2,1,64,2,34,0.0005,0.48944789660163224,0.5175550132989883,0.24191512499237433
n1_d64_r2,1,64,2,35,0.0005,0.4892424996942282,0.5177058428525925,0.2435481249995064
n1_d64_r2,1,64,2,36,0.00025,0.4886218411847949,0.5177730619907379,0.24153804199886508
n1_d64_r2,1,64,2,37,0.00025,0.4884949950501323,0.5177747532725334,0.24110616600955836
n1_d64_r2,1,64,2,38,0.00025,0.4884704970754683,0.5179460495710373,0.2524010829802137
n1_d64_r2,1,64,2,39,0.00025,0.4883805413264781,0.517840251326561,0.26011179099441506
n1_d128_r2,1,128,2,1,0.001,0.9883933383971453,0.8359551131725311,0.3122764580184594
n1_d128_r2,1,128,2,2,0.001,0.7476170822046697,0.6629964858293533,0.2638056249998044
n1_d128_r2,1,128,2,3,0.001,0.6071644672192633,0.5884271115064621,0.2789211249910295
n1_d128_r2,1,128,2,4,0.001,0.5563222100026906,0.5662236511707306,0.29355349999968894
n1_d128_r2,1,128,2,5,0.001,0.5326093910261989,0.5528564453125,0.27227120799943805
n1_d128_r2,1,128,2,6,0.001,0.5169180603697896,0.5429211854934692,0.2786827920062933
n1_d128_r2,1,128,2,7,0.001,0.5061186798848212,0.5375202298164368,0.26912866698694415
n1_d128_r2,1,128,2,8,0.001,0.49876420572400093,0.5353729575872421,0.8075492089847103
n1_d128_r2,1,128,2,9,0.001,0.4933135062456131,0.5332082659006119,1.1302309169841465
n1_d128_r2,1,128,2,10,0.001,0.48968457034789026,0.5309247374534607,1.0305420419899747
n1_d128_r2,1,128,2,11,0.001,0.48655510833486915,0.5297217667102814,1.207793000008678
n1_d128_r2,1,128,2,12,0.001,0.4839607225731015,0.5311281681060791,1.0367899159900844
n1_d128_r2,1,128,2,13,0.001,0.4820212225895375,0.5310038626194,0.8203071670141071
n1_d128_r2,1,128,2,14,0.001,0.4803457213565707,0.5288413912057877,0.34258616701117717
n1_d128_r2,1,128,2,15,0.001,0.4785140878520906,0.5309685170650482,0.30812849997892044
n1_d128_r2,1,128,2,16,0.001,0.47746998723596334,0.5310071855783463,0.39542987500317395
n1_d128_r2,1,128,2,17,0.001,0.47602903144434094,0.5306640416383743,0.3257226670102682
n1_d128_r2,1,128,2,18,0.001,0.4749341565184295,0.5324680507183075,0.27891912500490434
n1_d128_r2,1,128,2,19,0.001,0.47384473611600697,0.5320329368114471,0.2710722499759868
n1_d128_r2,1,128,2,20,0.001,0.47328616701997817,0.5342272818088531,0.2663942079816479
n1_d128_r2,1,128,2,21,0.001,0.4721338553354144,0.5318899899721146,0.26669562500319444
n1_d128_r2,1,128,2,22,0.001,0.47120660194195807,0.5314059108495712,0.2914175000041723
n1_d128_r2,1,128,2,23,0.0005,0.4673667864408344,0.5333590060472488,0.27446512499591336
n1_d128_r2,1,128,2,24,0.0005,0.4666195425670594,0.5331767350435257,0.3065339579770807
n1_d128_r2,1,128,2,25,0.0005,0.4661971181631088,0.5345921963453293,0.2837902079918422
n1_d128_r2,1,128,2,26,0.0005,0.466007259208709,0.5352760851383209,0.296830624982249
n1_d128_r2,1,128,2,27,0.0005,0.4653185121715069,0.5354984402656555,0.4472272499988321
n1_d128_r2,1,128,2,28,0.0005,0.46520737488754094,0.5364335924386978,0.3987947500136215
n1_d128_r2,1,128,2,29,0.0005,0.4648298043757677,0.5364003628492355,0.3417647079913877
n1_d128_r2,1,128,2,30,0.0005,0.46423768857493997,0.5361754447221756,0.32218087499495596
n1_d128_r2,1,128,2,31,0.00025,0.4623142883647233,0.5361951589584351,0.3037639170070179
n1_d128_r2,1,128,2,32,0.00025,0.462050522910431,0.5367609262466431,0.2994897500029765
n1_d128_r2,1,128,2,33,0.00025,0.4619057350791991,0.5368438214063644,0.2729211249970831
n1_d128_r2,1,128,2,34,0.00025,0.4616834265179932,0.5368630588054657,0.31443141598720104
n1_d256_r2,1,256,2,1,0.001,0.9650053209625185,0.792732372879982,0.37002637499244884
n1_d256_r2,1,256,2,2,0.001,0.6764112147502601,0.6068364530801773,0.3173204170016106
n1_d256_r2,1,256,2,3,0.001,0.5502032097429037,0.573274165391922,0.30541712502599694
n1_d256_r2,1,256,2,4,0.001,0.5129373176023364,0.5590926110744476,0.3241077499988023
n1_d256_r2,1,256,2,5,0.001,0.49130190652795136,0.5509165823459625,0.26206224999623373
n1_d256_r2,1,256,2,6,0.001,0.476385350106284,0.5530916452407837,0.31162616598885506
n1_d256_r2,1,256,2,7,0.001,0.4649112978950143,0.550951674580574,0.2663930410053581
n1_d256_r2,1,256,2,8,0.001,0.45552900270558894,0.5534021109342575,0.2731982500117738
n1_d256_r2,1,256,2,9,0.001,0.44710589619353414,0.5537591427564621,0.26802962497458793
n1_d256_r2,1,256,2,10,0.001,0.4406767764594406,0.5555184334516525,0.29321945799165405
n1_d256_r2,1,256,2,11,0.001,0.4346958165988326,0.5598361045122147,0.26565308298449963
n1_d256_r2,1,256,2,12,0.001,0.428616302087903,0.5664558410644531,0.37349362499662675
n1_d256_r2,1,256,2,13,0.001,0.42412790283560753,0.5715173333883286,0.27448758398531936
n1_d256_r2,1,256,2,14,0.0005,0.4108230632264167,0.5706315487623215,0.3712111249915324
n1_d256_r2,1,256,2,15,0.0005,0.4073223911691457,0.5727492421865463,0.33043854200514033
n1_d256_r2,1,256,2,16,0.0005,0.40467818547040224,0.5762963145971298,0.28277037502266467
n1_d256_r2,1,256,2,17,0.0005,0.40199654223397374,0.5796447098255157,0.32594291600980796
n1_d256_r2,1,256,2,18,0.0005,0.400110965128988,0.5841522812843323,0.3102362500212621
n1_d256_r2,1,256,2,19,0.0005,0.39778747013770044,0.5866023302078247,0.2670017910131719
n1_d256_r2,1,256,2,20,0.0005,0.3955027423799038,0.5895002633333206,0.27223650002270006
n1_d256_r2,1,256,2,21,0.0005,0.39307696442119777,0.5931702554225922,0.3419799589901231
n1_d256_r2,1,256,2,22,0.00025,0.3866682085208595,0.5945100337266922,0.3933042499993462
n1_d256_r2,1,256,2,23,0.00025,0.38485969323664904,0.5961972773075104,0.7899702909926418
n1_d256_r2,1,256,2,24,0.00025,0.38381847832351923,0.5978480279445648,0.32114966699737124
n1_d256_r2,1,256,2,25,0.00025,0.3828681572340429,0.5997254699468613,0.39467216600314714
n1_d512_r2,1,512,2,1,0.001,1.0073336949571967,0.851486325263977,0.39481608298956417
n1_d512_r2,1,512,2,2,0.001,0.656337003223598,0.6427569538354874,0.34990583299077116
n1_d512_r2,1,512,2,3,0.001,0.4979270868934691,0.6220450401306152,0.3739833750005346
n1_d512_r2,1,512,2,4,0.001,0.4321907975245267,0.6243913918733597,0.39612750001833774
n1_d512_r2,1,512,2,5,0.001,0.39083796343766153,0.6272299885749817,0.36972762501682155
n1_d512_r2,1,512,2,6,0.001,0.3568231472745538,0.6439744234085083,0.371920792007586
n1_d512_r2,1,512,2,7,0.001,0.3276803409680724,0.6664246618747711,0.37080070801312104
n1_d512_r2,1,512,2,8,0.001,0.30032398097682744,0.6815182119607925,0.388010041002417
n1_d512_r2,1,512,2,9,0.001,0.27624441334046423,0.7015615552663803,0.374903332995018
n1_d512_r2,1,512,2,10,0.001,0.25518872134853154,0.7282867133617401,0.3608335000171792
n1_d512_r2,1,512,2,11,0.001,0.2363110228907317,0.7580392807722092,0.37235220801085234
n1_d512_r2,1,512,2,12,0.0005,0.19862281158566475,0.7618970572948456,0.44137062499066815
n1_d512_r2,1,512,2,13,0.0005,0.18549674411769956,0.7833857238292694,0.3640252079931088
n1_d512_r2,1,512,2,14,0.0005,0.17729150759987533,0.7961672693490982,0.3640776249812916
n1_d512_r2,1,512,2,15,0.0005,0.16945538902655244,0.8121333718299866,0.3912309579900466
n1_d512_r2,1,512,2,16,0.0005,0.16282217798288912,0.8245995938777924,0.4252031670184806
n1_d512_r2,1,512,2,17,0.0005,0.15617241914151236,0.8474164009094238,0.34744241600856185
n1_d512_r2,1,512,2,18,0.0005,0.1505322806769982,0.8563451766967773,0.3715996659884695
n1_d512_r2,1,512,2,19,0.0005,0.14464414562098682,0.8712232410907745,0.3819376660103444
n1_d512_r2,1,512,2,20,0.00025,0.12836299871560186,0.8753781169652939,0.43072504102019593
n1_d512_r2,1,512,2,21,0.00025,0.12402615154860541,0.8862544745206833,0.5430955000047106
n1_d512_r2,1,512,2,22,0.00025,0.12149257736746222,0.8936881721019745,0.413845584000228
n1_d512_r2,1,512,2,23,0.00025,0.11910898989299312,0.9033421576023102,0.3921469170018099
n1_d1024_r2,1,1024,2,1,0.001,0.9233052926138043,0.7684973329305649,0.39760320901405066
n1_d1024_r2,1,1024,2,2,0.001,0.5260251658037305,0.6579387038946152,0.3493333749938756
n1_d1024_r2,1,1024,2,3,0.001,0.3425520348828286,0.667848527431488,0.35874416699516587
n1_d1024_r2,1,1024,2,4,0.001,0.2340286688413471,0.6973439306020737,0.4577692919992842
n1_d1024_r2,1,1024,2,5,0.001,0.15375486365519464,0.7397948950529099,0.3655305840075016
n1_d1024_r2,1,1024,2,6,0.001,0.09873197617707774,0.7784441560506821,0.33779491699533537
n1_d1024_r2,1,1024,2,7,0.001,0.06226357212290168,0.8052013069391251,0.343227500008652
n1_d1024_r2,1,1024,2,8,0.001,0.04153250284434762,0.8071539998054504,0.40988079100498
n1_d1024_r2,1,1024,2,9,0.001,0.028894885515910573,0.8117423206567764,0.35472483301418833
n1_d1024_r2,1,1024,2,10,0.001,0.022355189255904406,0.8205573707818985,0.39234470899100415
n1_d1024_r2,1,1024,2,11,0.0005,0.014168337867886294,0.8124696463346481,0.41993366699898615
n1_d1024_r2,1,1024,2,12,0.0005,0.00483389667897427,0.815373033285141,0.5000050830130931
n1_d1024_r2,1,1024,2,13,0.0005,0.002419464613922173,0.8192601948976517,0.42704558398691006
n1_d1024_r2,1,1024,2,14,0.0005,0.0013968892417324241,0.8222013711929321,0.4177588750026189
n1_d1024_r2,1,1024,2,15,0.0005,0.00090348731555423,0.8231212943792343,0.370278500020504
n1_d1024_r2,1,1024,2,16,0.0005,0.0006147745305042918,0.8262444287538528,0.3648788330028765
n1_d1024_r2,1,1024,2,17,0.0005,0.0004413566789480683,0.8268458694219589,0.3514299590024166
n1_d1024_r2,1,1024,2,18,0.0005,0.00033430984490223636,0.8275854736566544,0.5146917499951087
n1_d1024_r2,1,1024,2,19,0.00025,0.00021671183969829144,0.828051432967186,0.5271458749775775
n1_d1024_r2,1,1024,2,20,0.00025,9.372310054800437e-05,0.8282421678304672,0.39395249998779036
n1_d1024_r2,1,1024,2,21,0.00025,6.102585102496505e-05,0.8286123126745224,0.4900170409819111
n1_d1024_r2,1,1024,2,22,0.00025,4.5447008147903034e-05,0.8287986814975739,0.5132922079937998
n1_d2048_r2,1,2048,2,1,0.001,0.9618293903768063,0.8241464793682098,0.9365355829941109
n1_d2048_r2,1,2048,2,2,0.001,0.4035171354189515,0.7354384660720825,0.5159606660017744
n1_d2048_r2,1,2048,2,3,0.001,0.15671422460582107,0.7326188236474991,0.6835219160129782
n1_d2048_r2,1,2048,2,4,0.001,0.06305546656949446,0.7174756526947021,0.45202295799390413
n1_d2048_r2,1,2048,2,5,0.001,0.039350795617792755,0.7153236865997314,0.4711423339904286
n1_d2048_r2,1,2048,2,6,0.001,0.03382603294448927,0.710102379322052,0.42917062499327585
n1_d2048_r2,1,2048,2,7,0.001,0.03366480676049832,0.7014182657003403,0.40413766700658016
n1_d2048_r2,1,2048,2,8,0.001,0.033785839099437,0.6973480731248856,0.4074262920184992
n1_d2048_r2,1,2048,2,9,0.001,0.03367747964512091,0.6938049346208572,0.47515549999661744
n1_d2048_r2,1,2048,2,10,0.001,0.03323591948719695,0.6893528401851654,0.5042367079877295
n1_d2048_r2,1,2048,2,11,0.001,0.03115216613514349,0.683909609913826,0.4699310830037575
n1_d2048_r2,1,2048,2,12,0.001,0.02887084694521036,0.681684747338295,0.49286979099269956
n1_d2048_r2,1,2048,2,13,0.001,0.02670537451922428,0.6720970124006271,0.4452716250088997
n1_d2048_r2,1,2048,2,14,0.001,0.025641863758210093,0.6726014316082001,0.4261651669803541
n1_d2048_r2,1,2048,2,15,0.001,0.02434561782865785,0.6671101748943329,0.49074979199212976
n1_d2048_r2,1,2048,2,16,0.001,0.023265749536221847,0.667389452457428,0.49806054201326333
n1_d2048_r2,1,2048,2,17,0.001,0.022968732635490596,0.6639388203620911,0.5531181250116788
n1_d2048_r2,1,2048,2,18,0.001,0.023234636493725702,0.6617375910282135,0.41521220799768344
n1_d2048_r2,1,2048,2,19,0.001,0.022880484626512043,0.66301129758358,0.42915608300245367
n1_d2048_r2,1,2048,2,20,0.001,0.02230926167976577,0.6551472544670105,0.7328660420025699
n1_d2048_r2,1,2048,2,21,0.001,0.021520599533687346,0.6545867472887039,0.48598504200344905
n1_d2048_r2,1,2048,2,22,0.001,0.021059697624878027,0.6510716825723648,0.42928895898512565
n1_d2048_r2,1,2048,2,23,0.001,0.02069432927237358,0.6511897891759872,0.40009712500614114
n1_d2048_r2,1,2048,2,24,0.001,0.02030543383443728,0.6475540846586227,0.4253288329928182
n1_d2048_r2,1,2048,2,25,0.001,0.020253058901289478,0.6462443768978119,0.39672191700083204
n1_d2048_r2,1,2048,2,26,0.001,0.02019456719426671,0.6449177712202072,0.42205112500232644
n1_d2048_r2,1,2048,2,27,0.001,0.019681017925904598,0.6453864276409149,0.45549074999871664
n1_d2048_r2,1,2048,2,28,0.001,0.018878249713452533,0.6391663551330566,0.5134251249837689
n1_d2048_r2,1,2048,2,29,0.001,0.019022343411052134,0.6434764713048935,1.2635117919999175
n1_d2048_r2,1,2048,2,30,0.001,0.01887566378718475,0.6352612227201462,0.9540147079969756
n1_d2048_r2,1,2048,2,31,0.001,0.01779202761099441,0.6449796855449677,0.6254995409981348
n1_d2048_r2,1,2048,2,32,0.001,0.0170710633174167,0.6360825151205063,0.6475730829988606
n1_d2048_r2,1,2048,2,33,0.001,0.017212137230671942,0.6381499320268631,0.4397611250169575
n1_d2048_r2,1,2048,2,34,0.001,0.017061589845980052,0.6382170766592026,0.5148719580029137
n1_d2048_r2,1,2048,2,35,0.001,0.016849913758051116,0.6346336752176285,0.6341774159809574
n1_d2048_r2,1,2048,2,36,0.001,0.01686839509784477,0.6357080787420273,0.6768025829805993
n1_d2048_r2,1,2048,2,37,0.001,0.016886435536434874,0.6333317160606384,0.674604208994424
n1_d2048_r2,1,2048,2,38,0.001,0.016216060321312398,0.6312620341777802,0.58709554199595
n1_d2048_r2,1,2048,2,39,0.001,0.015406760889163706,0.6319371312856674,0.7322376669908408
n1_d2048_r2,1,2048,2,40,0.001,0.014833476816420443,0.6303824037313461,0.5182518750079907
n1_d2048_r2,1,2048,2,41,0.001,0.014374822632817086,0.6309677809476852,0.5914900000207126
n1_d2048_r2,1,2048,2,42,0.001,0.014484260645986069,0.6304877698421478,0.4792848750075791
n1_d2048_r2,1,2048,2,43,0.001,0.014988798859121744,0.6279256492853165,0.42445979101466946
n1_d2048_r2,1,2048,2,44,0.001,0.015471013699425384,0.6302183419466019,0.6772006250103004
n1_d2048_r2,1,2048,2,45,0.001,0.015209720586426556,0.6235593408346176,0.7709220830001868
n1_d2048_r2,1,2048,2,46,0.001,0.014878201749525033,0.6276987940073013,0.5018530420202296
n1_d2048_r2,1,2048,2,47,0.001,0.013895765943743754,0.6255332976579666,0.47307966600055806
n1_d2048_r2,1,2048,2,48,0.001,0.01294826316734543,0.6270740032196045,0.464317916019354
n1_d2048_r2,1,2048,2,49,0.001,0.01235265975992661,0.6223502457141876,0.6485227080120239
n1_d2048_r2,1,2048,2,50,0.001,0.012424950684362557,0.622949630022049,0.7623404159967322
n1_d2048_r2,1,2048,2,51,0.001,0.012454068870283663,0.6199967563152313,0.5194925410032738
n1_d2048_r2,1,2048,2,52,0.001,0.012419450351444539,0.6213654726743698,0.5671840410213917
n1_d2048_r2,1,2048,2,53,0.001,0.012413356984325219,0.6208522766828537,0.652943499997491
n1_d2048_r2,1,2048,2,54,0.001,0.012280721064598765,0.6189029067754745,0.4873227920033969
n1_d2048_r2,1,2048,2,55,0.001,0.012269633865798824,0.6187203824520111,0.501126082992414
n1_d2048_r2,1,2048,2,56,0.001,0.012323688482865691,0.6215024888515472,0.44919225000194274
n1_d2048_r2,1,2048,2,57,0.001,0.012107739268685691,0.6226310878992081,0.4728030420083087
n1_d2048_r2,1,2048,2,58,0.001,0.011676515961880796,0.6205622851848602,0.5184394170064479
n1_d2048_r2,1,2048,2,59,0.001,0.011320981036988087,0.6187441051006317,0.3835041250276845
n1_d2048_r2,1,2048,2,60,0.001,0.010994657270202879,0.6189160048961639,0.4587424169876613
n1_d2048_r2,1,2048,2,61,0.001,0.010878659413720015,0.6198131889104843,0.40698829101165757
n1_d2048_r2,1,2048,2,62,0.001,0.010951231102808379,0.6171878129243851,0.38161641597980633
n1_d2048_r2,1,2048,2,63,0.001,0.010800093412399292,0.6186282932758331,0.3794870839919895
n1_d2048_r2,1,2048,2,64,0.001,0.010711977833125275,0.6159027516841888,0.3802060839952901
n1_d2048_r2,1,2048,2,65,0.001,0.01063951724790968,0.6156361848115921,0.3881237500172574
n1_d2048_r2,1,2048,2,66,0.001,0.01061469974956708,0.616070032119751,0.37116566600161605
n1_d2048_r2,1,2048,2,67,0.001,0.010322425936465152,0.6130620837211609,0.38051595800789073
n1_d2048_r2,1,2048,2,68,0.001,0.010057976589450845,0.6208841502666473,0.434164458012674
n1_d2048_r2,1,2048,2,69,0.001,0.009906612653139746,0.61359903216362,0.37689658300951123
n1_d2048_r2,1,2048,2,70,0.001,0.009592317219357938,0.6143750846385956,0.3891261249955278
n1_d2048_r2,1,2048,2,71,0.001,0.00938272171333665,0.6137763112783432,0.3795807909918949
n1_d2048_r2,1,2048,2,72,0.001,0.009108889284107136,0.6129285991191864,0.3793746249866672
n1_d2048_r2,1,2048,2,73,0.001,0.009263055319024716,0.6151183396577835,0.3939017080119811
n1_d2048_r2,1,2048,2,74,0.001,0.00982786764143384,0.6133537292480469,0.3663002079993021
n1_d2048_r2,1,2048,2,75,0.001,0.009803077307878993,0.6123134642839432,0.380071166990092
n1_d2048_r2,1,2048,2,76,0.001,0.00922845781678916,0.6132239103317261,0.43760237499373034
n1_d2048_r2,1,2048,2,77,0.001,0.008826725770632038,0.6135310232639313,0.37637345801340416
n1_d2048_r2,1,2048,2,78,0.001,0.008670638089824934,0.612286776304245,0.3962499169865623
n1_d2048_r2,1,2048,2,79,0.001,0.00910796747848508,0.611479789018631,0.37235291601973586
n1_d2048_r2,1,2048,2,80,0.001,0.009023831084050471,0.6106723845005035,0.37801583399414085
n1_d2048_r2,1,2048,2,81,0.001,0.008454903312667739,0.6111119091510773,0.3965226669970434
n1_d2048_r2,1,2048,2,82,0.001,0.008079707706201589,0.6097482293844223,0.39460333398892544
n1_d2048_r2,1,2048,2,83,0.001,0.008230910392740043,0.6073282808065414,0.47488616599002853
n1_d2048_r2,1,2048,2,84,0.001,0.008236416153522441,0.6124608218669891,0.4670725420000963
n1_d2048_r2,1,2048,2,85,0.001,0.00833066574705299,0.6102066189050674,0.41936050000367686
n1_d2048_r2,1,2048,2,86,0.001,0.008577201755542774,0.6134533584117889,0.43202708300668746
n1_d2048_r2,1,2048,2,87,0.001,0.008286390995635884,0.6090662181377411,0.4022029170009773
n1_d2048_r2,1,2048,2,88,0.001,0.008010580204427242,0.61099012196064,0.4009617079864256
n1_d2048_r2,1,2048,2,89,0.001,0.007535599157563411,0.608342632651329,0.3872691249998752
n1_d2048_r2,1,2048,2,90,0.001,0.007419250636303332,0.6067523807287216,0.3936506249883678
n1_d2048_r2,1,2048,2,91,0.001,0.007329683154239319,0.6097902059555054,0.391716667014407
n1_d2048_r2,1,2048,2,92,0.001,0.007140195637475699,0.6073300838470459,0.4263568750175182
n1_d2048_r2,1,2048,2,93,0.001,0.00706041155353887,0.6081146895885468,0.3899612080131192
n1_d2048_r2,1,2048,2,94,0.001,0.007346772301389137,0.6061379015445709,0.4127444580080919
n1_d2048_r2,1,2048,2,95,0.001,0.007362596104940167,0.6113160401582718,0.39422849999391474
n1_d2048_r2,1,2048,2,96,0.001,0.0072043214458972216,0.6092962622642517,0.385411875002319
n1_d2048_r2,1,2048,2,97,0.001,0.0069824973652430344,0.6082500964403152,0.3861443329951726
n1_d2048_r2,1,2048,2,98,0.001,0.006821074632171076,0.6051459610462189,0.40378508300636895
n1_d2048_r2,1,2048,2,99,0.001,0.0068702172065968625,0.6090464442968369,0.3777836670051329
n1_d2048_r2,1,2048,2,100,0.001,0.006879909735289402,0.6083223223686218,0.4507088329992257
n1_d2048_r2,1,2048,2,101,0.001,0.006799960268836003,0.6063259094953537,0.3861785829940345
n1_d2048_r2,1,2048,2,102,0.001,0.006664670512691373,0.6065009534358978,0.3838638750021346
n1_d2048_r2,1,2048,2,103,0.001,0.006643238531978568,0.6071028113365173,0.45490437498665415
n1_d2048_r2,1,2048,2,104,0.001,0.006526430013764184,0.6035716384649277,0.3885688750015106
n1_d2048_r2,1,2048,2,105,0.001,0.006719673576299101,0.6074999868869781,0.3989443329919595
n1_d2048_r2,1,2048,2,106,0.001,0.006869542285130592,0.6057900190353394,0.3839159579947591
n1_d2048_r2,1,2048,2,107,0.001,0.006705272178805899,0.6086451262235641,0.4283835419919342
n1_d2048_r2,1,2048,2,108,0.001,0.006303697467956226,0.603825181722641,0.40578229099628516
n1_d2048_r2,1,2048,2,109,0.001,0.005941672843619017,0.6075923591852188,0.3924045419844333
n1_d2048_r2,1,2048,2,110,0.001,0.006025097489327891,0.6052524149417877,0.3901677919784561
n1_d2048_r2,1,2048,2,111,0.001,0.006307557505351724,0.6045514792203903,0.3840024590026587
n1_d2048_r2,1,2048,2,112,0.001,0.006124343217379646,0.6055967658758163,0.3909955420240294
n1_d2048_r2,1,2048,2,113,0.0005,0.004837080756260548,0.6032626032829285,0.3967882919823751
n1_d2048_r2,1,2048,2,114,0.0005,0.0009004636585814296,0.6019935309886932,0.37950408400502056
n1_d2048_r2,1,2048,2,115,0.0005,0.00022766373206195567,0.6018830090761185,0.40085091601940803
n1_d2048_r2,1,2048,2,116,0.0005,6.182136939969496e-05,0.6017001420259476,0.44520025001838803
n1_d2048_r2,1,2048,2,117,0.0005,1.774444465496572e-05,0.6016569286584854,0.38661841599969193
n1_d2048_r2,1,2048,2,118,0.0005,5.346843810372093e-06,0.6017294526100159,0.402290958998492
n1_d2048_r2,1,2048,2,119,0.0005,1.8902527276765113e-06,0.6016606688499451,0.4078480410098564
n1_d2048_r2,1,2048,2,120,0.0005,7.62742933702043e-07,0.6017167121171951,0.5654959999956191
n1_d2048_r2,1,2048,2,121,0.0005,3.655686053871676e-07,0.601691946387291,0.44497937499545515
n1_d2048_r2,1,2048,2,122,0.0005,2.1908476399712384e-07,0.6017163991928101,0.4764212919981219
n1_d2048_r2,1,2048,2,123,0.0005,1.653381042077129e-07,0.6017207950353622,0.4969687080010772
n1_d2048_r2,1,2048,2,124,0.0005,1.5475314418811337e-07,0.6016978770494461,0.40501233300892636
n1_d2048_r2,1,2048,2,125,0.0005,1.8829925418906157e-07,0.6017176508903503,0.38119333298527636
n1_d2048_r2,1,2048,2,126,0.00025,2.2164393376211677e-07,0.6017139703035355,0.389590374979889
n1_d2048_r2,1,2048,2,127,0.00025,4.4500937407265795e-08,0.6017045825719833,0.4019352500035893
n1_d2048_r2,1,2048,2,128,0.00025,1.2623828753166588e-08,0.601707249879837,0.38511512498371303
n1_d2048_r2,1,2048,2,129,0.00025,3.885757687838165e-09,0.6017095893621445,0.404247625003336
n1_d2048_r2,1,2048,2,130,0.00025,1.3726940816666255e-09,0.6017081439495087,0.3872023339790758
n1_d2048_r2,1,2048,2,131,0.00025,5.806871966780591e-10,0.6017085909843445,0.4254946250002831
n1_d2048_r2,1,2048,2,132,0.00025,2.954902472880605e-10,0.6017083078622818,0.4095847500138916
n1_d2048_r2,1,2048,2,133,0.00025,2.0774952526510237e-10,0.6017084270715714,0.3910544169775676
n1_d2048_r2,1,2048,2,134,0.000125,1.5251041618827288e-10,0.6017083674669266,0.39088133300538175
n1_d2048_r2,1,2048,2,135,0.000125,2.608079252780851e-11,0.6017083823680878,0.3884940420102794
n1_d2048_r2,1,2048,2,136,0.000125,6.209168714534389e-12,0.6017083078622818,0.38729212500038557
n1_d2048_r2,1,2048,2,137,0.000125,1.706467847684503e-12,0.6017083525657654,0.3900785830046516
n1_d4096_r2,1,4096,2,1,0.001,0.9771738443523645,0.9005473554134369,0.6372757499921136
n1_d4096_r2,1,4096,2,2,0.001,0.4842475226614624,0.8072397857904434,0.6372252499859314
n1_d4096_r2,1,4096,2,3,0.001,0.1837647301144898,0.7643639892339706,0.5840844580088742
n1_d4096_r2,1,4096,2,4,0.001,0.0760017893917393,0.7297436743974686,0.5760977080208249
n1_d4096_r2,1,4096,2,5,0.001,0.03761732632119674,0.7251361906528473,0.6436079580162186
n1_d4096_r2,1,4096,2,6,0.001,0.023914485733257607,0.7132994830608368,0.5680137079907581
n1_d4096_r2,1,4096,2,7,0.001,0.018697777377383318,0.7136858701705933,0.5899786670051981
n1_d4096_r2,1,4096,2,8,0.001,0.01829386495955987,0.7128482758998871,0.5730344589974266
n1_d4096_r2,1,4096,2,9,0.001,0.020468176306167152,0.7137754112482071,0.5751760840066709
n1_d4096_r2,1,4096,2,10,0.001,0.023129860943299718,0.7093428671360016,0.6312100409995764
n1_d4096_r2,1,4096,2,11,0.001,0.02531253562483471,0.71307073533535,0.5704547080094926
n1_d4096_r2,1,4096,2,12,0.001,0.026816606550710276,0.7062554061412811,0.5875288329843897
n1_d4096_r2,1,4096,2,13,0.001,0.027262304298346862,0.7034056782722473,0.5844720830209553
n1_d4096_r2,1,4096,2,14,0.001,0.02651653987413738,0.7041421830654144,0.5784854159865063
n1_d4096_r2,1,4096,2,15,0.001,0.0248379183904035,0.7090199291706085,0.574452625005506
n1_d4096_r2,1,4096,2,16,0.001,0.02342840076016728,0.6971500366926193,0.5695961670135148
n1_d4096_r2,1,4096,2,17,0.001,0.021461693846504204,0.700141504406929,0.579206583002815
n1_d4096_r2,1,4096,2,18,0.001,0.019851125558489002,0.6935417205095291,0.6226484169892501
n1_d4096_r2,1,4096,2,19,0.001,0.018895639463153202,0.699601948261261,0.6366114169941284
n1_d4096_r2,1,4096,2,20,0.001,0.017924264058819972,0.6897687464952469,0.6898170829808805
n1_d4096_r2,1,4096,2,21,0.001,0.01802080521156313,0.695976197719574,0.6224893749749754
n1_d4096_r2,1,4096,2,22,0.001,0.017391280249285046,0.6898894011974335,0.6222367080044933
n1_d4096_r2,1,4096,2,23,0.001,0.0175369826683891,0.6878447383642197,0.6351410409843083
n1_d4096_r2,1,4096,2,24,0.001,0.018167045927839354,0.683284729719162,0.58945433300687
n1_d4096_r2,1,4096,2,25,0.001,0.018285964615643024,0.6813112646341324,0.6629179169831332
n1_d4096_r2,1,4096,2,26,0.001,0.018302732874872163,0.6822839081287384,0.7004090000118595
n1_d4096_r2,1,4096,2,27,0.001,0.018333883628656622,0.6834932267665863,0.601655166974524
n1_d4096_r2,1,4096,2,28,0.001,0.018644791896804236,0.6815078258514404,0.5840091250138357
n1_d4096_r2,1,4096,2,29,0.001,0.018393883357930463,0.6767148375511169,0.565135583980009
n1_d4096_r2,1,4096,2,30,0.001,0.017555534264829475,0.6765474230051041,0.5852674999914598
n1_d4096_r2,1,4096,2,31,0.001,0.016705659312719945,0.6795931905508041,0.580734291987028
n1_d4096_r2,1,4096,2,32,0.001,0.015956218645442277,0.6719553768634796,0.557110041991109
n1_d4096_r2,1,4096,2,33,0.001,0.01589525146118831,0.6705466210842133,0.6329000839905348
n1_d4096_r2,1,4096,2,34,0.001,0.015256347440299578,0.6716114729642868,0.6222622499917634
n1_d4096_r2,1,4096,2,35,0.001,0.014431392577535007,0.6692992448806763,0.5870376249949913
n1_d4096_r2,1,4096,2,36,0.001,0.014060977788176388,0.6704367101192474,0.5785080000059679
n1_d4096_r2,1,4096,2,37,0.001,0.013799089159874711,0.6696347594261169,0.5581631659879349
n1_d4096_r2,1,4096,2,38,0.001,0.013306062326591928,0.6697389483451843,0.5668505409848876
n1_d4096_r2,1,4096,2,39,0.001,0.013223594760347623,0.6672064960002899,0.5786870829761028
n1_d4096_r2,1,4096,2,40,0.001,0.013459727022564039,0.6707003116607666,0.5971206660033204
n1_d4096_r2,1,4096,2,41,0.001,0.013025427637330722,0.6599704325199127,0.5789042090182193
n1_d4096_r2,1,4096,2,42,0.001,0.012661642576858867,0.6657935380935669,0.641690207994543
n1_d4096_r2,1,4096,2,43,0.001,0.012894898223748896,0.6621923595666885,0.5850310839887243
n1_d4096_r2,1,4096,2,44,0.001,0.012964428220584523,0.6632480472326279,0.5660714579862542
n1_d4096_r2,1,4096,2,45,0.001,0.012790769105777144,0.6606561541557312,0.5787644159863703
n1_d4096_r2,1,4096,2,46,0.001,0.012598036431882065,0.6595602482557297,0.5654677909915335
n1_d4096_r2,1,4096,2,47,0.001,0.012900525609438773,0.662583589553833,0.5765696250018664
n1_d4096_r2,1,4096,2,48,0.001,0.012955574442457873,0.6576820611953735,0.5743751669942867
n1_d4096_r2,1,4096,2,49,0.001,0.012577167522977106,0.6642952710390091,0.6199582089902833
n1_d4096_r2,1,4096,2,50,0.001,0.011972727603279054,0.6535652577877045,0.5806564160156995
n1_d4096_r2,1,4096,2,51,0.001,0.01105569522769656,0.6570126116275787,0.5815549999824725
n1_d4096_r2,1,4096,2,52,0.001,0.010553487027209485,0.6533685773611069,0.5863409589801449
n1_d4096_r2,1,4096,2,53,0.001,0.010284897180099506,0.6584358960390091,0.557446874998277
n1_d4096_r2,1,4096,2,54,0.001,0.009764772254129639,0.6547598391771317,0.5680940829915926
n1_d4096_r2,1,4096,2,55,0.001,0.009454942650336307,0.6560419052839279,0.5827099999878556
n1_d4096_r2,1,4096,2,56,0.001,0.009258672780561028,0.653877317905426,0.5566107080085203
n1_d4096_r2,1,4096,2,57,0.001,0.009217571881890763,0.6543397605419159,0.6175490420137066
n1_d4096_r2,1,4096,2,58,0.001,0.009377010206662817,0.6536630243062973,0.5701124170154799
n1_d4096_r2,1,4096,2,59,0.001,0.009556558907206636,0.6559780538082123,0.5618809580046218
n1_d4096_r2,1,4096,2,60,0.001,0.009631380751670804,0.6543996185064316,0.5693694590008818
n1_d4096_r2,1,4096,2,61,0.0005,0.00820347558328649,0.6486827880144119,0.5674139170150738
n1_d4096_r2,1,4096,2,62,0.0005,0.0011690152837218193,0.6483349502086639,0.5997467080014758
n1_d4096_r2,1,4096,2,63,0.0005,0.0002379323705099523,0.6478714346885681,0.5858734590001404
n1_d4096_r2,1,4096,2,64,0.0005,5.753239827299694e-05,0.6478759944438934,0.5723724580020644
n1_d4096_r2,1,4096,2,65,0.0005,2.245973433900872e-05,0.6478610038757324,0.6032597499724943
n1_d4096_r2,1,4096,2,66,0.0005,1.5665883122295554e-05,0.6478216797113419,0.5798606669995934
n1_d4096_r2,1,4096,2,67,0.0005,1.5928178921598146e-05,0.6478659510612488,0.5825060000061058
n1_d4096_r2,1,4096,2,68,0.0005,2.150532053946108e-05,0.6477464437484741,0.5753757079946809
n1_d4096_r2,1,4096,2,69,0.0005,3.099793742933343e-05,0.6479166150093079,0.5780425420089159
n1_d4096_r2,1,4096,2,70,0.0005,3.6364122735221827e-05,0.6476307660341263,0.5656896669825073
n1_d4096_r2,1,4096,2,71,0.0005,4.836498463589578e-05,0.647708997130394,0.5933199170103762
n1_d4096_r2,1,4096,2,72,0.0005,7.902474098386847e-05,0.6476754993200302,0.579249082977185
n1_d4096_r2,1,4096,2,73,0.0005,0.0001304916619346841,0.6472737640142441,0.569292083993787
n1_d4096_r2,1,4096,2,74,0.0005,0.00027237638380483986,0.6479781866073608,0.6172302500053775
n1_d4096_r2,1,4096,2,75,0.0005,0.0006499210537640465,0.648711547255516,0.5712430420098826
n1_d4096_r2,1,4096,2,76,0.0005,0.0015482246590181603,0.6474559009075165,0.5860454999783542
n1_d4096_r2,1,4096,2,77,0.0005,0.0035302339911140734,0.6497530192136765,0.5992100840085186
n1_d4096_r2,1,4096,2,78,0.0005,0.0068233911333663855,0.6491545885801315,0.5824523750052322
n1_d4096_r2,1,4096,2,79,0.0005,0.0093134253329481,0.6490755975246429,0.5736522919905838
n1_d4096_r2,1,4096,2,80,0.0005,0.008786021677224198,0.6530179977416992,0.5683936249988619
n1_d4096_r2,1,4096,2,81,0.0005,0.006084906082833186,0.647667646408081,0.6251763329782989
n1_d4096_r2,1,4096,2,82,0.00025,0.00333934406262415,0.6479883939027786,0.5677933749975637
n1_d4096_r2,1,4096,2,83,0.00025,0.00044654682778855204,0.6470231264829636,0.5801885829714593
n1_d4096_r2,1,4096,2,84,0.00025,8.439974777729731e-05,0.646966889500618,0.5824440830037929
n1_d4096_r2,1,4096,2,85,0.00025,1.8168516064065443e-05,0.6470150649547577,0.5667569999932311
n1_d4096_r2,1,4096,2,86,0.00025,4.938558745948285e-06,0.6469971835613251,0.574287000024924
n1_d4096_r2,1,4096,2,87,0.00025,2.120876683608941e-06,0.646915465593338,0.5678092080052011
n1_d4096_r2,1,4096,2,88,0.00025,1.0815147499787514e-06,0.6469891369342804,0.5790945840126369
n1_d4096_r2,1,4096,2,89,0.00025,1.28548517985827e-06,0.6469328552484512,0.61101808300009
n1_d4096_r2,1,4096,2,90,0.00025,1.5575012206614502e-06,0.6469518691301346,0.5944004159828182
n1_d4096_r2,1,4096,2,91,0.00025,1.8333958249350246e-06,0.6469075977802277,0.593824624986155
n1_d4096_r2,1,4096,2,92,0.00025,2.130398573108039e-06,0.6469932198524475,0.5669148750021122
n1_d4096_r2,1,4096,2,93,0.00025,3.837222967817411e-06,0.646841824054718,0.6156332090031356
n1_d4096_r2,1,4096,2,94,0.00025,7.211514730265378e-06,0.6470910906791687,0.5722298749897163
n1_d4096_r2,1,4096,2,95,0.00025,1.1660587595940797e-05,0.6468323916196823,0.5774630410014652
n1_d4096_r2,1,4096,2,96,0.00025,2.0525663238402103e-05,0.6469870209693909,0.586895916989306
n1_d4096_r2,1,4096,2,97,0.00025,4.892936858880148e-05,0.6467113196849823,0.6137462909973692
n1_d4096_r2,1,4096,2,98,0.00025,0.00012792859280352786,0.6474050730466843,0.6176472079823725
n1_d4096_r2,1,4096,2,99,0.00025,0.0002651481472639716,0.6463412493467331,0.6470836249936838
n1_d4096_r2,1,4096,2,100,0.00025,0.000648457152010451,0.6466411054134369,0.668216082995059
n1_d4096_r2,1,4096,2,101,0.00025,0.0014797935355090885,0.6493967622518539,0.635854666994419
n1_d4096_r2,1,4096,2,102,0.00025,0.002548138420934265,0.6482741683721542,0.7316490840166807
n1_d4096_r2,1,4096,2,103,0.00025,0.002839017599399085,0.6443206816911697,0.6117522499989718
n1_d4096_r2,1,4096,2,104,0.00025,0.002150806418285356,0.6478895992040634,0.7706369160150643
n1_d4096_r2,1,4096,2,105,0.00025,0.0013060490618954645,0.6452546715736389,0.6754307499795686
n1_d4096_r2,1,4096,2,106,0.00025,0.0007467214932148636,0.6449296772480011,0.6006172079942189
n1_d4096_r2,1,4096,2,107,0.00025,0.000474508644629168,0.6450174748897552,0.615447457996197
n1_d4096_r2,1,4096,2,108,0.00025,0.00035176588869489933,0.6451694816350937,0.6085197079810314
n1_d4096_r2,1,4096,2,109,0.00025,0.0003012312965893216,0.6461065262556076,0.588360833004117
n1_d4096_r2,1,4096,2,110,0.00025,0.00030988514492946706,0.6444930136203766,0.5931908330239821
n1_d4096_r2,1,4096,2,111,0.00025,0.0003711565855155641,0.6449704468250275,0.5961433330085129
n1_d4096_r2,1,4096,2,112,0.000125,0.00040961655031424016,0.6450036615133286,0.5909159159928095
n1_d4096_r2,1,4096,2,113,0.000125,4.895339461086223e-05,0.6449197828769684,0.6265539169835392
n1_d4096_r2,1,4096,2,114,0.000125,9.340792551881805e-06,0.6448764950037003,0.583536207996076
n1_d4096_r2,1,4096,2,115,0.000125,2.0916630427691985e-06,0.6448799669742584,0.5834599590161815
n1_d4096_r2,1,4096,2,116,0.000125,5.668935412206366e-07,0.6448889374732971,0.6132684579933994
n1_d4096_r2,1,4096,2,117,0.000125,1.8807975527002085e-07,0.6448663026094437,0.6248921669903211
n1_d4096_r2,1,4096,2,118,0.000125,9.486054300400504e-08,0.6448989659547806,0.5845366250141524
n1_d4096_r2,1,4096,2,119,0.000125,7.561428547186999e-08,0.6448665261268616,0.5901669170125388
n1_d4096_r2,1,4096,2,120,6.25e-05,7.923610174931373e-08,0.6448854058980942,0.6201468330109492
n1_d4096_r2,1,4096,2,121,6.25e-05,1.1425135879039594e-08,0.6448764950037003,0.7926255000056699
n1_d4096_r2,1,4096,2,122,6.25e-05,2.7399815766965263e-09,0.6448816508054733,0.6928763340110891
n1_d4096_r2,1,4096,2,123,6.25e-05,8.930397856756964e-10,0.6448794305324554,0.6173315000196453
n1_d64_r3,1,64,3,1,0.001,1.0389230134896934,0.9265971779823303,0.2830460419936571
n1_d64_r3,1,64,3,2,0.001,0.8633251693099737,0.8005428314208984,0.251515499985544
n1_d64_r3,1,64,3,3,0.001,0.7227128632366657,0.6640334576368332,0.2504950000147801
n1_d64_r3,1,64,3,4,0.001,0.6138283994514495,0.5938886553049088,0.2523838749912102
n1_d64_r3,1,64,3,5,0.001,0.565730516333133,0.5646844208240509,0.250141042022733
n1_d64_r3,1,64,3,6,0.001,0.540094498777762,0.5457082539796829,0.24896704201819375
n1_d64_r3,1,64,3,7,0.001,0.5246737254783511,0.5361657291650772,0.2514804159873165
n1_d64_r3,1,64,3,8,0.001,0.5158201418817043,0.5285001844167709,0.25206624998827465
n1_d64_r3,1,64,3,9,0.001,0.5107025592587888,0.5239938199520111,0.29140583402477205
n1_d64_r3,1,64,3,10,0.001,0.5074072128627449,0.52265265583992,0.24895058400579728
n1_d64_r3,1,64,3,11,0.001,0.5055495959240943,0.5214275866746902,0.2537179999926593
n1_d64_r3,1,64,3,12,0.001,0.5039228145033121,0.5213307589292526,0.25380741598200984
n1_d64_r3,1,64,3,13,0.001,0.5030400096438825,0.5201676487922668,0.25002233299892396
n1_d64_r3,1,64,3,14,0.001,0.5022025746293366,0.5203903764486313,0.24772979199769907
n1_d64_r3,1,64,3,15,0.001,0.5016337318811566,0.519831970334053,0.24999620800372213
n1_d64_r3,1,64,3,16,0.001,0.5009190174750984,0.520260289311409,0.2866142080165446
n1_d64_r3,1,64,3,17,0.001,0.5009110721293837,0.5203403532505035,0.2528030829853378
n1_d64_r3,1,64,3,18,0.001,0.49993887660093606,0.5209266245365143,0.24858804201357998
n1_d64_r3,1,64,3,19,0.001,0.5001288973726332,0.5200863629579544,0.25071383302565664
n1_d64_r3,1,64,3,20,0.001,0.4996652309782803,0.5205914080142975,0.24867712502600625
n1_d64_r3,1,64,3,21,0.001,0.4990223525092006,0.5217004120349884,0.24843074998352677
n1_d64_r3,1,64,3,22,0.001,0.4989038617350161,0.5227104723453522,0.24877154201385565
n1_d64_r3,1,64,3,23,0.001,0.4988562213256955,0.5213002562522888,0.2527099580038339
n1_d64_r3,1,64,3,24,0.0005,0.4971791533753276,0.520942285656929,0.28796320798574015
n1_d64_r3,1,64,3,25,0.0005,0.4969528482761234,0.5216801464557648,0.24759687497862615
n1_d64_r3,1,64,3,26,0.0005,0.49660823377780616,0.5213848799467087,0.24636162500246428
n1_d64_r3,1,64,3,27,0.0005,0.49656664300709963,0.521598145365715,0.24903612499474548
n1_d64_r3,1,64,3,28,0.0005,0.49644140992313623,0.5211735218763351,0.24761737501830794
n1_d64_r3,1,64,3,29,0.0005,0.4963867818005383,0.5215102583169937,0.24841145798563957
n1_d64_r3,1,64,3,30,0.0005,0.49624914419837296,0.5214259922504425,0.24915537500055507
n1_d64_r3,1,64,3,31,0.0005,0.4960077533032745,0.5215725004673004,0.24939566699322313
n1_d64_r3,1,64,3,32,0.00025,0.49523511878214777,0.5215255618095398,0.2953668750124052
n1_d64_r3,1,64,3,33,0.00025,0.49510131659917533,0.5214667320251465,0.2580266250006389
n1_d64_r3,1,64,3,34,0.00025,0.4950581509619951,0.5214592218399048,0.24723750000703149
n1_d64_r3,1,64,3,35,0.00025,0.4949823059141636,0.5215954035520554,0.25054308300605044
n1_d128_r3,1,128,3,1,0.001,1.0197944194078445,0.905410572886467,0.25941229102318175
n1_d128_r3,1,128,3,2,0.001,0.7768246964551508,0.6930381655693054,0.26300195898511447
n1_d128_r3,1,128,3,3,0.001,0.6019544908776879,0.593085989356041,0.2792425840161741
n1_d128_r3,1,128,3,4,0.001,0.5488656235393137,0.5681923776865005,0.3096714580024127
n1_d128_r3,1,128,3,5,0.001,0.5284975823014975,0.5531248152256012,0.26748825001413934
n1_d128_r3,1,128,3,6,0.001,0.5160028615500778,0.5448094457387924,0.2570903339947108
n1_d128_r3,1,128,3,7,0.001,0.5078457877971232,0.5379687696695328,0.26166820802609436
n1_d128_r3,1,128,3,8,0.001,0.5014967822935432,0.5352823138237,0.2598710830206983
n1_d128_r3,1,128,3,9,0.001,0.49755478906445205,0.5327283442020416,0.2561419169942383
n1_d128_r3,1,128,3,10,0.001,0.4943481183145195,0.5299535840749741,0.2560355419991538
n1_d128_r3,1,128,3,11,0.001,0.4916367360856384,0.5291820615530014,0.257214582990855
n1_d128_r3,1,128,3,12,0.001,0.4902189658023417,0.5301458984613419,0.2930830419936683
n1_d128_r3,1,128,3,13,0.001,0.48826903966255486,0.527927964925766,0.26207199998316355
n1_d128_r3,1,128,3,14,0.001,0.486465762834996,0.5290336906909943,0.25715258400305174
n1_d128_r3,1,128,3,15,0.001,0.485098659992218,0.528617799282074,0.26292120898142457
n1_d128_r3,1,128,3,16,0.001,0.48385992436669767,0.526902511715889,0.2558170419943053
n1_d128_r3,1,128,3,17,0.001,0.4826507391408086,0.5295242518186569,0.25502229199628346
n1_d128_r3,1,128,3,18,0.001,0.48178487620316446,0.529558926820755,0.25595429199165665
n1_d128_r3,1,128,3,19,0.001,0.47987417061813176,0.5308062732219696,0.26079720800044015
n1_d128_r3,1,128,3,20,0.001,0.47940985090099275,0.5306470990180969,0.2966969159897417
n1_d128_r3,1,128,3,21,0.001,0.47812982532195747,0.5310845971107483,0.2613287499989383
n1_d128_r3,1,128,3,22,0.001,0.4769952914211899,0.5314834117889404,0.2596198329993058
n1_d128_r3,1,128,3,23,0.001,0.4766609841026366,0.5316189229488373,0.28554916600114666
n1_d128_r3,1,128,3,24,0.001,0.47568853851407766,0.5322250425815582,0.2607839170086663
n1_d128_r3,1,128,3,25,0.0005,0.4716697169933468,0.5325905382633209,0.2558734999911394
n1_d128_r3,1,128,3,26,0.0005,0.47105964086949825,0.5328654050827026,0.2641744999855291
n1_d128_r3,1,128,3,27,0.0005,0.4707120009697974,0.5332377701997757,0.2572295420104638
n1_d128_r3,1,128,3,28,0.0005,0.4702474931254983,0.5342376083135605,0.29505641700234264
n1_d128_r3,1,128,3,29,0.0005,0.4699002376291901,0.5349386781454086,0.26306200001272373
n1_d128_r3,1,128,3,30,0.0005,0.4695685445331037,0.5347667634487152,0.25942820802447386
n1_d128_r3,1,128,3,31,0.0005,0.46928911935538054,0.535431444644928,0.25767000002088025
n1_d128_r3,1,128,3,32,0.0005,0.4689279461745173,0.5357008129358292,0.2559759170108009
n1_d128_r3,1,128,3,33,0.00025,0.46690592309460044,0.5359955877065659,0.26165974998730235
n1_d128_r3,1,128,3,34,0.00025,0.46659471304155886,0.536249116063118,0.27047104100347497
n1_d128_r3,1,128,3,35,0.00025,0.46642733574844897,0.5366479009389877,0.264372125006048
n1_d128_r3,1,128,3,36,0.00025,0.4662488184403628,0.5370019674301147,0.2927203750004992
n1_d256_r3,1,256,3,1,0.001,0.9477215181104839,0.8019408285617828,0.26883733400609344
n1_d256_r3,1,256,3,2,0.001,0.6711896881461143,0.6379358768463135,0.2663417500152718
n1_d256_r3,1,256,3,3,0.001,0.5580369760282338,0.5972494184970856,0.2615362500073388
n1_d256_r3,1,256,3,4,0.001,0.5199052335228771,0.5801552385091782,0.26397541697951965
n1_d256_r3,1,256,3,5,0.001,0.4971096182707697,0.5743723958730698,0.26702083298005164
n1_d256_r3,1,256,3,6,0.001,0.48090517125092447,0.5687546283006668,0.2631990830122959
n1_d256_r3,1,256,3,7,0.001,0.46895243506878614,0.5709239691495895,0.26247487499495037
n1_d256_r3,1,256,3,8,0.001,0.4598069714847952,0.565669521689415,0.3057826249860227
n1_d256_r3,1,256,3,9,0.001,0.4513680608943105,0.5701510310173035,0.2734739999868907
n1_d256_r3,1,256,3,10,0.001,0.44507455406710505,0.571272999048233,0.2675462909974158
n1_d256_r3,1,256,3,11,0.001,0.43867498519830406,0.573956698179245,0.2633999999961816
n1_d256_r3,1,256,3,12,0.001,0.43276070384308696,0.5799860209226608,0.2639695830002893
n1_d256_r3,1,256,3,13,0.001,0.42771933344192803,0.5803340077400208,0.2653400829876773
n1_d256_r3,1,256,3,14,0.001,0.4227257678285241,0.5835794508457184,0.2619305000116583
n1_d256_r3,1,256,3,15,0.001,0.41908040922135115,0.5836088061332703,0.2644602920045145
n1_d256_r3,1,256,3,16,0.001,0.4146826972719282,0.5922204256057739,0.30854649998946115
n1_d256_r3,1,256,3,17,0.0005,0.4021194491069764,0.5932076126337051,0.26341341601801105
n1_d256_r3,1,256,3,18,0.0005,0.39889080123975873,0.5987125188112259,0.26632933400105685
n1_d256_r3,1,256,3,19,0.0005,0.39699810510501266,0.5977780371904373,0.2611332499946002
n1_d256_r3,1,256,3,20,0.0005,0.3949638460762799,0.6051666736602783,0.2654922920046374
n1_d256_r3,1,256,3,21,0.0005,0.39330605883151293,0.6035184264183044,0.26631358297890984
n1_d256_r3,1,256,3,22,0.0005,0.3916656351648271,0.6065137088298798,0.26472062498214655
n1_d256_r3,1,256,3,23,0.0005,0.38966929633170366,0.6083692759275436,0.26123554102377966
n1_d256_r3,1,256,3,24,0.0005,0.3885898992884904,0.6112388968467712,0.3071449999988545
n1_d256_r3,1,256,3,25,0.00025,0.38152084266766906,0.6133295297622681,0.26540912498603575
n1_d256_r3,1,256,3,26,0.00025,0.3802737407386303,0.6152355819940567,0.2797979160095565
n1_d256_r3,1,256,3,27,0.00025,0.3793819302227348,0.6164327412843704,0.2686923329893034
n1_d256_r3,1,256,3,28,0.00025,0.37870257953181863,0.6174329519271851,0.26208812498953193
n1_d512_r3,1,512,3,1,0.001,1.1405683890916407,0.9012622684240341,0.32502962500439025
n1_d512_r3,1,512,3,2,0.001,0.7048247940838337,0.6759014576673508,0.32628058301634155
n1_d512_r3,1,512,3,3,0.001,0.5252127891872078,0.63327556848526,0.37050762501894496
n1_d512_r3,1,512,3,4,0.001,0.45325660053640604,0.6243422031402588,0.3275544159987476
n1_d512_r3,1,512,3,5,0.001,0.4072680287063122,0.6220495104789734,0.34819379198597744
n1_d512_r3,1,512,3,6,0.001,0.3737778870854527,0.6323651224374771,0.32014145801076666
n1_d512_r3,1,512,3,7,0.001,0.3440597248263657,0.6411620229482651,0.31874962500296533
n1_d512_r3,1,512,3,8,0.001,0.31810710148420185,0.6638020724058151,0.33990420802729204
n1_d512_r3,1,512,3,9,0.001,0.2950526983477175,0.6858421564102173,0.3339120000018738
n1_d512_r3,1,512,3,10,0.001,0.27185630227904767,0.7086950391530991,0.32235537498490885
n1_d512_r3,1,512,3,11,0.001,0.25232140626758337,0.7236307114362717,0.36884162499336526
n1_d512_r3,1,512,3,12,0.001,0.2346716276369989,0.7556002140045166,0.32565991699812
n1_d512_r3,1,512,3,13,0.001,0.21854534605517983,0.765399232506752,0.3348806249850895
n1_d512_r3,1,512,3,14,0.0005,0.18254133441951126,0.7766306549310684,0.32949391700094566
n1_d512_r3,1,512,3,15,0.0005,0.17070931929629296,0.7958096861839294,0.3233541669906117
n1_d512_r3,1,512,3,16,0.0005,0.1628061425872147,0.8106595277786255,0.32749229099135846
n1_d512_r3,1,512,3,17,0.0005,0.1562621789635159,0.8251575082540512,0.3293985420023091
n1_d512_r3,1,512,3,18,0.0005,0.15069677302381024,0.8392748236656189,0.32744625001214445
n1_d512_r3,1,512,3,19,0.0005,0.14514187490567565,0.8501014858484268,0.37580591699224897
n1_d512_r3,1,512,3,20,0.0005,0.1399936593370512,0.860004648566246,0.3434883750160225
n1_d512_r3,1,512,3,21,0.0005,0.134925844729878,0.8719167709350586,0.347020084009273
n1_d512_r3,1,512,3,22,0.00025,0.11959923029644415,0.8780113011598587,0.33112662500934675
n1_d512_r3,1,512,3,23,0.00025,0.11568624369101599,0.8873999118804932,0.32633899999200366
n1_d512_r3,1,512,3,24,0.00025,0.1132105813594535,0.895702987909317,0.3801683750061784
n1_d512_r3,1,512,3,25,0.00025,0.11129136150702834,0.9023024886846542,0.3525214999972377
n1_d1024_r3,1,1024,3,1,0.001,0.9638571757823229,0.7969940006732941,0.4009707079967484
n1_d1024_r3,1,1024,3,2,0.001,0.5453592743724585,0.6592001914978027,0.35183837500517257
n1_d1024_r3,1,1024,3,3,0.001,0.3496331376954913,0.671319305896759,0.3519312919816002
n1_d1024_r3,1,1024,3,4,0.001,0.23778251896146685,0.7197757065296173,0.3548433340038173
n1_d1024_r3,1,1024,3,5,0.001,0.15686245658434927,0.7545521557331085,0.3882379170099739
n1_d1024_r3,1,1024,3,6,0.001,0.09842860890785232,0.7809007465839386,0.3691164170159027
n1_d1024_r3,1,1024,3,7,0.001,0.06284784420859069,0.813467800617218,0.3530351250083186
n1_d1024_r3,1,1024,3,8,0.001,0.04123555312980898,0.8193297386169434,0.3429887499951292
n1_d1024_r3,1,1024,3,9,0.001,0.029592128936201334,0.829219788312912,0.40022920799674466
n1_d1024_r3,1,1024,3,10,0.001,0.02317181667604018,0.8279374092817307,0.3584740420046728
n1_d1024_r3,1,1024,3,11,0.0005,0.014662402260000817,0.8238130658864975,0.3749188329966273
n1_d1024_r3,1,1024,3,12,0.0005,0.004906031428618007,0.8291995078325272,0.3562757909821812
n1_d1024_r3,1,1024,3,13,0.0005,0.0024338784605788533,0.8319004774093628,0.34760062501300126
n1_d1024_r3,1,1024,3,14,0.0005,0.0014408101915250882,0.8332850486040115,0.33921812498010695
n1_d1024_r3,1,1024,3,15,0.0005,0.0009329542717750883,0.8348718881607056,0.37124591699102893
n1_d1024_r3,1,1024,3,16,0.0005,0.0006485696051186096,0.8376702964305878,0.34573574998648837
n1_d1024_r3,1,1024,3,17,0.0005,0.00047457090136049374,0.8385618180036545,0.3994038749951869
n1_d1024_r3,1,1024,3,18,0.0005,0.00038071006440532074,0.8391614854335785,0.34702712498256005
n1_d1024_r3,1,1024,3,19,0.00025,0.0002621308993866478,0.8395187258720398,0.34704270798829384
n1_d1024_r3,1,1024,3,20,0.00025,0.00013607065889686965,0.8399280905723572,0.3526870409841649
n1_d1024_r3,1,1024,3,21,0.00025,0.00010014952604819882,0.8399967849254608,0.36052275000838563
n1_d1024_r3,1,1024,3,22,0.00025,8.29809202400611e-05,0.8402933329343796,0.3510726669919677
n1_d2048_r3,1,2048,3,1,0.001,0.9536307705566287,0.8121457695960999,0.4401316670118831
n1_d2048_r3,1,2048,3,2,0.001,0.4080979861319065,0.7311782985925674,0.4432091669877991
n1_d2048_r3,1,2048,3,3,0.001,0.15412309858947992,0.7202008068561554,0.3941815839789342
n1_d2048_r3,1,2048,3,4,0.001,0.06298443139530718,0.7101516425609589,0.3951499579998199
n1_d2048_r3,1,2048,3,5,0.001,0.0395342394040199,0.7022981494665146,0.427014707995113
n1_d2048_r3,1,2048,3,6,0.001,0.03323013201588765,0.7024079859256744,0.43415491600171663
n1_d2048_r3,1,2048,3,7,0.001,0.032578872865997255,0.6970942169427872,0.449035208002897
n1_d2048_r3,1,2048,3,8,0.001,0.033854264562251046,0.6902690827846527,0.4155805409827735
n1_d2048_r3,1,2048,3,9,0.001,0.03468718864314724,0.6918465346097946,0.40403583299485035
n1_d2048_r3,1,2048,3,10,0.001,0.03433305851649493,0.6881363540887833,0.45364495800458826
n1_d2048_r3,1,2048,3,11,0.001,0.03238317143404856,0.6837907582521439,0.40864554201834835
n1_d2048_r3,1,2048,3,12,0.001,0.029534869667259045,0.6830736100673676,0.43234045899589546
n1_d2048_r3,1,2048,3,13,0.001,0.02744875282223802,0.6743174046278,0.42088191700167954
n1_d2048_r3,1,2048,3,14,0.001,0.02561750225140713,0.6719801425933838,0.4282658750016708
n1_d2048_r3,1,2048,3,15,0.001,0.023838513327063993,0.6628854274749756,0.48629362499923445
n1_d2048_r3,1,2048,3,16,0.001,0.023154038164648227,0.6704362779855728,0.44189412498963065
n1_d2048_r3,1,2048,3,17,0.001,0.022680721143842675,0.6608419120311737,0.48159308297908865
n1_d2048_r3,1,2048,3,18,0.001,0.02231333548843395,0.6585763096809387,0.4799284579930827
n1_d2048_r3,1,2048,3,19,0.001,0.021934245225565974,0.6620285511016846,0.5407443339936435
n1_d2048_r3,1,2048,3,20,0.001,0.022092282713856548,0.6575699746608734,0.5327617500151973
n1_d2048_r3,1,2048,3,21,0.001,0.022451442549936473,0.6637495756149292,0.7048574580112472
n1_d2048_r3,1,2048,3,22,0.001,0.0225528534501791,0.6590045392513275,0.5494778749998659
n1_d2048_r3,1,2048,3,23,0.001,0.02173556500201812,0.6545939594507217,0.5914315409900155
n1_d2048_r3,1,2048,3,24,0.001,0.021071373514132574,0.6554409116506577,0.5200989169825334
n1_d2048_r3,1,2048,3,25,0.001,0.020719787338748574,0.6438104212284088,0.4552269160049036
n1_d2048_r3,1,2048,3,26,0.001,0.01983411275432445,0.6472621113061905,0.513959874981083
n1_d2048_r3,1,2048,3,27,0.001,0.018920899528893642,0.647826611995697,0.45173945801798254
n1_d2048_r3,1,2048,3,28,0.001,0.018200426959083416,0.6372138410806656,0.6487814580032136
n1_d2048_r3,1,2048,3,29,0.001,0.017959783202968538,0.6362422406673431,0.48627408299944364
n1_d2048_r3,1,2048,3,30,0.001,0.017540667606226634,0.6409700661897659,0.5175094160076696
n1_d2048_r3,1,2048,3,31,0.001,0.01747838094161125,0.6414233893156052,0.5230677090003155
n1_d2048_r3,1,2048,3,32,0.001,0.01752113734255545,0.6387198567390442,0.4533790409914218
n1_d2048_r3,1,2048,3,33,0.001,0.016540954500669613,0.6361559629440308,0.43519545800518245
n1_d2048_r3,1,2048,3,34,0.001,0.01656282300973544,0.6363232582807541,0.44132920799893327
n1_d2048_r3,1,2048,3,35,0.001,0.01682679357327288,0.6374107301235199,0.41100879199802876
n1_d2048_r3,1,2048,3,36,0.001,0.016646251802740153,0.6346099823713303,0.41088466698420234
n1_d2048_r3,1,2048,3,37,0.001,0.016405372007284313,0.6350232362747192,0.41604512502090074
n1_d2048_r3,1,2048,3,38,0.001,0.016328110876202118,0.636808767914772,0.40947487502126023
n1_d2048_r3,1,2048,3,39,0.001,0.01644153313100105,0.6317359507083893,0.3854207080148626
n1_d2048_r3,1,2048,3,40,0.001,0.01614211354899453,0.6319501549005508,0.41090424999129027
n1_d2048_r3,1,2048,3,41,0.001,0.015859042716328986,0.6298942118883133,0.3918590410030447
n1_d2048_r3,1,2048,3,42,0.001,0.015551881457213312,0.6316960155963898,0.46433487499598414
n1_d2048_r3,1,2048,3,43,0.001,0.014704491710290313,0.6324702948331833,0.4586887080222368
n1_d2048_r3,1,2048,3,44,0.001,0.01442633005353855,0.6283880919218063,0.5374960830085911
n1_d2048_r3,1,2048,3,45,0.001,0.01407143687538337,0.6275818645954132,0.8329667500220239
n1_d2048_r3,1,2048,3,46,0.001,0.013504817434295546,0.6268105059862137,0.5236881250166334
n1_d2048_r3,1,2048,3,47,0.001,0.013139344249793794,0.6247073262929916,0.4179080000030808
n1_d2048_r3,1,2048,3,48,0.001,0.012847408819652628,0.6305539906024933,0.39799870798015036
n1_d2048_r3,1,2048,3,49,0.001,0.012611589467269368,0.6282167732715607,0.4150866669951938
n1_d2048_r3,1,2048,3,50,0.001,0.012687254005868454,0.6250520646572113,0.45046275001368485
n1_d2048_r3,1,2048,3,51,0.001,0.012446144683053717,0.6258397996425629,0.4654487500083633
n1_d2048_r3,1,2048,3,52,0.001,0.012729928828775883,0.6276863515377045,0.43427854098263197
n1_d2048_r3,1,2048,3,53,0.001,0.013021617560298182,0.623168483376503,0.4733148330124095
n1_d2048_r3,1,2048,3,54,0.001,0.012980110324861016,0.622983768582344,0.5170608329935931
n1_d2048_r3,1,2048,3,55,0.001,0.012644971073314082,0.6238139122724533,0.5237776670255698
n1_d2048_r3,1,2048,3,56,0.001,0.012401827632857021,0.6225473880767822,0.8327584160142578
n1_d2048_r3,1,2048,3,57,0.001,0.01202612157794647,0.6227497607469559,0.49618391701369546
n1_d2048_r3,1,2048,3,58,0.001,0.011560271632333752,0.6214032620191574,0.4017835410195403
n1_d2048_r3,1,2048,3,59,0.001,0.011122895797598176,0.6192825734615326,0.43938462500227615
n1_d2048_r3,1,2048,3,60,0.001,0.010965382731228601,0.6213942617177963,0.38628045900259167
n1_d2048_r3,1,2048,3,61,0.001,0.010520986266783439,0.618185505270958,0.5815446659980807
n1_d2048_r3,1,2048,3,62,0.001,0.010603180475300178,0.6214789301156998,0.409132500004489
n1_d2048_r3,1,2048,3,63,0.001,0.010871691520151217,0.6192518472671509,0.5544567499891855
n1_d2048_r3,1,2048,3,64,0.001,0.010574262174486648,0.6183021366596222,0.511543625005288
n1_d2048_r3,1,2048,3,65,0.001,0.010114474043803057,0.621565043926239,0.5575588339997921
n1_d2048_r3,1,2048,3,66,0.001,0.010234907385893166,0.6191593706607819,0.5011347499967087
n1_d2048_r3,1,2048,3,67,0.001,0.010283727031492162,0.622438982129097,0.49777404201449826
n1_d2048_r3,1,2048,3,68,0.001,0.010298055640305392,0.6183268576860428,0.5436054579913616
n1_d2048_r3,1,2048,3,69,0.001,0.010288414472597651,0.6198303699493408,0.6780957090086304
n1_d2048_r3,1,2048,3,70,0.0005,0.008375544646696653,0.6146006435155869,0.6362584999878891
n1_d2048_r3,1,2048,3,71,0.0005,0.001479794714214222,0.6138684004545212,0.6452375419903547
n1_d2048_r3,1,2048,3,72,0.0005,0.0003513382077926508,0.6137258410453796,0.5404602079943288
n1_d2048_r3,1,2048,3,73,0.0005,9.100696235009309e-05,0.6141901612281799,0.5713182920007966
n1_d2048_r3,1,2048,3,74,0.0005,2.5355524783776673e-05,0.6138833612203598,0.5318344160041306
n1_d2048_r3,1,2048,3,75,0.0005,7.83576318852397e-06,0.6139638721942902,0.5270934580184985
n1_d2048_r3,1,2048,3,76,0.0005,2.7507432012185973e-06,0.6139215677976608,0.533024625008693
n1_d2048_r3,1,2048,3,77,0.0005,1.1171973395285306e-06,0.6139429956674576,0.510430374997668
n1_d2048_r3,1,2048,3,78,0.0005,5.76000809049404e-07,0.6139556914567947,0.4936408339999616
n1_d2048_r3,1,2048,3,79,0.0005,3.7234113525741463e-07,0.6139544695615768,0.49335858298582025
n1_d2048_r3,1,2048,3,80,0.0005,3.0461249256319434e-07,0.6139363348484039,0.5033256669994444
n1_d2048_r3,1,2048,3,81,0.00025,2.594385766219176e-07,0.6139455884695053,0.5449263750051614
n1_d2048_r3,1,2048,3,82,0.00025,4.184436776244471e-08,0.6139385104179382,0.5259181659785099
n1_d2048_r3,1,2048,3,83,0.00025,9.978351905165495e-09,0.6139398217201233,0.6073204169806559
n1_d2048_r3,1,2048,3,84,0.00025,2.5305982647924607e-09,0.6139368563890457,0.7723547919886187
n1_d2048_r3,1,2048,3,85,0.00025,7.069186312713693e-10,0.6139369606971741,0.4779736250056885
n1_d2048_r3,1,2048,3,86,0.00025,2.2859592799413797e-10,0.6139371544122696,0.4645446250215173
n1_d2048_r3,1,2048,3,87,0.00025,8.66323569684909e-11,0.6139372140169144,0.4407085830171127
n1_d2048_r3,1,2048,3,88,0.00025,4.202155816238409e-11,0.613937184214592,0.4275741250021383
n1_d2048_r3,1,2048,3,89,0.000125,2.3528223436924435e-11,0.6139371246099472,0.44195162499090657
n1_d2048_r3,1,2048,3,90,0.000125,3.7810770495621615e-12,0.6139371693134308,0.541182667016983
n1_d2048_r3,1,2048,3,91,0.000125,1.3228968744085604e-12,0.6139371544122696,0.4368205420032609
n1_d2048_r3,1,2048,3,92,0.000125,7.175812360799233e-13,0.6139371544122696,0.3965245420113206
n1_d4096_r3,1,4096,3,1,0.001,1.0221910318359733,0.970731720328331,0.7024113750085235
n1_d4096_r3,1,4096,3,2,0.001,0.7433244311250746,0.7993871867656708,0.58638841699576
n1_d4096_r3,1,4096,3,3,0.001,0.2746692879591137,0.7365366220474243,0.5850846660032403
n1_d4096_r3,1,4096,3,4,0.001,0.07744539165287279,0.7260324656963348,0.7737465829995926
n1_d4096_r3,1,4096,3,5,0.001,0.04013837399543263,0.7073973119258881,0.6080824170203414
n1_d4096_r3,1,4096,3,6,0.001,0.028205419279402122,0.7074822783470154,0.6556520420126617
n1_d4096_r3,1,4096,3,7,0.001,0.023943236155901104,0.704352468252182,0.58875604197965
n1_d4096_r3,1,4096,3,8,0.001,0.023818525281967595,0.6995441168546677,0.6063321670226287
n1_d4096_r3,1,4096,3,9,0.001,0.025200100222718902,0.7027121037244797,0.6692975000187289
n1_d4096_r3,1,4096,3,10,0.001,0.027979882623185404,0.7033864557743073,0.6113629169994965
n1_d4096_r3,1,4096,3,11,0.001,0.03050623895251192,0.6954107284545898,0.6609980410139542
n1_d4096_r3,1,4096,3,12,0.001,0.03095039477921091,0.6965109407901764,0.8574658749857917
n1_d4096_r3,1,4096,3,13,0.001,0.029609284596517682,0.6972679793834686,0.7324092090129852
n1_d4096_r3,1,4096,3,14,0.001,0.02845773141598329,0.687906339764595,0.5716740420029964
n1_d4096_r3,1,4096,3,15,0.001,0.026696879605879076,0.6925269067287445,0.5712780000176281
n1_d4096_r3,1,4096,3,16,0.001,0.0246400000032736,0.6865620613098145,0.5576212090090849
n1_d4096_r3,1,4096,3,17,0.001,0.023357477562967688,0.6815790235996246,0.562383000011323
n1_d4096_r3,1,4096,3,18,0.001,0.02185147766431328,0.6865899860858917,0.5576133749855217
n1_d4096_r3,1,4096,3,19,0.001,0.021957776327326428,0.6857170164585114,0.5699059579928871
n1_d4096_r3,1,4096,3,20,0.001,0.022330104329739697,0.6817189007997513,0.5930469160084613
n1_d4096_r3,1,4096,3,21,0.001,0.02121919071942102,0.6815098524093628,0.5598452080157585
n1_d4096_r3,1,4096,3,22,0.001,0.020440086838789284,0.6821062862873077,0.5639937079977244
n1_d4096_r3,1,4096,3,23,0.001,0.020465818619413767,0.6802349835634232,0.5572535420069471
n1_d4096_r3,1,4096,3,24,0.001,0.020564778096741065,0.6785163879394531,0.5664811249880586
n1_d4096_r3,1,4096,3,25,0.001,0.02098766406561481,0.6776881814002991,0.5555607920105103
n1_d4096_r3,1,4096,3,26,0.001,0.020935742402798496,0.6751341372728348,0.5647695419902448
n1_d4096_r3,1,4096,3,27,0.001,0.020388277480378747,0.6725146025419235,0.5947488340025302
n1_d4096_r3,1,4096,3,28,0.001,0.019923842832213268,0.6694663614034653,0.5964048329915386
n1_d4096_r3,1,4096,3,29,0.001,0.019540249297278933,0.6721348315477371,0.5714623749954626
n1_d4096_r3,1,4096,3,30,0.001,0.019231882426538505,0.6657935678958893,0.5568943340040278
n1_d4096_r3,1,4096,3,31,0.001,0.019376350501261186,0.6735702902078629,0.5630261249898467
n1_d4096_r3,1,4096,3,32,0.001,0.018999590880412143,0.6716099679470062,0.5514984169858508
n1_d4096_r3,1,4096,3,33,0.001,0.01801595296274172,0.6707224994897842,0.5626542090030853
n1_d4096_r3,1,4096,3,34,0.001,0.017258232554013375,0.6662115156650543,0.553067667002324
n1_d4096_r3,1,4096,3,35,0.001,0.016531787921849173,0.6694086492061615,0.5973403330135625
n1_d4096_r3,1,4096,3,36,0.001,0.016284790472127497,0.6664699167013168,0.5653754169761669
n1_d4096_r3,1,4096,3,37,0.001,0.01613206807815004,0.6699868887662888,0.5507778339961078
n1_d4096_r3,1,4096,3,38,0.001,0.015910595015157014,0.6607377976179123,0.5617386670201086
n1_d4096_r3,1,4096,3,39,0.001,0.016236115130595863,0.6621315330266953,0.5506130419962574
n1_d4096_r3,1,4096,3,40,0.001,0.016411043834523298,0.6628597676753998,0.5656769999768585
n1_d4096_r3,1,4096,3,41,0.001,0.015832821307412814,0.6588031053543091,0.5482775419950485
n1_d4096_r3,1,4096,3,42,0.001,0.015623594081262127,0.6608753502368927,0.5723820840066765
n1_d4096_r3,1,4096,3,43,0.001,0.015527009425568394,0.6592273116111755,0.5980390409822576
n1_d4096_r3,1,4096,3,44,0.001,0.015072625254106242,0.6559500098228455,0.642871499992907
n1_d4096_r3,1,4096,3,45,0.001,0.01445372525631683,0.6573669165372849,0.6711161660205107
n1_d4096_r3,1,4096,3,46,0.001,0.014202318889147136,0.6589110344648361,0.5864650839939713
n1_d4096_r3,1,4096,3,47,0.001,0.013708472062717192,0.6571900099515915,0.6942342080001254
n1_d4096_r3,1,4096,3,48,0.001,0.013400155316048767,0.6542047262191772,0.7310483339824714
n1_d4096_r3,1,4096,3,49,0.001,0.013588392102974467,0.6514883935451508,0.7018766250112094
n1_d4096_r3,1,4096,3,50,0.001,0.013964535850391258,0.6562403291463852,0.6294656669779215
n1_d4096_r3,1,4096,3,51,0.001,0.013306611246662214,0.6522967964410782,0.6184193340013735
n1_d4096_r3,1,4096,3,52,0.001,0.012670559328398667,0.6529259234666824,0.5570396670082118
n1_d4096_r3,1,4096,3,53,0.001,0.012351042969385162,0.6485760509967804,0.5661064170126338
n1_d4096_r3,1,4096,3,54,0.001,0.012062546127708629,0.6517880111932755,0.584841707983287
n1_d4096_r3,1,4096,3,55,0.001,0.011628444844973274,0.6476663500070572,0.6275383750034962
n1_d4096_r3,1,4096,3,56,0.001,0.011279979364189785,0.6530161947011948,0.6147921250085346
n1_d4096_r3,1,4096,3,57,0.001,0.011349012478603981,0.6472374349832535,0.5756394159980118
n1_d4096_r3,1,4096,3,58,0.001,0.011466525233117864,0.6472781151533127,0.567199332988821
n1_d4096_r3,1,4096,3,59,0.001,0.011438156361691654,0.6459530293941498,0.6093451250053477
n1_d4096_r3,1,4096,3,60,0.001,0.01130392900086008,0.6421632170677185,0.5687195420032367
n1_d4096_r3,1,4096,3,61,0.001,0.011538744911376853,0.6488135904073715,0.5657192499784287
n1_d4096_r3,1,4096,3,62,0.001,0.011437660054070875,0.6468734741210938,0.5782300000137184
n1_d4096_r3,1,4096,3,63,0.001,0.011160066576849204,0.6480922698974609,0.6188870840123855
n1_d4096_r3,1,4096,3,64,0.001,0.010856528366275597,0.6453731507062912,0.5873657920164987
n1_d4096_r3,1,4096,3,65,0.001,0.010224647368886508,0.6465779691934586,0.6004508339974564
n1_d4096_r3,1,4096,3,66,0.001,0.010074220390379196,0.6443537771701813,0.583955457987031
n1_d4096_r3,1,4096,3,67,0.001,0.009965568919142243,0.6450959891080856,0.6526507920061704
n1_d4096_r3,1,4096,3,68,0.001,0.009828779882809613,0.6420671790838242,0.5673240830074064
n1_d4096_r3,1,4096,3,69,0.001,0.009558449641190236,0.6456295847892761,0.5592655000218656
n1_d4096_r3,1,4096,3,70,0.001,0.009467624411627185,0.6448224484920502,0.5674307919980492
n1_d4096_r3,1,4096,3,71,0.001,0.009319878114183666,0.6393245160579681,0.5662580000062007
n1_d4096_r3,1,4096,3,72,0.001,0.008948640581365908,0.6436755508184433,0.5665828749770299
n1_d4096_r3,1,4096,3,73,0.001,0.00903268937690882,0.6391633152961731,0.565342874993803
n1_d4096_r3,1,4096,3,74,0.001,0.009236686295480467,0.6468245983123779,0.5688103329739533
n1_d4096_r3,1,4096,3,75,0.001,0.00911765259661479,0.6391731053590775,0.567516125011025
n1_d4096_r3,1,4096,3,76,0.001,0.008793566048552748,0.6414807587862015,0.5927810000139289
n1_d4096_r3,1,4096,3,77,0.001,0.008808588354440872,0.6408295929431915,0.562001667014556
n1_d4096_r3,1,4096,3,78,0.001,0.008643658471555682,0.6426115036010742,0.5726476249983534
n1_d4096_r3,1,4096,3,79,0.001,0.008214449688239256,0.6383379697799683,0.5669562089897227
n1_d4096_r3,1,4096,3,80,0.001,0.007977135286637349,0.641019657254219,0.5666380830225535
n1_d4096_r3,1,4096,3,81,0.001,0.007765373040456325,0.6399231106042862,0.5573530000110622
n1_d4096_r3,1,4096,3,82,0.001,0.007699436839175178,0.6387693732976913,0.5673922090209089
n1_d4096_r3,1,4096,3,83,0.001,0.007556434105936205,0.6364942044019699,0.5588752500189003
n1_d4096_r3,1,4096,3,84,0.001,0.007660452447453281,0.6390756517648697,0.5963384580099955
n1_d4096_r3,1,4096,3,85,0.001,0.007733620062936097,0.6359988003969193,0.5584530420019291
n1_d4096_r3,1,4096,3,86,0.001,0.007613002078869613,0.6393206715583801,0.5522145830036607
n1_d4096_r3,1,4096,3,87,0.001,0.007678128353290958,0.637761726975441,0.5809173329907935
n1_d4096_r3,1,4096,3,88,0.001,0.007651271022041328,0.6390801668167114,0.5679531249916181
n1_d4096_r3,1,4096,3,89,0.001,0.007609314521687338,0.6323911994695663,0.5589839169988409
n1_d4096_r3,1,4096,3,90,0.001,0.007534075335570378,0.6350087076425552,0.5700321659969632
n1_d4096_r3,1,4096,3,91,0.001,0.00724874205479864,0.636633962392807,0.6100153329898603
n1_d4096_r3,1,4096,3,92,0.001,0.007008560263784602,0.633269339799881,0.5883794580004178
n1_d4096_r3,1,4096,3,93,0.001,0.006948893773369491,0.6343003809452057,0.565329249977367
n1_d4096_r3,1,4096,3,94,0.001,0.0067544192825153004,0.6350842118263245,0.5600310419977177
n1_d4096_r3,1,4096,3,95,0.001,0.006474797126429621,0.6337699890136719,0.5678288339986466
n1_d4096_r3,1,4096,3,96,0.001,0.006163556929095648,0.6337242424488068,0.5646822919952683
n1_d4096_r3,1,4096,3,97,0.001,0.0060645882549579255,0.6353279203176498,0.5519965419953223
n1_d4096_r3,1,4096,3,98,0.0005,0.005248475152257015,0.630060002207756,0.5594988340162672
n1_d4096_r3,1,4096,3,99,0.0005,0.0007474476133211283,0.6303011775016785,0.5958289169939235
n1_d4096_r3,1,4096,3,100,0.0005,0.00015172634579130317,0.6306086629629135,0.5600547089998145
n1_d4096_r3,1,4096,3,101,0.0005,3.166152315259296e-05,0.6307192742824554,0.5774308749823831
n1_d4096_r3,1,4096,3,102,0.0005,7.864355787035038e-06,0.6306844502687454,0.5564775829843711
n1_d4096_r3,1,4096,3,103,0.0005,2.5341104334941633e-06,0.6306888908147812,0.5585330000030808
n1_d4096_r3,1,4096,3,104,0.0005,1.0679809565594667e-06,0.6306999921798706,0.5535925419826526
n1_d4096_r3,1,4096,3,105,0.0005,6.368875129503238e-07,0.6306792944669724,0.5657697079877835
n1_d4096_r3,1,4096,3,106,0.0005,6.102312672950916e-07,0.630687952041626,0.5602185410098173
n1_d4096_r3,1,4096,3,107,0.00025,5.711974644384554e-07,0.6306937336921692,0.5987756249960512
n1_d4096_r3,1,4096,3,108,0.00025,6.918412234768745e-08,0.630690187215805,0.5591579170140903
n1_d4096_r3,1,4096,3,109,0.00025,1.2183369306473235e-08,0.6306919753551483,0.554012208012864
n1_d4096_r3,1,4096,3,110,0.00025,2.7855978045054908e-09,0.6306909471750259,0.5739060420019086
n1_d4096_r3,1,4096,3,111,0.00025,2.2922133943552303e-09,0.6306917369365692,0.5695942080055829
n1_d4096_r3,1,4096,3,112,0.00025,1.1685952509485342e-09,0.6306916773319244,0.5615695420128759
n1_d4096_r3,1,4096,3,113,0.00025,6.871543770732742e-10,0.6306913495063782,0.552097625011811
n1_d4096_r3,1,4096,3,114,0.00025,7.819359460056394e-10,0.6306916326284409,0.5582149169931654
n1_d4096_r3,1,4096,3,115,0.000125,9.922999206178618e-10,0.6306916922330856,0.6001328749989625
n1_d4096_r3,1,4096,3,116,0.000125,9.28849740991413e-11,0.630691796541214,0.5626070839934982
n1_d4096_r3,1,4096,3,117,0.000125,1.650692835186967e-11,0.6306916177272797,0.5766131249838509
n1_d4096_r3,1,4096,3,118,0.000125,3.49767666611993e-12,0.6306916624307632,0.5531042089860421
n1_d64_r4,1,64,4,1,0.001,1.1246433509513736,0.99674391746521,0.25602612501825206
n1_d64_r4,1,64,4,2,0.001,0.9464243920519948,0.8449222892522812,0.2483793749997858
n1_d64_r4,1,64,4,3,0.001,0.7642582566477358,0.6462026536464691,0.24601991698727943
n1_d64_r4,1,64,4,4,0.001,0.5973072007764131,0.5477003455162048,0.24572287499904633
n1_d64_r4,1,64,4,5,0.001,0.5426825874019414,0.5280639380216599,0.24610124999890104
n1_d64_r4,1,64,4,6,0.001,0.5261296560056508,0.5186445266008377,0.24615141699905507
n1_d64_r4,1,64,4,7,0.001,0.517387060681358,0.5140419900417328,0.24584458299796097
n1_d64_r4,1,64,4,8,0.001,0.5123248109593987,0.5106544643640518,0.2444707909889985
n1_d64_r4,1,64,4,9,0.001,0.5087680383585393,0.5078323110938072,0.2878157499944791
n1_d64_r4,1,64,4,10,0.001,0.5064632303547114,0.506634920835495,0.24743495901930146
n1_d64_r4,1,64,4,11,0.001,0.505129034165293,0.504254162311554,0.24591791699640453
n1_d64_r4,1,64,4,12,0.001,0.503630394116044,0.5048495605587959,0.2455211250053253
n1_d64_r4,1,64,4,13,0.001,0.503197155892849,0.5032417848706245,0.24470579100307077
n1_d64_r4,1,64,4,14,0.001,0.5021539297886193,0.5044160783290863,0.24574295798083767
n1_d64_r4,1,64,4,15,0.001,0.5019310894422233,0.5032608807086945,0.24419204200967215
n1_d64_r4,1,64,4,16,0.001,0.5015127314254642,0.502955473959446,0.28063212501001544
n1_d64_r4,1,64,4,17,0.001,0.5009596047457308,0.5037897452712059,0.24965416701161303
n1_d64_r4,1,64,4,18,0.001,0.500603579217568,0.5028837397694588,0.24610812502214685
n1_d64_r4,1,64,4,19,0.001,0.5004315138794482,0.5027677491307259,0.24533187501947396
n1_d64_r4,1,64,4,20,0.001,0.49987249076366425,0.5034541338682175,0.2460761250113137
n1_d64_r4,1,64,4,21,0.001,0.49974701809696853,0.5017527416348457,0.2505731659766752
n1_d64_r4,1,64,4,22,0.001,0.4994580470956862,0.503255695104599,0.2470172079920303
n1_d64_r4,1,64,4,23,0.001,0.49908743938431144,0.5027866363525391,0.24396908399648964
n1_d64_r4,1,64,4,24,0.001,0.4986567529849708,0.5024678483605385,0.29212116601411253
n1_d64_r4,1,64,4,25,0.001,0.49835631903260946,0.5029719322919846,0.2442115829908289
n1_d64_r4,1,64,4,26,0.001,0.49828372546471655,0.5035796910524368,0.24879379200865515
n1_d64_r4,1,64,4,27,0.001,0.4977804000955075,0.5037613436579704,0.2507352919783443
n1_d64_r4,1,64,4,28,0.001,0.4979382697492838,0.5035808011889458,0.24480920901987702
n1_d64_r4,1,64,4,29,0.001,0.4976248312741518,0.5036361292004585,0.2500445000187028
n1_d64_r4,1,64,4,30,0.0005,0.49615310807712376,0.5034140720963478,0.24934187502367422
n1_d64_r4,1,64,4,31,0.0005,0.4959164692554623,0.503843754529953,0.24572762500611134
n1_d64_r4,1,64,4,32,0.0005,0.49570206785574555,0.5039946809411049,0.2887772920075804
n1_d64_r4,1,64,4,33,0.0005,0.49573021358810365,0.5043015703558922,0.2510611249890644
n1_d64_r4,1,64,4,34,0.0005,0.4956176392734051,0.5040998831391335,0.24534737499197945
n1_d64_r4,1,64,4,35,0.0005,0.4955882786307484,0.5039933174848557,0.25837766600307077
n1_d64_r4,1,64,4,36,0.0005,0.49548488622531295,0.5043415203690529,0.26131270799669437
n1_d64_r4,1,64,4,37,0.0005,0.49536724342033267,0.5046667009592056,0.25197083299281076
n1_d64_r4,1,64,4,38,0.00025,0.4946837122552097,0.5042465254664421,0.25072887499118224
n1_d64_r4,1,64,4,39,0.00025,0.49459677399136126,0.504386305809021,0.24819012498483062
n1_d64_r4,1,64,4,40,0.00025,0.49446786823682487,0.5043546259403229,0.2833557080011815
n1_d64_r4,1,64,4,41,0.00025,0.49451771820895374,0.504351980984211,0.2482656250067521
n1_d128_r4,1,128,4,1,0.001,1.0296158716082573,0.8939543664455414,0.2574082500068471
n1_d128_r4,1,128,4,2,0.001,0.8044263664633036,0.6713967025279999,0.25635449998662807
n1_d128_r4,1,128,4,3,0.001,0.6061093425378203,0.5612031668424606,0.25994295900454745
n1_d128_r4,1,128,4,4,0.001,0.5489037074148655,0.5417332649230957,0.2552289169980213
n1_d128_r4,1,128,4,5,0.001,0.529156138189137,0.5304088145494461,0.2561937080172356
n1_d128_r4,1,128,4,6,0.001,0.5164711095858365,0.5222519040107727,0.289493250020314
n1_d128_r4,1,128,4,7,0.001,0.5084535719361156,0.517683319747448,0.2602867909881752
n1_d128_r4,1,128,4,8,0.001,0.5019956852775067,0.514867752790451,0.2559118749923073
n1_d128_r4,1,128,4,9,0.001,0.49755333876237273,0.5143677964806557,0.2591836249921471
n1_d128_r4,1,128,4,10,0.001,0.4943738847505301,0.5121592730283737,0.2592493340198416
n1_d128_r4,1,128,4,11,0.001,0.4918276790995151,0.5132121369242668,0.2562618750089314
n1_d128_r4,1,128,4,12,0.001,0.4900018139742315,0.5114306658506393,0.25450412498321384
n1_d128_r4,1,128,4,13,0.001,0.4880581565666944,0.5120677873492241,0.2538314580160659
n1_d128_r4,1,128,4,14,0.001,0.48646457330323756,0.5123214870691299,0.28697354200994596
n1_d128_r4,1,128,4,15,0.001,0.48518518591299653,0.513357549905777,0.2596361670002807
n1_d128_r4,1,128,4,16,0.001,0.48383821197785437,0.5149499475955963,0.2603227919898927
n1_d128_r4,1,128,4,17,0.001,0.4827240842860192,0.512462317943573,0.2547099999792408
n1_d128_r4,1,128,4,18,0.001,0.48161560157313943,0.5143055319786072,0.25725133300875314
n1_d128_r4,1,128,4,19,0.001,0.4803904539439827,0.5141464993357658,0.2580896250146907
n1_d128_r4,1,128,4,20,0.001,0.4792418403085321,0.5159305855631828,0.2658769999979995
n1_d128_r4,1,128,4,21,0.0005,0.47551278630271554,0.5142805352807045,0.25558349999482743
n1_d128_r4,1,128,4,22,0.0005,0.474830282619223,0.5150119513273239,0.2911789579957258
n1_d128_r4,1,128,4,23,0.0005,0.4743083680514246,0.5157810002565384,0.26178249999065883
n1_d128_r4,1,128,4,24,0.0005,0.47401398862712085,0.5153694897890091,0.25773608300369233
n1_d128_r4,1,128,4,25,0.0005,0.4736998723819852,0.516864538192749,0.26958058300078847
n1_d128_r4,1,128,4,26,0.0005,0.47322318283841014,0.5164493024349213,0.25438879197463393
n1_d128_r4,1,128,4,27,0.0005,0.4726815635804087,0.5173380672931671,0.2556902500218712
n1_d128_r4,1,128,4,28,0.0005,0.4723163798917085,0.5175863429903984,0.2548760830250103
n1_d128_r4,1,128,4,29,0.00025,0.47034916863776743,0.5173207744956017,0.2522485830122605
n1_d128_r4,1,128,4,30,0.00025,0.47006236971355975,0.5175085067749023,0.28595779099850915
n1_d128_r4,1,128,4,31,0.00025,0.4698827639222145,0.5177835673093796,0.26034416700713336
n1_d128_r4,1,128,4,32,0.00025,0.4696649711113423,0.517852783203125,0.25278391601750627
n1_d256_r4,1,256,4,1,0.001,0.9680007640272379,0.8084341585636139,0.2604463330062572
n1_d256_r4,1,256,4,2,0.001,0.6888120067305863,0.609759971499443,0.25616241700481623
n1_d256_r4,1,256,4,3,0.001,0.5556854857131839,0.5712960660457611,0.25775620801141486
n1_d256_r4,1,256,4,4,0.001,0.5172584902029485,0.5604633092880249,0.25778987500234507
n1_d256_r4,1,256,4,5,0.001,0.4939484822098166,0.5537296533584595,0.25770783398183994
n1_d256_r4,1,256,4,6,0.001,0.4786674485076219,0.5480408370494843,0.2973345830105245
n1_d256_r4,1,256,4,7,0.001,0.4677134188823402,0.5470048636198044,0.25735154197900556
n1_d256_r4,1,256,4,8,0.001,0.45799694978632033,0.549529105424881,0.2577989170094952
n1_d256_r4,1,256,4,9,0.001,0.4498632065951824,0.5542942136526108,0.2555375420197379
n1_d256_r4,1,256,4,10,0.001,0.4439159578178078,0.5519226491451263,0.25576649999129586
n1_d256_r4,1,256,4,11,0.001,0.4371165572665632,0.557526022195816,0.25546524999663234
n1_d256_r4,1,256,4,12,0.001,0.43169394321739674,0.5612858980894089,0.2553767909994349
n1_d256_r4,1,256,4,13,0.001,0.42692472715862095,0.564277321100235,0.25901633300236426
n1_d256_r4,1,256,4,14,0.001,0.4217145945876837,0.568628191947937,0.29659937499673106
n1_d256_r4,1,256,4,15,0.001,0.4175606423523277,0.577400416135788,0.2563256249995902
n1_d256_r4,1,256,4,16,0.0005,0.4055919414386153,0.5748555660247803,0.25590295798610896
n1_d256_r4,1,256,4,17,0.0005,0.4022783376276493,0.5763900727033615,0.25516783399507403
n1_d256_r4,1,256,4,18,0.0005,0.39960717619396746,0.5824071913957596,0.2553956249903422
n1_d256_r4,1,256,4,19,0.0005,0.3981667805928737,0.5845567137002945,0.25595712498761714
n1_d256_r4,1,256,4,20,0.0005,0.3960739818867296,0.5880686044692993,0.2563345410162583
n1_d256_r4,1,256,4,21,0.0005,0.39446336938999593,0.5890950411558151,0.25652091699885204
n1_d256_r4,1,256,4,22,0.0005,0.39255979657173157,0.5938364565372467,0.29776254200260155
n1_d256_r4,1,256,4,23,0.0005,0.39059397019445896,0.5940122753381729,0.2586543750076089
n1_d256_r4,1,256,4,24,0.00025,0.38451539259403944,0.5960857570171356,0.25601616699714214
n1_d256_r4,1,256,4,25,0.00025,0.38309353217482567,0.597631499171257,0.25795333401765674
n1_d256_r4,1,256,4,26,0.00025,0.38209009100683033,0.6005277782678604,0.25638937499024905
n1_d256_r4,1,256,4,27,0.00025,0.3813664698973298,0.6018768846988678,0.2536768340214621
n1_d512_r4,1,512,4,1,0.001,0.9824704173952341,0.7862334996461868,0.31066799999098293
n1_d512_r4,1,512,4,2,0.001,0.6297074239701033,0.6284797042608261,0.34472295799059793
n1_d512_r4,1,512,4,3,0.001,0.4971943914424628,0.6043286174535751,0.3137590409896802
n1_d512_r4,1,512,4,4,0.001,0.437344296136871,0.5943375080823898,0.30907562500215136
n1_d512_r4,1,512,4,5,0.001,0.3966676869895309,0.5989872515201569,0.3134310420136899
n1_d512_r4,1,512,4,6,0.001,0.36348244454711676,0.6169137805700302,0.3055524170049466
n1_d512_r4,1,512,4,7,0.001,0.33491782983765006,0.6312645971775055,0.31114854200859554
n1_d512_r4,1,512,4,8,0.001,0.3080454204464331,0.6548166573047638,0.31192908401135355
n1_d512_r4,1,512,4,9,0.001,0.2842240127502009,0.6823382526636124,0.30996591699658893
n1_d512_r4,1,512,4,10,0.001,0.26348047179635614,0.7048551589250565,0.34363033398403786
n1_d512_r4,1,512,4,11,0.001,0.24331641965545714,0.7260103672742844,0.3157595419907011
n1_d512_r4,1,512,4,12,0.001,0.22574172273743898,0.7500708699226379,0.309603916015476
n1_d512_r4,1,512,4,13,0.0005,0.18757801863830537,0.7667242735624313,0.305923084000824
n1_d512_r4,1,512,4,14,0.0005,0.17561155650764704,0.7903347611427307,0.3083480420173146
n1_d512_r4,1,512,4,15,0.0005,0.16819888458121568,0.8034446239471436,0.31010712499846704
n1_d512_r4,1,512,4,16,0.0005,0.16090265364618972,0.8232104778289795,0.3091817910026293
n1_d512_r4,1,512,4,17,0.0005,0.1547316586948,0.8339005410671234,0.3100725000258535
n1_d512_r4,1,512,4,18,0.0005,0.14857095596380532,0.8461668640375137,0.34634483300033025
n1_d512_r4,1,512,4,19,0.0005,0.14300663786707446,0.8590352982282639,0.31377045801491477
n1_d512_r4,1,512,4,20,0.0005,0.13837476121261716,0.870142862200737,0.3112955830001738
n1_d512_r4,1,512,4,21,0.00025,0.12235839909408242,0.8789648860692978,0.327369834005367
n1_d512_r4,1,512,4,22,0.00025,0.11819711251882836,0.8914545774459839,0.317511207977077
n1_d512_r4,1,512,4,23,0.00025,0.11557923414511606,0.8958878368139267,0.31950658300775103
n1_d512_r4,1,512,4,24,0.00025,0.11373745446326211,0.904900997877121,0.3120866660028696
n1_d1024_r4,1,1024,4,1,0.001,0.9837885154411197,0.8156367540359497,0.33717795900884084
n1_d1024_r4,1,1024,4,2,0.001,0.5516532775945961,0.6614763885736465,0.3682213750144001
n1_d1024_r4,1,1024,4,3,0.001,0.35269995033741,0.6651940494775772,0.33509416700690053
n1_d1024_r4,1,1024,4,4,0.001,0.24183878942858428,0.6899382025003433,0.32756079101818614
n1_d1024_r4,1,1024,4,5,0.001,0.16165652737254277,0.7300312966108322,0.32106241598376073
n1_d1024_r4,1,1024,4,6,0.001,0.10395056806737557,0.7672101110219955,0.32725554099306464
n1_d1024_r4,1,1024,4,7,0.001,0.06594316710834391,0.7742342799901962,0.3249713330005761
n1_d1024_r4,1,1024,4,8,0.001,0.04378316455404274,0.7932053953409195,0.3268015829962678
n1_d1024_r4,1,1024,4,9,0.001,0.0304989681171719,0.8056507855653763,0.3271289999829605
n1_d1024_r4,1,1024,4,10,0.001,0.023646506684599444,0.8069775849580765,0.3619002500199713
n1_d1024_r4,1,1024,4,11,0.0005,0.014850804036541376,0.8030619025230408,0.3271704579819925
n1_d1024_r4,1,1024,4,12,0.0005,0.005154212387424195,0.8064835965633392,0.32516875001601875
n1_d1024_r4,1,1024,4,13,0.0005,0.00256605327649595,0.8087368458509445,0.32623337500263005
n1_d1024_r4,1,1024,4,14,0.0005,0.0015176172646533814,0.8118921965360641,0.32439537497702986
n1_d1024_r4,1,1024,4,15,0.0005,0.000987408471701201,0.8139503449201584,0.32820033401367255
n1_d1024_r4,1,1024,4,16,0.0005,0.0006748621037786506,0.8158665597438812,0.32722758399904706
n1_d1024_r4,1,1024,4,17,0.0005,0.0005008746009025344,0.8162413686513901,0.3240600829885807
n1_d1024_r4,1,1024,4,18,0.0005,0.00039740357510709146,0.8176044225692749,0.3616913330042735
n1_d1024_r4,1,1024,4,19,0.00025,0.0002727157011577219,0.8175801932811737,0.32080149999819696
n1_d1024_r4,1,1024,4,20,0.00025,0.00013163440766561507,0.8177102953195572,0.3236311250075232
n1_d1024_r4,1,1024,4,21,0.00025,9.255654451578721e-05,0.8183400332927704,0.32337487500626594
n1_d1024_r4,1,1024,4,22,0.00025,7.381559923658187e-05,0.8186037391424179,0.3225179580040276
n1_d2048_r4,1,2048,4,1,0.001,0.9698492255993187,0.8135213404893875,0.3740772909950465
n1_d2048_r4,1,2048,4,2,0.001,0.38299307716079056,0.71249058842659,0.37643025000579655
n1_d2048_r4,1,2048,4,3,0.001,0.1368575855740346,0.7255596965551376,0.40861045799101703
n1_d2048_r4,1,2048,4,4,0.001,0.05795664348988794,0.7140284329652786,0.3720562499947846
n1_d2048_r4,1,2048,4,5,0.001,0.038940330894547515,0.7099324613809586,0.3733634170203004
n1_d2048_r4,1,2048,4,6,0.001,0.03462897444842383,0.7078334093093872,0.36928591699688695
n1_d2048_r4,1,2048,4,7,0.001,0.034735650464426726,0.7014952450990677,0.3773356660094578
n1_d2048_r4,1,2048,4,8,0.001,0.035914796477300115,0.6960133463144302,0.3727110000036191
n1_d2048_r4,1,2048,4,9,0.001,0.03780165268108249,0.6916242688894272,0.36749112501274794
n1_d2048_r4,1,2048,4,10,0.001,0.03646227465651464,0.6897238343954086,0.37121274997480214
n1_d2048_r4,1,2048,4,11,0.001,0.03355321912385989,0.683350071310997,0.40996112499851733
n1_d2048_r4,1,2048,4,12,0.001,0.030378040377399884,0.6803826242685318,0.37126275000628084
n1_d2048_r4,1,2048,4,13,0.001,0.02770069331745617,0.6768116503953934,0.37503316599759273
n1_d2048_r4,1,2048,4,14,0.001,0.026124711090233177,0.6647043377161026,0.3763935840106569
n1_d2048_r4,1,2048,4,15,0.001,0.02465279432362877,0.6698669195175171,0.3747264579869807
n1_d2048_r4,1,2048,4,16,0.001,0.02378631374449469,0.659140557050705,0.36624674999620765
n1_d2048_r4,1,2048,4,17,0.001,0.023539783840533346,0.6590880006551743,0.36962387498351745
n1_d2048_r4,1,2048,4,18,0.001,0.022835260300780647,0.6602720469236374,0.3746069580083713
n1_d2048_r4,1,2048,4,19,0.001,0.02276310947490856,0.6558575630187988,0.41212554200319573
n1_d2048_r4,1,2048,4,20,0.001,0.023068245252943598,0.6521324813365936,0.3769353750103619
n1_d2048_r4,1,2048,4,21,0.001,0.02304286151775159,0.6489105969667435,0.38312141702044755
n1_d2048_r4,1,2048,4,22,0.001,0.022621578493271954,0.6462532579898834,0.39893741701962426
n1_d2048_r4,1,2048,4,23,0.001,0.02248478883120697,0.6459276527166367,0.37580916602746584
n1_d2048_r4,1,2048,4,24,0.001,0.02240216254722327,0.6418889164924622,0.3710673330060672
n1_d2048_r4,1,2048,4,25,0.001,0.021619549370370805,0.6428836733102798,0.3744839589926414
n1_d2048_r4,1,2048,4,26,0.001,0.020679955487139523,0.6400250047445297,0.3989961250044871
n1_d2048_r4,1,2048,4,27,0.001,0.019761190371355042,0.637095183134079,0.41220599997905083
n1_d2048_r4,1,2048,4,28,0.001,0.018851332781196106,0.6365629881620407,0.3801122499862686
n1_d2048_r4,1,2048,4,29,0.001,0.018301048163266387,0.632341206073761,0.3776517500227783
n1_d2048_r4,1,2048,4,30,0.001,0.01803096058574738,0.6329027712345123,0.3724195830000099
n1_d2048_r4,1,2048,4,31,0.001,0.018003023011260666,0.6350244730710983,0.37867895798990503
n1_d2048_r4,1,2048,4,32,0.001,0.018484579333744477,0.6338815689086914,0.37139520898927003
n1_d2048_r4,1,2048,4,33,0.001,0.018529038592532743,0.6327348202466965,0.3717156249913387
n1_d2048_r4,1,2048,4,34,0.001,0.018540691351518035,0.631912037730217,0.3707891659869347
n1_d2048_r4,1,2048,4,35,0.001,0.018106982970493846,0.6322268098592758,0.41299495901330374
n1_d2048_r4,1,2048,4,36,0.001,0.017956281095393933,0.6302209198474884,0.3735216670029331
n1_d2048_r4,1,2048,4,37,0.001,0.01713081563502783,0.6249350607395172,0.36965074998443015
n1_d2048_r4,1,2048,4,38,0.001,0.01631751518289093,0.6258550584316254,0.3767434579785913
n1_d2048_r4,1,2048,4,39,0.001,0.015786335345183033,0.6225504130125046,0.37774545900174417
n1_d2048_r4,1,2048,4,40,0.001,0.01531749420973938,0.6262625306844711,0.3732596250192728
n1_d2048_r4,1,2048,4,41,0.001,0.014976311678765342,0.6237364113330841,0.3751987499999814
n1_d2048_r4,1,2048,4,42,0.001,0.01532986870734021,0.6202829629182816,0.40425229200627655
n1_d2048_r4,1,2048,4,43,0.001,0.016000178999092896,0.6243476271629333,0.3760657910024747
n1_d2048_r4,1,2048,4,44,0.001,0.0155377948176465,0.6247112154960632,0.37218770798062906
n1_d2048_r4,1,2048,4,45,0.001,0.015543596760835499,0.6196237802505493,0.36910645800526254
n1_d2048_r4,1,2048,4,46,0.001,0.015181399074208457,0.621942549943924,0.402429583016783
n1_d2048_r4,1,2048,4,47,0.001,0.014263988647144288,0.6182849109172821,0.37381154199829325
n1_d2048_r4,1,2048,4,48,0.001,0.013775200946838595,0.6265932321548462,0.388306749984622
n1_d2048_r4,1,2048,4,49,0.001,0.013513324927771464,0.6163663566112518,0.3805172919819597
n1_d2048_r4,1,2048,4,50,0.001,0.013298078170919325,0.6202633827924728,0.5332907080010045
n1_d2048_r4,1,2048,4,51,0.001,0.012715147211565636,0.6163721084594727,0.6209931669873185
n1_d2048_r4,1,2048,4,52,0.001,0.012432578754669521,0.6204134970903397,0.42131362500367686
n1_d2048_r4,1,2048,4,53,0.001,0.012295207430724986,0.6156903952360153,0.3736238330020569
n1_d2048_r4,1,2048,4,54,0.001,0.012244224271853454,0.6185879409313202,0.3728899999987334
n1_d2048_r4,1,2048,4,55,0.001,0.012249503342900425,0.6145461052656174,0.38106179199530743
n1_d2048_r4,1,2048,4,56,0.001,0.012417751917382702,0.6176509708166122,0.37420845800079405
n1_d2048_r4,1,2048,4,57,0.001,0.01276466209674254,0.6132664978504181,0.3782216669933405
n1_d2048_r4,1,2048,4,58,0.001,0.012923151589347981,0.6182293444871902,0.4144844170077704
n1_d2048_r4,1,2048,4,59,0.001,0.013126212768838741,0.6119983494281769,0.39449070900445804
n1_d2048_r4,1,2048,4,60,0.001,0.012797735194908455,0.6148165911436081,0.37777691599330865
n1_d2048_r4,1,2048,4,61,0.001,0.011867192522913683,0.6121357381343842,0.37584712498937733
n1_d2048_r4,1,2048,4,62,0.001,0.011089615916716866,0.6112568974494934,0.37186237500282004
n1_d2048_r4,1,2048,4,63,0.001,0.010784828016767278,0.6117943376302719,0.37112645898014307
n1_d2048_r4,1,2048,4,64,0.001,0.010327145108021796,0.6100133061408997,0.3665683750004973
n1_d2048_r4,1,2048,4,65,0.001,0.009765571961906971,0.6098191142082214,0.37556579199736007
n1_d2048_r4,1,2048,4,66,0.001,0.009600829926057486,0.6082180291414261,0.4097313339880202
n1_d2048_r4,1,2048,4,67,0.001,0.009541359715512954,0.6108900606632233,0.5594897499831859
n1_d2048_r4,1,2048,4,68,0.001,0.009847305645962479,0.6088210344314575,0.4967061250063125
n1_d2048_r4,1,2048,4,69,0.001,0.01031829363637371,0.6114555299282074,0.4118804169993382
n1_d2048_r4,1,2048,4,70,0.001,0.010992110157530988,0.6100826859474182,0.39527212499524467
n1_d2048_r4,1,2048,4,71,0.001,0.011415197572205216,0.6109242141246796,0.4065159159945324
n1_d2048_r4,1,2048,4,72,0.001,0.011141151189804077,0.6109388768672943,0.39990566699998453
n1_d2048_r4,1,2048,4,73,0.001,0.01071438120197854,0.6105356216430664,0.38715058300294913
n1_d2048_r4,1,2048,4,74,0.001,0.010160893631109502,0.6073213070631027,0.4216912089905236
n1_d2048_r4,1,2048,4,75,0.001,0.009404772175912512,0.6072671860456467,0.3862000000081025
n1_d2048_r4,1,2048,4,76,0.001,0.00894838879321469,0.6091580837965012,0.3780962500022724
n1_d2048_r4,1,2048,4,77,0.001,0.008448337564914254,0.6077756583690643,0.3732339999987744
n1_d2048_r4,1,2048,4,78,0.001,0.008206176946259802,0.6063272356987,0.3866324580158107
n1_d2048_r4,1,2048,4,79,0.001,0.008120563354168553,0.6054449826478958,0.3764991659845691
n1_d2048_r4,1,2048,4,80,0.001,0.00827370150364004,0.6044730544090271,0.3695877499994822
n1_d2048_r4,1,2048,4,81,0.001,0.008424498748354381,0.6028845757246017,0.37096187501447275
n1_d2048_r4,1,2048,4,82,0.001,0.008535179771570256,0.6070532649755478,0.4054835829883814
n1_d2048_r4,1,2048,4,83,0.001,0.008510724914231105,0.6036301404237747,0.37347037499421276
n1_d2048_r4,1,2048,4,84,0.001,0.008537688059732318,0.608244851231575,0.3644912079907954
n1_d2048_r4,1,2048,4,85,0.001,0.008558398232707987,0.6030565649271011,0.3691694170120172
n1_d2048_r4,1,2048,4,86,0.001,0.008312776171806036,0.6041561812162399,0.3854537919978611
n1_d2048_r4,1,2048,4,87,0.001,0.008605117680417607,0.6044727563858032,0.37035324997850694
n1_d2048_r4,1,2048,4,88,0.001,0.008966823977971217,0.6044258773326874,0.3709689170063939
n1_d2048_r4,1,2048,4,89,0.001,0.008733694263355574,0.6039363741874695,0.3854055420088116
n1_d2048_r4,1,2048,4,90,0.0005,0.006959210408240324,0.6006393283605576,0.4078529590042308
n1_d2048_r4,1,2048,4,91,0.0005,0.0012233114712216775,0.5998289883136749,0.3753279999946244
n1_d2048_r4,1,2048,4,92,0.0005,0.00028672511518834654,0.6000552475452423,0.37219466699752957
n1_d2048_r4,1,2048,4,93,0.0005,7.313254997143304e-05,0.599816620349884,0.3720790829975158
n1_d2048_r4,1,2048,4,94,0.0005,2.0663421580024988e-05,0.599877119064331,0.38479312500567175
n1_d2048_r4,1,2048,4,95,0.0005,6.373632906786497e-06,0.599799394607544,0.37494229097501375
n1_d2048_r4,1,2048,4,96,0.0005,2.1848640079369375e-06,0.5998415052890778,0.36536845899536274
n1_d2048_r4,1,2048,4,97,0.0005,9.005694709962597e-07,0.5997826457023621,0.37262962499517016
n1_d2048_r4,1,2048,4,98,0.0005,4.4183659242413853e-07,0.5998195707798004,0.4156441669911146
n1_d2048_r4,1,2048,4,99,0.0005,2.755500083662099e-07,0.5998052954673767,0.38173066699528135
n1_d2048_r4,1,2048,4,100,0.0005,2.204976735642461e-07,0.5998161882162094,0.37417958298465237
n1_d2048_r4,1,2048,4,101,0.0005,2.2798418708447343e-07,0.5998122543096542,0.3709738750185352
n1_d2048_r4,1,2048,4,102,0.0005,2.8573026467082485e-07,0.5998176485300064,0.38533645900315605
n1_d2048_r4,1,2048,4,103,0.0005,4.973769669458505e-07,0.5998253971338272,0.3748104159894865
n1_d2048_r4,1,2048,4,104,0.0005,1.1284789982468624e-06,0.5998195111751556,0.3769997500057798
n1_d2048_r4,1,2048,4,105,0.0005,3.1867733421009348e-06,0.5997651964426041,0.3763207090087235
n1_d2048_r4,1,2048,4,106,0.0005,1.1552139572046372e-05,0.5999832451343536,0.37970033299643546
n1_d2048_r4,1,2048,4,107,0.0005,4.9821532471128194e-05,0.5999886393547058,0.416544875013642
n1_d2048_r4,1,2048,4,108,0.0005,0.000267463237037191,0.6003412902355194,0.3789568330103066
n1_d2048_r4,1,2048,4,109,0.0005,0.001477131759202166,0.6015952974557877,0.37606808298733085
n1_d2048_r4,1,2048,4,110,0.0005,0.006451491819461808,0.6037823408842087,0.378498625010252
n1_d2048_r4,1,2048,4,111,0.0005,0.013492338155629113,0.6045094132423401,0.3741941250045784
n1_d2048_r4,1,2048,4,112,0.0005,0.010362184832047205,0.6007038950920105,0.37792550001177005
n1_d2048_r4,1,2048,4,113,0.0005,0.00466102313293959,0.6021967083215714,0.37982479098718613
n1_d2048_r4,1,2048,4,114,0.00025,0.0018609248681968893,0.598832830786705,0.3767765420197975
n1_d2048_r4,1,2048,4,115,0.00025,0.000359805947255154,0.5990938991308212,0.4408696250175126
n1_d2048_r4,1,2048,4,116,0.00025,9.40435243705906e-05,0.5990588515996933,0.446049457998015
n1_d2048_r4,1,2048,4,117,0.00025,2.8009621416913433e-05,0.5991333574056625,0.4541220419923775
n1_d2048_r4,1,2048,4,118,0.00025,8.859343925138319e-06,0.5991571247577667,0.40397233300609514
n1_d2048_r4,1,2048,4,119,0.00025,2.873814981541045e-06,0.5991409122943878,0.37643120900611393
n1_d2048_r4,1,2048,4,120,0.00025,9.170228918442547e-07,0.5991548895835876,0.39592875001835637
n1_d2048_r4,1,2048,4,121,0.00025,2.8993015066536287e-07,0.5991487205028534,0.37454849999630824
n1_d2048_r4,1,2048,4,122,0.00025,9.412869944602775e-08,0.5991498529911041,0.41250687499996275
n1_d2048_r4,1,2048,4,123,0.000125,2.8416460823299516e-08,0.5991534441709518,0.3784684590063989
n1_d2048_r4,1,2048,4,124,0.000125,9.362757850267522e-09,0.5991522818803787,0.38035241700708866
n1_d2048_r4,1,2048,4,125,0.000125,4.148716177890255e-09,0.5991534888744354,0.3792030419863295
n1_d2048_r4,1,2048,4,126,0.000125,1.9685088281651275e-09,0.5991529673337936,0.3798490839835722
n1_d2048_r4,1,2048,4,127,0.000125,9.503129346812023e-10,0.5991531163454056,0.37411666600382887
n1_d2048_r4,1,2048,4,128,0.000125,4.5449634691625135e-10,0.5991533547639847,0.3692467090149876
n1_d2048_r4,1,2048,4,129,0.000125,2.2069331193259878e-10,0.5991528332233429,0.37045716698048636
n1_d2048_r4,1,2048,4,130,0.000125,9.518119349323853e-11,0.5991532504558563,0.41855458298232406
n1_d2048_r4,1,2048,4,131,6.25e-05,3.905142317373392e-11,0.599153146147728,0.36708374999579974
n1_d2048_r4,1,2048,4,132,6.25e-05,2.384874219494345e-11,0.5991532057523727,0.37330704100895673
n1_d2048_r4,1,2048,4,133,6.25e-05,1.6726164493697203e-11,0.5991531908512115,0.3754082090163138
n1_d2048_r4,1,2048,4,134,6.25e-05,1.206311960383539e-11,0.5991532206535339,0.36480008298531175
n1_d4096_r4,1,4096,4,1,0.001,0.9867026098072529,0.898194819688797,0.658644709008513
n1_d4096_r4,1,4096,4,2,0.001,0.5754053581040353,0.7750531733036041,0.582155124982819
n1_d4096_r4,1,4096,4,3,0.001,0.24472110392525792,0.7122649699449539,0.5533212919835933
n1_d4096_r4,1,4096,4,4,0.001,0.09408751392038539,0.6845482289791107,0.6013885420106817
n1_d4096_r4,1,4096,4,5,0.001,0.045754707331070676,0.6686627566814423,0.5597330830059946
n1_d4096_r4,1,4096,4,6,0.001,0.028162848437204957,0.6684786081314087,0.5611577910021879
n1_d4096_r4,1,4096,4,7,0.001,0.02162661306647351,0.6633549928665161,0.5530270840099547
n1_d4096_r4,1,4096,4,8,0.001,0.02009941569849616,0.6601346731185913,0.5580900839995593
n1_d4096_r4,1,4096,4,9,0.001,0.019758099253522232,0.6631858199834824,0.5532853750046343
n1_d4096_r4,1,4096,4,10,0.001,0.020847137828241102,0.6618244796991348,0.5559620420099236
n1_d4096_r4,1,4096,4,11,0.001,0.022554627706995234,0.6587055623531342,0.5507838340126909
n1_d4096_r4,1,4096,4,12,0.001,0.02446577926457394,0.6600956320762634,0.5951498330105096
n1_d4096_r4,1,4096,4,13,0.001,0.026253993433783762,0.659356027841568,0.5548151250113733
n1_d4096_r4,1,4096,4,14,0.001,0.02652164126629941,0.6552544683218002,0.552449125010753
n1_d4096_r4,1,4096,4,15,0.001,0.02627886385016609,0.6577199399471283,0.5547547909955028
n1_d4096_r4,1,4096,4,16,0.001,0.025657735284767114,0.6491323858499527,0.551835916005075
n1_d4096_r4,1,4096,4,17,0.001,0.024777034646831453,0.6504923850297928,0.5806042500189506
n1_d4096_r4,1,4096,4,18,0.001,0.022973196813836694,0.6465428471565247,0.5560651249834336
n1_d4096_r4,1,4096,4,19,0.001,0.021776848574518226,0.6462975591421127,0.5935420420137234
n1_d4096_r4,1,4096,4,20,0.001,0.02098175160062965,0.648064598441124,0.5579039160220418
n1_d4096_r4,1,4096,4,21,0.001,0.01999681098095607,0.6451229751110077,0.5582210420107003
n1_d4096_r4,1,4096,4,22,0.001,0.01910126255825162,0.642317920923233,0.5532161660084967
n1_d4096_r4,1,4096,4,23,0.001,0.018212949769804254,0.6408149749040604,0.5552556249895133
n1_d4096_r4,1,4096,4,24,0.001,0.01823407193296589,0.6418785452842712,0.561916457983898
n1_d4096_r4,1,4096,4,25,0.001,0.017770180638763122,0.6396167874336243,0.558583208010532
n1_d4096_r4,1,4096,4,26,0.001,0.017685241255094297,0.6350642442703247,0.5576613750017714
n1_d4096_r4,1,4096,4,27,0.001,0.018083234361256473,0.6387617886066437,0.5974865829921328
n1_d4096_r4,1,4096,4,28,0.001,0.01846956551889889,0.6392882168292999,0.5668661670060828
n1_d4096_r4,1,4096,4,29,0.001,0.01861547099542804,0.6351731866598129,0.5622611249855254
n1_d4096_r4,1,4096,4,30,0.001,0.019383019520319067,0.6340635269880295,0.5888195000006817
n1_d4096_r4,1,4096,4,31,0.001,0.019251767225796357,0.6393771469593048,0.5679464999993797
n1_d4096_r4,1,4096,4,32,0.001,0.01894895038276445,0.6308389604091644,0.5525555000058375
n1_d4096_r4,1,4096,4,33,0.001,0.01862780149531318,0.6348607987165451,0.5661075829993933
n1_d4096_r4,1,4096,4,34,0.001,0.016987321207125206,0.631910040974617,0.5671605830139015
n1_d4096_r4,1,4096,4,35,0.001,0.01573407544492511,0.6341385096311569,0.5973146250180434
n1_d4096_r4,1,4096,4,36,0.001,0.014684847832540981,0.6283193081617355,0.5625449579965789
n1_d4096_r4,1,4096,4,37,0.001,0.013975093657791149,0.6341521441936493,0.5525526250130497
n1_d4096_r4,1,4096,4,38,0.001,0.013828246483171824,0.6259001940488815,0.5579018330026884
n1_d4096_r4,1,4096,4,39,0.001,0.014137802565528546,0.631118044257164,0.5565861249924637
n1_d4096_r4,1,4096,4,40,0.001,0.014278228634793777,0.6250291913747787,0.5639611659862567
n1_d4096_r4,1,4096,4,41,0.001,0.014470939924649429,0.6283691972494125,0.5601712499919813
n1_d4096_r4,1,4096,4,42,0.001,0.014577405876480043,0.625370129942894,0.5524837499833666
n1_d4096_r4,1,4096,4,43,0.001,0.014253070839913562,0.6290580332279205,0.5968607919930946
n1_d4096_r4,1,4096,4,44,0.001,0.01380786862137029,0.6206680685281754,0.5565767090010922
n1_d4096_r4,1,4096,4,45,0.001,0.013311962633451913,0.6259153336286545,0.5587579159764573
n1_d4096_r4,1,4096,4,46,0.001,0.013161502436560113,0.622745081782341,0.55180791701423
n1_d4096_r4,1,4096,4,47,0.001,0.013139277238224167,0.6217762678861618,0.5837495840096381
n1_d4096_r4,1,4096,4,48,0.001,0.012701015381026082,0.6208642870187759,0.5531734999967739
n1_d4096_r4,1,4096,4,49,0.001,0.012837379705160856,0.6212267130613327,0.5554655830201227
n1_d4096_r4,1,4096,4,50,0.001,0.012827538666897453,0.6168336272239685,0.5519925000262447
n1_d4096_r4,1,4096,4,51,0.001,0.012227894898387603,0.61695995926857,0.5848720830108505
n1_d4096_r4,1,4096,4,52,0.001,0.01169507722806884,0.6170162856578827,0.5579837499826681
n1_d4096_r4,1,4096,4,53,0.001,0.011145914984808769,0.6165243536233902,0.5506389169895556
n1_d4096_r4,1,4096,4,54,0.001,0.01103211754525546,0.616621270775795,0.5534104160033166
n1_d4096_r4,1,4096,4,55,0.001,0.010751829817309044,0.613094225525856,0.5550414579920471
n1_d4096_r4,1,4096,4,56,0.001,0.01058834842115175,0.6130932569503784,0.5535591669904534
n1_d4096_r4,1,4096,4,57,0.001,0.010648800591297913,0.6141914129257202,0.5498626249900553
n1_d4096_r4,1,4096,4,58,0.001,0.010803404591570143,0.6144655644893646,0.5515550409909338
n1_d4096_r4,1,4096,4,59,0.001,0.010803942212078255,0.6107645183801651,0.5853351249825209
n1_d4096_r4,1,4096,4,60,0.001,0.010617592677590437,0.6123569160699844,0.5533867090125568
n1_d4096_r4,1,4096,4,61,0.001,0.010696082812501118,0.6143111437559128,0.5611032090091612
n1_d4096_r4,1,4096,4,62,0.001,0.010324908656912157,0.6123850792646408,0.5574392910057213
n1_d4096_r4,1,4096,4,63,0.001,0.009707470864668721,0.6131997406482697,0.5572509999910835
n1_d4096_r4,1,4096,4,64,0.001,0.009240680708899163,0.6132977902889252,0.5597771249886137
n1_d4096_r4,1,4096,4,65,0.001,0.008906662227673223,0.6123245507478714,0.56546308399993
n1_d4096_r4,1,4096,4,66,0.001,0.008848153083818033,0.6103720963001251,0.5558973750157747
n1_d4096_r4,1,4096,4,67,0.001,0.008593038477556547,0.6086864918470383,0.5550955420185346
n1_d4096_r4,1,4096,4,68,0.001,0.008170363977114903,0.6095745265483856,0.6054243329854216
n1_d4096_r4,1,4096,4,69,0.001,0.008212177057430381,0.6082467287778854,0.5494142500101589
n1_d4096_r4,1,4096,4,70,0.001,0.008575695184845245,0.6100118458271027,0.5626424579822924
n1_d4096_r4,1,4096,4,71,0.001,0.008601729157817317,0.6070040613412857,0.5605291670071892
n1_d4096_r4,1,4096,4,72,0.001,0.008400105976761552,0.6089319437742233,0.5581571660004556
n1_d4096_r4,1,4096,4,73,0.001,0.008616571758466307,0.6065289080142975,0.5579146670061164
n1_d4096_r4,1,4096,4,74,0.001,0.008901953620807035,0.60606749355793,0.561836625012802
n1_d4096_r4,1,4096,4,75,0.001,0.008986039101728238,0.6055262982845306,0.5609949159843381
n1_d4096_r4,1,4096,4,76,0.001,0.008421540471317712,0.6082710772752762,0.5961939580156468
n1_d4096_r4,1,4096,4,77,0.001,0.008146396397933131,0.603192150592804,0.5890409159765113
n1_d4096_r4,1,4096,4,78,0.001,0.007663153104658704,0.6050487011671066,0.5614050829899497
n1_d4096_r4,1,4096,4,79,0.001,0.0073790567366813775,0.605934664607048,0.5682374589960091
n1_d4096_r4,1,4096,4,80,0.001,0.007348597086092923,0.6023184210062027,0.5535248330270406
n1_d4096_r4,1,4096,4,81,0.001,0.007038228781311773,0.6048695594072342,0.5566666660015471
n1_d4096_r4,1,4096,4,82,0.001,0.006876573996123625,0.604108527302742,0.5535855829948559
n1_d4096_r4,1,4096,4,83,0.001,0.006794644988985965,0.6019591093063354,0.5897385840071365
n1_d4096_r4,1,4096,4,84,0.001,0.006893732384924078,0.6025723814964294,0.5582234160101507
n1_d4096_r4,1,4096,4,85,0.001,0.006822088435001206,0.6031692624092102,0.5553583329892717
n1_d4096_r4,1,4096,4,86,0.001,0.006597553539904766,0.6040855944156647,0.5589772080129478
n1_d4096_r4,1,4096,4,87,0.001,0.006453472400608007,0.6047699004411697,0.5536500840098597
n1_d4096_r4,1,4096,4,88,0.001,0.006466255046689184,0.602920338511467,0.5646824169962201
n1_d4096_r4,1,4096,4,89,0.001,0.0064422101131640375,0.601753830909729,0.559850749996258
n1_d4096_r4,1,4096,4,90,0.001,0.006407390224921983,0.6024799197912216,0.5592376670101658
n1_d4096_r4,1,4096,4,91,0.001,0.006329347455903189,0.6021003574132919,0.6001623749907594
n1_d4096_r4,1,4096,4,92,0.001,0.006641670377575792,0.6019436120986938,0.5538432500034105
n1_d4096_r4,1,4096,4,93,0.001,0.0067274164357513655,0.5988217443227768,0.5614395829907153
n1_d4096_r4,1,4096,4,94,0.001,0.006436938558181282,0.6035009175539017,0.5540958750061691
n1_d4096_r4,1,4096,4,95,0.001,0.006280472291109618,0.5982848703861237,0.55654316698201
n1_d4096_r4,1,4096,4,96,0.001,0.006200213792908471,0.6024379730224609,0.5622942920017522
n1_d4096_r4,1,4096,4,97,0.001,0.006381695617164951,0.6019845902919769,0.5641781250014901
n1_d4096_r4,1,4096,4,98,0.001,0.005963336028798949,0.6041621714830399,0.5612233330029994
n1_d4096_r4,1,4096,4,99,0.001,0.005651966093864758,0.6008959263563156,0.6047509999771137
n1_d4096_r4,1,4096,4,100,0.001,0.005346756126527907,0.6015916764736176,0.5662930000107735
n1_d4096_r4,1,4096,4,101,0.001,0.005360990160625079,0.6009734123945236,0.5574852090212516
n1_d4096_r4,1,4096,4,102,0.001,0.00538281446279143,0.6001963019371033,0.5596970000187866
n1_d4096_r4,1,4096,4,103,0.001,0.00518160983119742,0.6019133031368256,0.5573640410148073
n1_d4096_r4,1,4096,4,104,0.0005,0.0043230358642176725,0.5970529019832611,0.5571217920223717
n1_d4096_r4,1,4096,4,105,0.0005,0.0006573458533694065,0.59727643430233,0.573417999985395
n1_d4096_r4,1,4096,4,106,0.0005,0.0001340270990795034,0.5967007428407669,0.562108750018524
n1_d4096_r4,1,4096,4,107,0.0005,3.1388714404556595e-05,0.5969566702842712,0.6215534590010066
n1_d4096_r4,1,4096,4,108,0.0005,1.0551739496378332e-05,0.5968926548957825,0.5648008750285953
n1_d4096_r4,1,4096,4,109,0.0005,5.778027327707491e-06,0.596941664814949,0.5643109590164386
n1_d4096_r4,1,4096,4,110,0.0005,5.056578299189596e-06,0.5969071239233017,0.5599407920090016
n1_d4096_r4,1,4096,4,111,0.0005,6.211669014710708e-06,0.5969240963459015,0.5733354160038289
n1_d4096_r4,1,4096,4,112,0.0005,7.497393699651411e-06,0.5969149470329285,0.587664541992126
n1_d4096_r4,1,4096,4,113,0.0005,8.748679162451367e-06,0.5969160795211792,0.5910263329860754
n1_d4096_r4,1,4096,4,114,0.0005,1.103301900684528e-05,0.5969769507646561,0.6418927499908023
n1_d4096_r4,1,4096,4,115,0.00025,1.5265287242272052e-05,0.5969303846359253,0.7371701249794569
n1_d4096_r4,1,4096,4,116,0.00025,3.43150536075143e-06,0.5968967229127884,0.6968041659856681
n1_d4096_r4,1,4096,4,117,0.00025,1.526701364662486e-06,0.59693743288517,0.6065804169920739
n1_d4096_r4,1,4096,4,118,0.00025,1.089967789025259e-06,0.596908763051033,0.5709827079845127
n1_d4096_r4,1,4096,4,119,0.00025,9.452064855808295e-07,0.5969236046075821,0.5944351670041215
n1_d4096_r4,1,4096,4,120,0.00025,9.130979695959329e-07,0.5968948751688004,0.6774582499929238
n1_d4096_r4,1,4096,4,121,0.00025,9.375720032844814e-07,0.596918135881424,0.5979389999993145
n1_d4096_r4,1,4096,4,122,0.00025,9.998000098931925e-07,0.5968942642211914,0.5872612500097603
n1_d4096_r4,1,4096,4,123,0.000125,1.12104378702238e-06,0.5969223827123642,0.6476361250097398
n1_d4096_r4,1,4096,4,124,0.000125,8.26005636042626e-07,0.5969077795743942,0.7003760419902392
n1_d4096_r4,1,4096,4,125,0.000125,7.770701052865758e-07,0.5969119966030121,0.6661450829997193
n1_d4096_r4,1,4096,4,126,0.000125,7.653275801086656e-07,0.5969123244285583,0.5975803330074996
n1_d64_r5,1,64,5,1,0.001,1.0566529063507915,0.9141573756933212,0.2570934999966994
n1_d64_r5,1,64,5,2,0.001,0.8004043423570693,0.7361117899417877,0.24814404200878926
n1_d64_r5,1,64,5,3,0.001,0.6536805559881032,0.6085486114025116,0.24859087500954047
n1_d64_r5,1,64,5,4,0.001,0.5773417125456035,0.5579351931810379,0.2504540419904515
n1_d64_r5,1,64,5,5,0.001,0.5468850347679108,0.5358747690916061,0.25263400000403635
n1_d64_r5,1,64,5,6,0.001,0.5299711462575942,0.5238509178161621,0.2481815840001218
n1_d64_r5,1,64,5,7,0.001,0.5197518337517977,0.5164073556661606,0.24585070798639208
n1_d64_r5,1,64,5,8,0.001,0.5135875442065299,0.5128759294748306,0.24867299999459647
n1_d64_r5,1,64,5,9,0.001,0.5097485901787877,0.5111648738384247,0.2903229169896804
n1_d64_r5,1,64,5,10,0.001,0.5071593921165913,0.5091373324394226,0.24935620900942013
n1_d64_r5,1,64,5,11,0.001,0.5055965520441532,0.5085371136665344,0.24874270800501108
n1_d64_r5,1,64,5,12,0.001,0.5044572013430297,0.5073002278804779,0.2465496670047287
n1_d64_r5,1,64,5,13,0.001,0.5031921993941069,0.505418449640274,0.24851837498135865
n1_d64_r5,1,64,5,14,0.001,0.5027639772742987,0.5060406476259232,0.2460080000164453
n1_d64_r5,1,64,5,15,0.001,0.5020737906452268,0.5052377730607986,0.2454075000132434
n1_d64_r5,1,64,5,16,0.001,0.5012214411981404,0.5060345381498337,0.2845570420031436
n1_d64_r5,1,64,5,17,0.001,0.50099141523242,0.5060780197381973,0.2603342079964932
n1_d64_r5,1,64,5,18,0.001,0.50034922757186,0.5046627521514893,0.2455535829940345
n1_d64_r5,1,64,5,19,0.001,0.4995735138654709,0.5037934184074402,0.2445833749952726
n1_d64_r5,1,64,5,20,0.001,0.4992979390081018,0.5040495544672012,0.24631320900516585
n1_d64_r5,1,64,5,21,0.001,0.49879935034550726,0.504631981253624,0.24834024999290705
n1_d64_r5,1,64,5,22,0.001,0.49835318862460554,0.5041833594441414,0.2517695420247037
n1_d64_r5,1,64,5,23,0.001,0.49787345086224377,0.5037616640329361,0.2456916669907514
n1_d64_r5,1,64,5,24,0.001,0.49751276383176446,0.5029286295175552,0.28520566699444316
n1_d64_r5,1,64,5,25,0.001,0.4968181373551488,0.504490464925766,0.24806633300613612
n1_d64_r5,1,64,5,26,0.001,0.4965518608223647,0.5032865852117538,0.2468400420038961
n1_d64_r5,1,64,5,27,0.001,0.4962528753094375,0.5042206943035126,0.2449717500130646
n1_d64_r5,1,64,5,28,0.001,0.4958925216924399,0.5041153281927109,0.24308329200721346
n1_d64_r5,1,64,5,29,0.001,0.49528101622126997,0.5040452629327774,0.24627425000653602
n1_d64_r5,1,64,5,30,0.001,0.4950446984730661,0.5035493969917297,0.24485466699115932
n1_d64_r5,1,64,5,31,0.001,0.4948274795897305,0.5038287788629532,0.24480849999235943
n1_d64_r5,1,64,5,32,0.001,0.49481511814519763,0.5036590397357941,0.2819175840122625
n1_d64_r5,1,64,5,33,0.0005,0.49308343045413494,0.5030242502689362,0.2465807909902651
n1_d64_r5,1,64,5,34,0.0005,0.4929306993726641,0.5032537430524826,0.24573362502269447
n1_d64_r5,1,64,5,35,0.0005,0.49281150405295193,0.5031494349241257,0.24578995900810696
n1_d64_r5,1,64,5,36,0.0005,0.4926236807368696,0.5034782290458679,0.27461954098544084
n1_d64_r5,1,64,5,37,0.0005,0.4926041401922703,0.5031504482030869,0.29646391700953245
n1_d64_r5,1,64,5,38,0.0005,0.49245067802257836,0.5034262984991074,0.29099379101535305
n1_d64_r5,1,64,5,39,0.0005,0.49245536467060447,0.5031950622797012,0.2929026669880841
n1_d64_r5,1,64,5,40,0.0005,0.4922960076946765,0.503119558095932,0.329368999984581
n1_d64_r5,1,64,5,41,0.00025,0.49147479562088847,0.5028678327798843,0.25063841699738987
n1_d64_r5,1,64,5,42,0.00025,0.49136167811229825,0.502909779548645,0.32387387499329634
n1_d64_r5,1,64,5,43,0.00025,0.49136355868540704,0.5031770765781403,0.27487012499477714
n1_d64_r5,1,64,5,44,0.00025,0.4913007153663784,0.5033328980207443,0.24436137502198108
n1_d64_r5,1,64,5,45,0.00025,0.49127459479495883,0.5029114484786987,0.24627058298210613
n1_d64_r5,1,64,5,46,0.00025,0.4912149824667722,0.5029139518737793,0.24453270802041516
n1_d64_r5,1,64,5,47,0.00025,0.49119222280569375,0.5027386695146561,0.2462401659868192
n1_d64_r5,1,64,5,48,0.00025,0.49115982884541154,0.5030856877565384,0.28385916698607616
n1_d64_r5,1,64,5,49,0.00025,0.49109930428676307,0.5030518770217896,0.24385070899734274
n1_d64_r5,1,64,5,50,0.00025,0.4910622036550194,0.503057524561882,0.24484287499217317
n1_d64_r5,1,64,5,51,0.00025,0.4910355182364583,0.5029702484607697,0.24290508299600333
n1_d64_r5,1,64,5,52,0.00025,0.49100680905394256,0.5030421018600464,0.24508208298357204
n1_d64_r5,1,64,5,53,0.00025,0.49098454462364316,0.5030837059020996,0.243734832998598
n1_d64_r5,1,64,5,54,0.00025,0.49087020265869796,0.5029261708259583,0.24473808400216512
n1_d64_r5,1,64,5,55,0.00025,0.49086239212192595,0.5028550773859024,0.24602641598903574
n1_d64_r5,1,64,5,56,0.000125,0.49045536178164184,0.5027497112751007,0.282829584000865
n1_d64_r5,1,64,5,57,0.000125,0.49043238419108093,0.5029468089342117,0.24716475000604987
n1_d64_r5,1,64,5,58,0.000125,0.49042478506453335,0.5028727203607559,0.24490695798886009
n1_d64_r5,1,64,5,59,0.000125,0.49038097239099443,0.5028729438781738,0.24519512499682605
n1_d64_r5,1,64,5,60,0.000125,0.4903783383779228,0.5028487294912338,0.24485637500765733
n1_d64_r5,1,64,5,61,0.000125,0.4903575563803315,0.5029313117265701,0.24414349999278784
n1_d64_r5,1,64,5,62,0.000125,0.4903674712404609,0.5029727071523666,0.2435586249921471
n1_d64_r5,1,64,5,63,0.000125,0.4903555770870298,0.5028148740530014,0.27904091600794345
n1_d64_r5,1,64,5,64,6.25e-05,0.4901105060707778,0.5028092563152313,0.24949566699797288
n1_d64_r5,1,64,5,65,6.25e-05,0.4901073519140482,0.5028409957885742,0.24323637498309836
n1_d64_r5,1,64,5,66,6.25e-05,0.49009654857218266,0.5028141587972641,0.241651374992216
n1_d64_r5,1,64,5,67,6.25e-05,0.49008265999145806,0.5028484165668488,0.24270900001283735
n1_d128_r5,1,128,5,1,0.001,0.9621229809708893,0.8673993945121765,0.254628665978089
n1_d128_r5,1,128,5,2,0.001,0.7277417127043009,0.6609383374452591,0.25373204197967425
n1_d128_r5,1,128,5,3,0.001,0.5847929397132248,0.5751597583293915,0.25469654198968783
n1_d128_r5,1,128,5,4,0.001,0.5429800448473543,0.5526800900697708,0.29319083399605006
n1_d128_r5,1,128,5,5,0.001,0.5236193824093789,0.5390251576900482,0.2512116669968236
n1_d128_r5,1,128,5,6,0.001,0.5118789672851562,0.5321514755487442,0.2550296669942327
n1_d128_r5,1,128,5,7,0.001,0.5038253625389189,0.5265638679265976,0.2528470420220401
n1_d128_r5,1,128,5,8,0.001,0.4984310350846499,0.5223855227231979,0.2525782079901546
n1_d128_r5,1,128,5,9,0.001,0.49395063892006874,0.5217131227254868,0.254489792016102
n1_d128_r5,1,128,5,10,0.001,0.4909849348478019,0.5198518186807632,0.25251695900806226
n1_d128_r5,1,128,5,11,0.001,0.48850114503875375,0.5182074308395386,0.2521752500033472
n1_d128_r5,1,128,5,12,0.001,0.48640876030549407,0.5175101608037949,0.2973551659961231
n1_d128_r5,1,128,5,13,0.001,0.4848685204051435,0.5188137739896774,0.25212587500573136
n1_d128_r5,1,128,5,14,0.001,0.4833246157504618,0.5179621279239655,0.2556572080065962
n1_d128_r5,1,128,5,15,0.001,0.4821623764000833,0.5150564461946487,0.2576360839884728
n1_d128_r5,1,128,5,16,0.001,0.4806186070200056,0.5162934064865112,0.25562620800337754
n1_d128_r5,1,128,5,17,0.001,0.47978171380236745,0.5174771100282669,0.25534237499232404
n1_d128_r5,1,128,5,18,0.001,0.47860999614931643,0.5180091261863708,0.2549984159995802
n1_d128_r5,1,128,5,19,0.001,0.4782620428595692,0.5185927301645279,0.2963375000108499
n1_d128_r5,1,128,5,20,0.001,0.4767056207638234,0.5173268020153046,0.2679929999867454
n1_d128_r5,1,128,5,21,0.001,0.47587409266270697,0.5191102474927902,0.2567104999907315
n1_d128_r5,1,128,5,22,0.001,0.475162852788344,0.5205574929714203,0.255538625002373
n1_d128_r5,1,128,5,23,0.001,0.47434283955954015,0.5182190388441086,0.2538043749809731
n1_d128_r5,1,128,5,24,0.0005,0.47095330338925123,0.5197365581989288,0.25433704201714136
n1_d128_r5,1,128,5,25,0.0005,0.4700759563129395,0.5199382901191711,0.25292462497600354
n1_d128_r5,1,128,5,26,0.0005,0.4696660931222141,0.5199079364538193,0.25254395802039653
n1_d128_r5,1,128,5,27,0.0005,0.4694017965812236,0.5205785483121872,0.28904116700869054
n1_d128_r5,1,128,5,28,0.0005,0.46897549903951585,0.5202012062072754,0.2583974169974681
n1_d128_r5,1,128,5,29,0.0005,0.46868442464619875,0.5206525325775146,0.2527708330017049
n1_d128_r5,1,128,5,30,0.0005,0.4682833740953356,0.5201740860939026,0.2551517079991754
n1_d128_r5,1,128,5,31,0.0005,0.46813298179768026,0.5212259590625763,0.25310925001394935
n1_d128_r5,1,128,5,32,0.00025,0.46604764950461686,0.5209273546934128,0.25212091699359007
n1_d128_r5,1,128,5,33,0.00025,0.4658153129275888,0.5212100893259048,0.2528982500080019
n1_d128_r5,1,128,5,34,0.00025,0.46554973046295345,0.5210749059915543,0.25284033399657346
n1_d128_r5,1,128,5,35,0.00025,0.4654708451125771,0.5214674472808838,0.2911662919796072
n1_d256_r5,1,256,5,1,0.001,0.9508798448368907,0.8390835374593735,0.2612463329860475
n1_d256_r5,1,256,5,2,0.001,0.6857315967790782,0.6288340240716934,0.25631270799203776
n1_d256_r5,1,256,5,3,0.001,0.5584229023661464,0.5848227590322495,0.25745100001222454
n1_d256_r5,1,256,5,4,0.001,0.5180425306316465,0.5699024498462677,0.25780804199166596
n1_d256_r5,1,256,5,5,0.001,0.49582289764657617,0.5581250637769699,0.2577250830072444
n1_d256_r5,1,256,5,6,0.001,0.48038540058769286,0.5555793046951294,0.2566923330014106
n1_d256_r5,1,256,5,7,0.001,0.46812825417146087,0.554105818271637,0.2569003750104457
n1_d256_r5,1,256,5,8,0.001,0.45918893814086914,0.5556151121854782,0.2971268749970477
n1_d256_r5,1,256,5,9,0.001,0.4506005661096424,0.5557635873556137,0.25459929200587794
n1_d256_r5,1,256,5,10,0.001,0.4437886159867048,0.561379924416542,0.25343754200730473
n1_d256_r5,1,256,5,11,0.001,0.4370293279644102,0.5604266226291656,0.25493262498639524
n1_d256_r5,1,256,5,12,0.001,0.4316398852970451,0.5622524470090866,0.2549713329935912
n1_d256_r5,1,256,5,13,0.001,0.4262409203220159,0.5647424012422562,0.2553024170047138
n1_d256_r5,1,256,5,14,0.001,0.42192210047505796,0.5702760964632034,0.2555584159854334
n1_d256_r5,1,256,5,15,0.001,0.416747372597456,0.5754440724849701,0.26192762501887046
n1_d256_r5,1,256,5,16,0.0005,0.40416914387606084,0.5721394121646881,0.2969105420052074
n1_d256_r5,1,256,5,17,0.0005,0.40110349585302174,0.5774013847112656,0.2581952500040643
n1_d256_r5,1,256,5,18,0.0005,0.39877519151195884,0.5797503739595413,0.2566875420161523
n1_d256_r5,1,256,5,19,0.0005,0.39696338935755193,0.5839615911245346,0.2575077079818584
n1_d256_r5,1,256,5,20,0.0005,0.39511912036687136,0.585317388176918,0.26121533301193267
n1_d256_r5,1,256,5,21,0.0005,0.39283148432150483,0.5890525877475739,0.2699751250038389
n1_d256_r5,1,256,5,22,0.0005,0.3915095205884427,0.5906356275081635,0.2578312089899555
n1_d256_r5,1,256,5,23,0.0005,0.3895328394137323,0.5951053202152252,0.25541345798410475
n1_d256_r5,1,256,5,24,0.00025,0.3831502010580152,0.5947049856185913,0.3059365829976741
n1_d256_r5,1,256,5,25,0.00025,0.38169572991319,0.5951342284679413,0.26313158302218653
n1_d256_r5,1,256,5,26,0.00025,0.38071293965913355,0.5978176146745682,0.2602198340173345
n1_d256_r5,1,256,5,27,0.00025,0.379754624562338,0.598769873380661,0.2556005000078585
n1_d512_r5,1,512,5,1,0.001,0.9596723252907395,0.856392502784729,0.31337612500647083
n1_d512_r5,1,512,5,2,0.001,0.6484330520033836,0.6511792540550232,0.3122452920069918
n1_d512_r5,1,512,5,3,0.001,0.5072726013604552,0.6173943281173706,0.312365084013436
n1_d512_r5,1,512,5,4,0.001,0.4445393211208284,0.6171108484268188,0.34974608398624696
n1_d512_r5,1,512,5,5,0.001,0.4021649349015206,0.6237508803606033,0.31141708299401216
n1_d512_r5,1,512,5,6,0.001,0.3675013540778309,0.6350217759609222,0.31130637499154545
n1_d512_r5,1,512,5,7,0.001,0.3375184943433851,0.6572303026914597,0.3111999160028063
n1_d512_r5,1,512,5,8,0.001,0.3108182302676141,0.6767462342977524,0.31083587498869747
n1_d512_r5,1,512,5,9,0.001,0.2871080185286701,0.6925796717405319,0.3107423750043381
n1_d512_r5,1,512,5,10,0.001,0.26454667560756207,0.723946139216423,0.3105918329965789
n1_d512_r5,1,512,5,11,0.001,0.24564894591458142,0.7325509637594223,0.30769341698032804
n1_d512_r5,1,512,5,12,0.001,0.22814377199392766,0.7583470791578293,0.34928508300799876
n1_d512_r5,1,512,5,13,0.0005,0.19095080078113824,0.7739539593458176,0.3070284170098603
n1_d512_r5,1,512,5,14,0.0005,0.17951454571448267,0.7914496809244156,0.3086825840000529
n1_d512_r5,1,512,5,15,0.0005,0.17106813308782876,0.812567412853241,0.3101198749791365
n1_d512_r5,1,512,5,16,0.0005,0.16426507983123884,0.828715443611145,0.3052529999986291
n1_d512_r5,1,512,5,17,0.0005,0.1584327692980878,0.8355801105499268,0.308360166993225
n1_d512_r5,1,512,5,18,0.0005,0.15238251915434375,0.8496715277433395,0.3177070000092499
n1_d512_r5,1,512,5,19,0.0005,0.14743592677405104,0.8623901903629303,0.35638683298020624
n1_d512_r5,1,512,5,20,0.0005,0.1424312358140014,0.8736065179109573,0.31194300000788644
n1_d512_r5,1,512,5,21,0.00025,0.12672869337256998,0.8830959796905518,0.31420258298749104
n1_d512_r5,1,512,5,22,0.00025,0.12246728414902464,0.8957746177911758,0.31544470801600255
n1_d512_r5,1,512,5,23,0.00025,0.12034261203370988,0.9009994268417358,0.3105156669917051
n1_d512_r5,1,512,5,24,0.00025,0.11782361863879487,0.9119070023298264,0.3111208750051446
n1_d1024_r5,1,1024,5,1,0.001,0.947228800971061,0.8364056944847107,0.3320321660139598
n1_d1024_r5,1,1024,5,2,0.001,0.5494592031463981,0.6549608558416367,0.36253591600689106
n1_d1024_r5,1,1024,5,3,0.001,0.3526345163118094,0.6546455174684525,0.3271970830101054
n1_d1024_r5,1,1024,5,4,0.001,0.23811626562383026,0.6887707710266113,0.3286610829818528
n1_d1024_r5,1,1024,5,5,0.001,0.15795525728026405,0.7232109755277634,0.32825929098180495
n1_d1024_r5,1,1024,5,6,0.001,0.10133591544581577,0.7622314095497131,0.3286374160088599
n1_d1024_r5,1,1024,5,7,0.001,0.0647222028055694,0.7778759449720383,0.326901166990865
n1_d1024_r5,1,1024,5,8,0.001,0.04287990799639374,0.7960674613714218,0.32291133399121463
n1_d1024_r5,1,1024,5,9,0.001,0.029841564100934193,0.8027078807353973,0.32052458298858255
n1_d1024_r5,1,1024,5,10,0.001,0.02326856092258822,0.8094915449619293,0.32850891700945795
n1_d1024_r5,1,1024,5,11,0.001,0.021002822526497766,0.8052663952112198,0.3622167499852367
n1_d1024_r5,1,1024,5,12,0.0005,0.014580818206013646,0.8001428842544556,0.32254683299106546
n1_d1024_r5,1,1024,5,13,0.0005,0.004540169014944695,0.801035612821579,0.3232852910005022
n1_d1024_r5,1,1024,5,14,0.0005,0.002044655822828645,0.8035843521356583,0.3232060839945916
n1_d1024_r5,1,1024,5,15,0.0005,0.0011293690927232092,0.8042183220386505,0.32457762499689125
n1_d1024_r5,1,1024,5,16,0.0005,0.0007071288646329776,0.8050695210695267,0.3248435420100577
n1_d1024_r5,1,1024,5,17,0.0005,0.0004822669541226787,0.806596502661705,0.323241208010586
n1_d1024_r5,1,1024,5,18,0.0005,0.0003536191622970364,0.8065562844276428,0.35941766598261893
n1_d1024_r5,1,1024,5,19,0.0005,0.00028241571726539405,0.8079553246498108,0.3274562500009779
n1_d1024_r5,1,1024,5,20,0.00025,0.00020040234352336483,0.8080190122127533,0.3250057499972172
n1_d1024_r5,1,1024,5,21,0.00025,0.00010860612869123543,0.8083127737045288,0.3234842919919174
n1_d1024_r5,1,1024,5,22,0.00025,8.325320764868138e-05,0.8087679594755173,0.3253172500117216
n1_d1024_r5,1,1024,5,23,0.00025,7.08365916892717e-05,0.8088221102952957,0.3233758330170531
n1_d2048_r5,1,2048,5,1,0.001,0.9642779156565666,0.8578779697418213,0.37922770899604075
n1_d2048_r5,1,2048,5,2,0.001,0.4115182962268591,0.7326040714979172,0.38517408299958333
n1_d2048_r5,1,2048,5,3,0.001,0.14836585108423606,0.7521306872367859,0.4126747499976773
n1_d2048_r5,1,2048,5,4,0.001,0.06130809665773995,0.7399861067533493,0.37145375000545755
n1_d2048_r5,1,2048,5,5,0.001,0.03860654646996409,0.7349410653114319,0.37253570900065824
n1_d2048_r5,1,2048,5,6,0.001,0.03279847181693185,0.7289917469024658,0.3671095829922706
n1_d2048_r5,1,2048,5,7,0.001,0.03353104922280181,0.722484290599823,0.38590183400083333
n1_d2048_r5,1,2048,5,8,0.001,0.03440864337608218,0.7155445665121078,0.3656486660183873
n1_d2048_r5,1,2048,5,9,0.001,0.035065196265350096,0.7100355923175812,0.3763856249861419
n1_d2048_r5,1,2048,5,10,0.001,0.034394580201478675,0.7026002109050751,0.3734437499952037
n1_d2048_r5,1,2048,5,11,0.001,0.0316508156247437,0.6987729519605637,0.417957916011801
n1_d2048_r5,1,2048,5,12,0.001,0.029126228881068528,0.6987275034189224,0.38862583399168216
n1_d2048_r5,1,2048,5,13,0.001,0.026479980791918933,0.6959192752838135,0.3930817910004407
n1_d2048_r5,1,2048,5,14,0.001,0.024111230886774138,0.6881404668092728,0.36932541700662114
n1_d2048_r5,1,2048,5,15,0.001,0.022310727392323315,0.6843055337667465,0.36897458299063146
n1_d2048_r5,1,2048,5,16,0.001,0.022108736840891652,0.6812170743942261,0.3752515000232961
n1_d2048_r5,1,2048,5,17,0.001,0.02236514730611816,0.6801483631134033,0.3834392499993555
n1_d2048_r5,1,2048,5,18,0.001,0.022776904021156952,0.6802706569433212,0.412494541000342
n1_d2048_r5,1,2048,5,19,0.001,0.023215619730763137,0.6771942526102066,0.37942970800213516
n1_d2048_r5,1,2048,5,20,0.001,0.02290000329958275,0.6722283512353897,0.4063241249823477
n1_d2048_r5,1,2048,5,21,0.001,0.02239607805677224,0.6693173050880432,0.384231208008714
n1_d2048_r5,1,2048,5,22,0.001,0.0217753933466156,0.6655744165182114,0.37612604099558666
n1_d2048_r5,1,2048,5,23,0.001,0.020863873694906943,0.6644970774650574,0.3750546670053154
n1_d2048_r5,1,2048,5,24,0.001,0.021138159558176994,0.6637578755617142,0.3746294580050744
n1_d2048_r5,1,2048,5,25,0.001,0.020935576540068723,0.6636639088392258,0.37383687499095686
n1_d2048_r5,1,2048,5,26,0.001,0.020150402662693523,0.6570020765066147,0.4111877499963157
n1_d2048_r5,1,2048,5,27,0.001,0.019260371598647907,0.6586472690105438,0.38325395798892714
n1_d2048_r5,1,2048,5,28,0.001,0.01864909238065593,0.654088705778122,0.36883437499636784
n1_d2048_r5,1,2048,5,29,0.001,0.01800337584427325,0.6519299894571304,0.3800570000021253
n1_d2048_r5,1,2048,5,30,0.001,0.017675811439403333,0.6513656377792358,0.38269591599237174
n1_d2048_r5,1,2048,5,31,0.001,0.01687422246322967,0.6488069444894791,0.38000495798769407
n1_d2048_r5,1,2048,5,32,0.001,0.016715183555788826,0.6491855531930923,0.38570641598198563
n1_d2048_r5,1,2048,5,33,0.001,0.016947623014857527,0.6452145427465439,0.38809829199453816
n1_d2048_r5,1,2048,5,34,0.001,0.01704850966052618,0.6491790264844894,0.4098437500069849
n1_d2048_r5,1,2048,5,35,0.001,0.016864702658494934,0.6464089006185532,0.38285270900814794
n1_d2048_r5,1,2048,5,36,0.001,0.016971996883512475,0.6402202844619751,0.3742837499885354
n1_d2048_r5,1,2048,5,37,0.001,0.0171013420476811,0.6444710046052933,0.38061020799796097
n1_d2048_r5,1,2048,5,38,0.001,0.016754645090259146,0.6371107697486877,0.412204833002761
n1_d2048_r5,1,2048,5,39,0.001,0.015777307038661093,0.64158995449543,0.38134833399089985
n1_d2048_r5,1,2048,5,40,0.001,0.014832774992100894,0.6316001564264297,0.3829952499945648
n1_d2048_r5,1,2048,5,41,0.001,0.014243705460103229,0.6392523348331451,0.38011241701315157
n1_d2048_r5,1,2048,5,42,0.001,0.014238511932489928,0.6383709013462067,0.37551895799697377
n1_d2048_r5,1,2048,5,43,0.001,0.014104951747867744,0.6375520825386047,0.4161441660253331
n1_d2048_r5,1,2048,5,44,0.001,0.014143670508929063,0.6380823105573654,0.36967262500547804
n1_d2048_r5,1,2048,5,45,0.001,0.014249026593461167,0.6334462463855743,0.3772290420019999
n1_d2048_r5,1,2048,5,46,0.001,0.014161732513457537,0.6324794441461563,0.37262641699635424
n1_d2048_r5,1,2048,5,47,0.001,0.014114499295828864,0.631836324930191,0.36770024997531436
n1_d2048_r5,1,2048,5,48,0.001,0.01415046466718195,0.6326362639665604,0.37621141702402383
n1_d2048_r5,1,2048,5,49,0.0005,0.011648895586404251,0.6239428073167801,0.37244033301249146
n1_d2048_r5,1,2048,5,50,0.0005,0.00195628964502248,0.6250248551368713,0.37249595898902044
n1_d2048_r5,1,2048,5,51,0.0005,0.0004385975646528095,0.6243099272251129,0.41260233300272375
n1_d2048_r5,1,2048,5,52,0.0005,0.00011091484742564717,0.6241249591112137,0.3669221249874681
n1_d2048_r5,1,2048,5,53,0.0005,3.140429454617788e-05,0.6243111044168472,0.3732020420138724
n1_d2048_r5,1,2048,5,54,0.0005,1.0075834641298798e-05,0.6242869198322296,0.374267666018568
n1_d2048_r5,1,2048,5,55,0.0005,3.825433834592218e-06,0.6243216693401337,0.37085058298544027
n1_d2048_r5,1,2048,5,56,0.0005,1.8450332550656867e-06,0.6242945492267609,0.37681787498877384
n1_d2048_r5,1,2048,5,57,0.0005,1.1205597045815807e-06,0.6243287324905396,0.37947574999998324
n1_d2048_r5,1,2048,5,58,0.00025,7.394780885405794e-07,0.62431401014328,0.4091574999911245
n1_d2048_r5,1,2048,5,59,0.00025,1.8909582993886787e-07,0.624320462346077,0.38069587500649504
n1_d2048_r5,1,2048,5,60,0.00025,1.0215924164946877e-07,0.6243191361427307,0.3731172090047039
n1_d2048_r5,1,2048,5,61,0.00025,7.775935303988568e-08,0.6243256777524948,0.375718582974514
n1_d2048_r5,1,2048,5,62,0.00025,6.40315869562813e-08,0.6243245005607605,0.3705923749948852
n1_d2048_r5,1,2048,5,63,0.00025,5.246315024770576e-08,0.6243278533220291,0.3668885840161238
n1_d2048_r5,1,2048,5,64,0.00025,4.586003032186481e-08,0.6243273615837097,0.37161075000767596
n1_d2048_r5,1,2048,5,65,0.00025,3.799814615387809e-08,0.6243273913860321,0.3732187499990687
n1_d2048_r5,1,2048,5,66,0.000125,3.053169308521453e-08,0.6243303865194321,0.4122674999816809
n1_d2048_r5,1,2048,5,67,0.000125,2.5949390352209695e-08,0.6243300884962082,0.40708937498857267
n1_d2048_r5,1,2048,5,68,0.000125,2.291710856500151e-08,0.6243304759263992,0.367910708009731
n1_d2048_r5,1,2048,5,69,0.000125,1.998644193071733e-08,0.6243297159671783,0.3760038749896921
n1_d4096_r5,1,4096,5,1,0.001,0.9704818320460618,0.9522112309932709,0.6108348749985453
n1_d4096_r5,1,4096,5,2,0.001,0.5064858214464039,0.7976645976305008,0.5641513339942321
n1_d4096_r5,1,4096,5,3,0.001,0.17850960238138214,0.7557850927114487,0.5539682919916231
n1_d4096_r5,1,4096,5,4,0.001,0.07199992402456701,0.726120188832283,0.6049594590149354
n1_d4096_r5,1,4096,5,5,0.001,0.039120064160670154,0.7249702364206314,0.5593307919916697
n1_d4096_r5,1,4096,5,6,0.001,0.02523710622335784,0.7147942185401917,0.5898310000193305
n1_d4096_r5,1,4096,5,7,0.001,0.02108373037481215,0.7169309109449387,0.5546776250121184
n1_d4096_r5,1,4096,5,8,0.001,0.020882948650978506,0.7137610018253326,0.5497867499943823
n1_d4096_r5,1,4096,5,9,0.001,0.022897325645317324,0.7115008234977722,0.5568225420138333
n1_d4096_r5,1,4096,5,10,0.001,0.026223596360068768,0.7106685191392899,0.5502561250177678
n1_d4096_r5,1,4096,5,11,0.001,0.02870010051992722,0.7102477252483368,0.5563422499981243
n1_d4096_r5,1,4096,5,12,0.001,0.03073984659567941,0.7040524333715439,0.551736624998739
n1_d4096_r5,1,4096,5,13,0.001,0.030328670603921637,0.7003028988838196,0.5998085000028368
n1_d4096_r5,1,4096,5,14,0.001,0.029084938927553594,0.7039548307657242,0.5574513750034384
n1_d4096_r5,1,4096,5,15,0.001,0.02664255048148334,0.6972301155328751,0.5517782499955501
n1_d4096_r5,1,4096,5,16,0.001,0.023952198796905577,0.6926145404577255,0.558947999990778
n1_d4096_r5,1,4096,5,17,0.001,0.021897451078984886,0.692490816116333,0.5496264999965206
n1_d4096_r5,1,4096,5,18,0.001,0.020640320872189477,0.6874963194131851,0.5551709580176976
n1_d4096_r5,1,4096,5,19,0.001,0.02023042709333822,0.6900326907634735,0.5658629999961704
n1_d4096_r5,1,4096,5,20,0.001,0.02010012541722972,0.6865991055965424,0.6000261660083197
n1_d4096_r5,1,4096,5,21,0.001,0.02041038527386263,0.6858642548322678,0.554812916991068
n1_d4096_r5,1,4096,5,22,0.001,0.02113232563715428,0.6883299350738525,0.5552335829997901
n1_d4096_r5,1,4096,5,23,0.001,0.021529548102989793,0.6851619929075241,0.5548258329799864
n1_d4096_r5,1,4096,5,24,0.001,0.02160227211425081,0.6825832575559616,0.5522425840026699
n1_d4096_r5,1,4096,5,25,0.001,0.02086387321469374,0.6823464930057526,0.5568522500107065
n1_d4096_r5,1,4096,5,26,0.001,0.020229091780493036,0.6789907664060593,0.5500261670094915
n1_d4096_r5,1,4096,5,27,0.001,0.020219212405208964,0.6782839000225067,0.5587752499850467
n1_d4096_r5,1,4096,5,28,0.001,0.019066017695877235,0.6802241653203964,0.5914919589995407
n1_d4096_r5,1,4096,5,29,0.001,0.018046184064587578,0.6722465753555298,0.5607110000273678
n1_d4096_r5,1,4096,5,30,0.001,0.017255375874810852,0.6745563745498657,0.5670574159885291
n1_d4096_r5,1,4096,5,31,0.001,0.016560015930735972,0.6733940988779068,0.5699702919810079
n1_d4096_r5,1,4096,5,32,0.001,0.01636272708128672,0.6723048686981201,0.5557345419947524
n1_d4096_r5,1,4096,5,33,0.001,0.016774290896137245,0.6719401478767395,0.5649266659747809
n1_d4096_r5,1,4096,5,34,0.001,0.01696021202224074,0.6716764718294144,0.5621942910074722
n1_d4096_r5,1,4096,5,35,0.001,0.016793729875644203,0.6645317375659943,0.5623923749953974
n1_d4096_r5,1,4096,5,36,0.001,0.01656690081290435,0.6687090247869492,0.5930669170047622
n1_d4096_r5,1,4096,5,37,0.001,0.016552783235965762,0.6651113480329514,0.571588332997635
n1_d4096_r5,1,4096,5,38,0.001,0.01635849838203285,0.6643392592668533,0.5562375420122407
n1_d4096_r5,1,4096,5,39,0.001,0.015974357374943793,0.6632138341665268,0.5708287910092622
n1_d4096_r5,1,4096,5,40,0.001,0.015750842045235913,0.6578313410282135,0.5812226249836385
n1_d4096_r5,1,4096,5,41,0.001,0.014828546321950853,0.6569411903619766,0.5714530829864088
n1_d4096_r5,1,4096,5,42,0.001,0.014092741919739638,0.6560690402984619,0.5668329590116628
n1_d4096_r5,1,4096,5,43,0.001,0.013752762220974546,0.6577693969011307,0.566535667021526
n1_d4096_r5,1,4096,5,44,0.001,0.01326413299102569,0.6559434235095978,0.606280833017081
n1_d4096_r5,1,4096,5,45,0.001,0.013203045164118521,0.6560937017202377,0.5824845000170171
n1_d4096_r5,1,4096,5,46,0.001,0.013370991058764048,0.6500150561332703,0.5862662080035079
n1_d4096_r5,1,4096,5,47,0.001,0.013786904375592712,0.6527833193540573,0.5648215000110213
n1_d4096_r5,1,4096,5,48,0.001,0.013865541041013785,0.6552864611148834,0.6192252909822855
n1_d4096_r5,1,4096,5,49,0.001,0.013297589837748092,0.648778960108757,0.6107706670009065
n1_d4096_r5,1,4096,5,50,0.001,0.012812410059268586,0.6548898667097092,0.6648184160003439
n1_d4096_r5,1,4096,5,51,0.001,0.012581857226905413,0.646718367934227,0.606193167011952
n1_d4096_r5,1,4096,5,52,0.001,0.012302539034863003,0.6526391208171844,0.630045666010119
n1_d4096_r5,1,4096,5,53,0.001,0.011759784654714167,0.6452113538980484,0.5730631669866852
n1_d4096_r5,1,4096,5,54,0.001,0.011581114318687469,0.646575391292572,0.5855481250036974
n1_d4096_r5,1,4096,5,55,0.001,0.011588254987145774,0.644088864326477,0.5626969590084627
n1_d4096_r5,1,4096,5,56,0.001,0.011628981672402006,0.6470382213592529,0.5649529579968657
n1_d4096_r5,1,4096,5,57,0.001,0.011582015467865858,0.6418375223875046,0.5602149170008488
n1_d4096_r5,1,4096,5,58,0.001,0.011342428289935924,0.6462633311748505,0.5618008750025183
n1_d4096_r5,1,4096,5,59,0.001,0.01112486855708994,0.6423858255147934,0.5590224589977879
n1_d4096_r5,1,4096,5,60,0.001,0.010995881370035931,0.6439837664365768,0.631457166018663
n1_d4096_r5,1,4096,5,61,0.001,0.010847782134078443,0.6414964646100998,0.5793277919874527
n1_d4096_r5,1,4096,5,62,0.001,0.010811007872689515,0.6425922960042953,0.5639249579980969
n1_d4096_r5,1,4096,5,63,0.001,0.010486023769772146,0.6359326243400574,0.5599753329879604
n1_d4096_r5,1,4096,5,64,0.001,0.010008068253227975,0.6405369341373444,0.5594813329807948
n1_d4096_r5,1,4096,5,65,0.001,0.009725856856675819,0.638776957988739,0.5677026670018677
n1_d4096_r5,1,4096,5,66,0.001,0.009301013225922361,0.6417800188064575,0.5533792499918491
n1_d4096_r5,1,4096,5,67,0.001,0.009091159143281402,0.633666142821312,0.5568436670000665
n1_d4096_r5,1,4096,5,68,0.001,0.00928831140845432,0.6376682817935944,0.5539712500176392
n1_d4096_r5,1,4096,5,69,0.001,0.009358745428471593,0.6352010071277618,0.602628916996764
n1_d4096_r5,1,4096,5,70,0.001,0.00942970984033309,0.6381329596042633,0.5652410830080044
n1_d4096_r5,1,4096,5,71,0.001,0.009587141321389936,0.6320461630821228,0.5558931670093443
n1_d4096_r5,1,4096,5,72,0.001,0.009265660715755075,0.6330173015594482,0.5595543330127839
n1_d4096_r5,1,4096,5,73,0.001,0.008756666957197012,0.6306975930929184,0.5593527920136694
n1_d4096_r5,1,4096,5,74,0.001,0.008629811549326405,0.6341588348150253,0.5549636660143733
n1_d4096_r5,1,4096,5,75,0.001,0.00825962245289702,0.6345162689685822,0.5554015000234358
n1_d4096_r5,1,4096,5,76,0.001,0.008111968694720417,0.6312367022037506,0.553705333994003
n1_d4096_r5,1,4096,5,77,0.001,0.007930832191050285,0.6322560608386993,0.5977889169880655
n1_d4096_r5,1,4096,5,78,0.001,0.008030440942093264,0.6329076141119003,0.5536762499832548
n1_d4096_r5,1,4096,5,79,0.001,0.008259318485215772,0.6281967163085938,0.5535186250053812
n1_d4096_r5,1,4096,5,80,0.001,0.008218008257244946,0.6298496276140213,0.5585726670105942
n1_d4096_r5,1,4096,5,81,0.001,0.007955323188070906,0.630158856511116,0.5609320419898722
n1_d4096_r5,1,4096,5,82,0.001,0.007833455521904398,0.6290895491838455,0.5509548749832902
n1_d4096_r5,1,4096,5,83,0.001,0.007613396650413051,0.6251170784235001,0.5560463329893537
n1_d4096_r5,1,4096,5,84,0.001,0.007575292169349268,0.6326706558465958,0.6409417090180796
n1_d4096_r5,1,4096,5,85,0.001,0.007688831905397819,0.6302256137132645,0.5530325419967994
n1_d4096_r5,1,4096,5,86,0.001,0.007545112806838006,0.6284905821084976,0.5541412910097279
n1_d4096_r5,1,4096,5,87,0.001,0.007498118564399192,0.6294016391038895,0.5539751250180416
n1_d4096_r5,1,4096,5,88,0.001,0.007229155693494249,0.6277227252721786,0.594442874978995
n1_d4096_r5,1,4096,5,89,0.001,0.0068889087306160945,0.6282250136137009,0.5584885840071365
n1_d4096_r5,1,4096,5,90,0.001,0.006538198980706511,0.6263018250465393,0.5637022079899907
n1_d4096_r5,1,4096,5,91,0.001,0.0061791144507878926,0.6262024194002151,0.5583749999932479
n1_d4096_r5,1,4096,5,92,0.0005,0.005169052939891117,0.6237809062004089,0.6290570420096628
n1_d4096_r5,1,4096,5,93,0.0005,0.0007867863537285302,0.6230190843343735,0.7342173750221264
n1_d4096_r5,1,4096,5,94,0.0005,0.00015987185884114297,0.6235735565423965,0.619853709009476
n1_d4096_r5,1,4096,5,95,0.0005,3.561792919981599e-05,0.6234409213066101,0.5905772500263993
n1_d4096_r5,1,4096,5,96,0.0005,9.303927793524736e-06,0.6235227286815643,0.5856479170033708
n1_d4096_r5,1,4096,5,97,0.0005,3.6687164719495513e-06,0.6234528720378876,0.5737865410046652
n1_d4096_r5,1,4096,5,98,0.0005,2.5735774880075724e-06,0.6235419809818268,0.5675828329985961
n1_d4096_r5,1,4096,5,99,0.0005,2.2863650266380375e-06,0.6234604269266129,0.5585945420025382
n1_d4096_r5,1,4096,5,100,0.0005,3.319140693847089e-06,0.6234898865222931,0.609367208002368
n1_d4096_r5,1,4096,5,101,0.0005,3.7183055390244135e-06,0.62344029545784,0.5609110000077635
n1_d4096_r5,1,4096,5,102,0.00025,5.4643332285664314e-06,0.6235084384679794,0.5642105840088334
n1_d4096_r5,1,4096,5,103,0.00025,8.1413868513458e-07,0.6235101968050003,0.5628269590088166
n1_d4096_r5,1,4096,5,104,0.00025,1.6199854935283753e-07,0.6235023438930511,0.5584416669735219
n1_d4096_r5,1,4096,5,105,0.00025,3.4987182914725246e-08,0.6234960407018661,0.5712659159908071
n1_d4096_r5,1,4096,5,106,0.00025,8.7791078885735e-09,0.6234997659921646,0.5690705830056686
n1_d4096_r5,1,4096,5,107,0.00025,2.8485592669380555e-09,0.6235002726316452,0.569250333996024
n1_d4096_r5,1,4096,5,108,0.00025,1.2201885881898966e-09,0.623499795794487,0.6091049579845276
n1_d4096_r5,1,4096,5,109,0.00025,7.743358565025921e-10,0.6234997361898422,0.5699177499918733
n1_d4096_r5,1,4096,5,110,0.000125,6.726084474540511e-10,0.623499870300293,0.5621303750085644
n1_d4096_r5,1,4096,5,111,0.000125,7.60635503963946e-11,0.6234996765851974,0.5912857500079554
n1_d4096_r5,1,4096,5,112,0.000125,1.373324216391407e-11,0.6234997510910034,0.5661430000036489
n1_d4096_r5,1,4096,5,113,0.000125,2.820260719770917e-12,0.6234996914863586,0.567163542000344
n1_d64_r6,1,64,6,1,0.001,1.0477096177637577,0.8883077651262283,0.2697712500230409
n1_d64_r6,1,64,6,2,0.001,0.8100516046397388,0.7217072397470474,0.26190287500503473
n1_d64_r6,1,64,6,3,0.001,0.6735963588580489,0.6107243150472641,0.27267812500940636
n1_d64_r6,1,64,6,4,0.001,0.5987534199375659,0.5678691267967224,0.2502585829934105
n1_d64_r6,1,64,6,5,0.001,0.5657887707930058,0.5419006869196892,0.269033958989894
n1_d64_r6,1,64,6,6,0.001,0.5446529113687575,0.5266691446304321,0.2510377089784015
n1_d64_r6,1,64,6,7,0.001,0.5304880351759493,0.5154674053192139,0.25052741600666195
n1_d64_r6,1,64,6,8,0.001,0.5208759403321892,0.5071702897548676,0.2676243329769932
n1_d64_r6,1,64,6,9,0.001,0.5140475130174309,0.5016778334975243,0.3014818749797996
n1_d64_r6,1,64,6,10,0.001,0.5095930404495448,0.4996388331055641,0.3273199579853099
n1_d64_r6,1,64,6,11,0.001,0.506348853930831,0.4963376447558403,0.2927330840029754
n1_d64_r6,1,64,6,12,0.001,0.5040811609942466,0.49663354456424713,0.2777194590016734
n1_d64_r6,1,64,6,13,0.001,0.502826573792845,0.493982657790184,0.2508618339779787
n1_d64_r6,1,64,6,14,0.001,0.5015502185560763,0.4941471442580223,0.2545100830029696
n1_d64_r6,1,64,6,15,0.001,0.5006497993599623,0.4952673465013504,0.2597312080033589
n1_d64_r6,1,64,6,16,0.001,0.5000744841527194,0.49388478696346283,0.30935762499575503
n1_d64_r6,1,64,6,17,0.001,0.4994915872812271,0.49375278502702713,0.26242429099511355
n1_d64_r6,1,64,6,18,0.001,0.4988508124370128,0.49454618245363235,0.25047349999658763
n1_d64_r6,1,64,6,19,0.001,0.49857709580101073,0.49368517100811005,0.26146829198114574
n1_d64_r6,1,64,6,20,0.001,0.49807972670532763,0.4939453825354576,0.24879574999795295
n1_d64_r6,1,64,6,21,0.001,0.497667319374159,0.493648998439312,0.2478589169913903
n1_d64_r6,1,64,6,22,0.001,0.4973708640318364,0.49440883100032806,0.24725245800800622
n1_d64_r6,1,64,6,23,0.001,0.4971519804093987,0.4943273216485977,0.2506835000240244
n1_d64_r6,1,64,6,24,0.001,0.49674483435228467,0.49335741996765137,0.28793329099426046
n1_d64_r6,1,64,6,25,0.001,0.4966152999550104,0.4956442564725876,0.24960508302319795
n1_d64_r6,1,64,6,26,0.001,0.49657826824113727,0.4954362139105797,0.2474796669848729
n1_d64_r6,1,64,6,27,0.001,0.49603341962210834,0.4942827522754669,0.25222983298590407
n1_d64_r6,1,64,6,28,0.001,0.49568483652547,0.49514005333185196,0.24743962500360794
n1_d64_r6,1,64,6,29,0.001,0.4957451233640313,0.49343693256378174,0.2495329999946989
n1_d64_r6,1,64,6,30,0.001,0.495473018148914,0.4939010962843895,0.2470842500042636
n1_d64_r6,1,64,6,31,0.001,0.4953119910787791,0.4949943423271179,0.24977979200775735
n1_d64_r6,1,64,6,32,0.001,0.4949777224101126,0.49443022906780243,0.28836458301520906
n1_d64_r6,1,64,6,33,0.0005,0.49349810532294214,0.4939759075641632,0.2486820420017466
n1_d64_r6,1,64,6,34,0.0005,0.4933117013424635,0.4940022826194763,0.24897883299854584
n1_d64_r6,1,64,6,35,0.0005,0.49327639234252274,0.49438031017780304,0.24897024998790585
n1_d64_r6,1,64,6,36,0.0005,0.4931321309413761,0.49424130469560623,0.24718754200148396
n1_d64_r6,1,64,6,37,0.0005,0.49298657034523785,0.4941883608698845,0.2475331249879673
n1_d64_r6,1,64,6,38,0.0005,0.4930826621130109,0.4940294325351715,0.2615239580045454
n1_d64_r6,1,64,6,39,0.0005,0.49287920095957816,0.49373307079076767,0.26467229102854617
n1_d64_r6,1,64,6,40,0.0005,0.49288686201907694,0.49322179704904556,0.3438122500083409
n1_d64_r6,1,64,6,41,0.0005,0.4927132383454591,0.4938632547855377,0.28708174999337643
n1_d64_r6,1,64,6,42,0.0005,0.4926991031970829,0.494144544005394,0.27902008400997147
n1_d64_r6,1,64,6,43,0.0005,0.4926142527256161,0.49401412159204483,0.2819900409958791
n1_d64_r6,1,64,6,44,0.0005,0.49271145835518837,0.4941699430346489,0.2630348340026103
n1_d64_r6,1,64,6,45,0.0005,0.4925123215653002,0.4942665174603462,0.26586200000019744
n1_d64_r6,1,64,6,46,0.0005,0.492353516863659,0.49385109543800354,0.2755440000037197
n1_d64_r6,1,64,6,47,0.0005,0.49237562087364495,0.49423641711473465,0.2556155420024879
n1_d64_r6,1,64,6,48,0.0005,0.49238984333351254,0.4942944794893265,0.29663654099567793
n1_d64_r6,1,64,6,49,0.00025,0.49148783436976373,0.4942731261253357,0.29150529101025313
n1_d64_r6,1,64,6,50,0.00025,0.49145722459070385,0.4943881183862686,0.2521188329847064
n1_d64_r6,1,64,6,51,0.00025,0.49141048174351454,0.49433380365371704,0.3095836669963319
n1_d64_r6,1,64,6,52,0.00025,0.4913984159938991,0.4941985681653023,0.3019910420116503
n1_d64_r6,1,64,6,53,0.00025,0.4913503425195813,0.4945402666926384,0.300656290986808
n1_d64_r6,1,64,6,54,0.00025,0.4912958873901516,0.49404796957969666,0.30385379199287854
n1_d64_r6,1,64,6,55,0.00025,0.49123157327994704,0.4942104145884514,0.2732128750067204
n1_d64_r6,1,64,6,56,0.00025,0.49124462716281414,0.4943024665117264,0.2966819159919396
n1_d64_r6,1,64,6,57,0.000125,0.4907990791834891,0.4942472279071808,0.2473924580262974
n1_d64_r6,1,64,6,58,0.000125,0.490820343606174,0.49429234862327576,0.3126350420061499
n1_d64_r6,1,64,6,59,0.000125,0.4908013597596437,0.4941701665520668,0.2505346669931896
n1_d64_r6,1,64,6,60,0.000125,0.4907623245380819,0.4941944405436516,0.2501209579932038
n1_d128_r6,1,128,6,1,0.001,0.9817503467202187,0.798524871468544,0.2851947500021197
n1_d128_r6,1,128,6,2,0.001,0.7358267712406814,0.6279482841491699,0.25956441601738334
n1_d128_r6,1,128,6,3,0.001,0.6016888748854399,0.5557298958301544,0.3201777499925811
n1_d128_r6,1,128,6,4,0.001,0.5532562516164035,0.5345404744148254,0.2769885419984348
n1_d128_r6,1,128,6,5,0.001,0.5314551494084299,0.5217109993100166,0.27415712500805967
n1_d128_r6,1,128,6,6,0.001,0.5173190464265645,0.51467464864254,0.27300933402148075
n1_d128_r6,1,128,6,7,0.001,0.5076074043754488,0.5104751959443092,0.31259783401037566
n1_d128_r6,1,128,6,8,0.001,0.5003273419570178,0.505851686000824,0.2797072079847567
n1_d128_r6,1,128,6,9,0.001,0.4953893502242863,0.5041389465332031,0.26868287500110455
n1_d128_r6,1,128,6,10,0.001,0.49136423552408814,0.5024117976427078,0.28376304102130234
n1_d128_r6,1,128,6,11,0.001,0.48871086980216205,0.5011405646800995,0.33897391601931304
n1_d128_r6,1,128,6,12,0.001,0.48669159039855003,0.5019507929682732,0.28124933398794383
n1_d128_r6,1,128,6,13,0.001,0.4844410268124193,0.5007119402289391,0.2742921249882784
n1_d128_r6,1,128,6,14,0.001,0.48275162815116346,0.5029128193855286,0.3401646659767721
n1_d128_r6,1,128,6,15,0.001,0.48144458676688373,0.5022538378834724,0.2897168750059791
n1_d128_r6,1,128,6,16,0.001,0.4806121534202248,0.5011776238679886,0.26355245799641125
n1_d128_r6,1,128,6,17,0.001,0.47924109688028693,0.5028657019138336,0.2750526249874383
n1_d128_r6,1,128,6,18,0.001,0.47816527099348605,0.5014737769961357,0.36072687499108724
n1_d128_r6,1,128,6,19,0.001,0.4773509339429438,0.5010089576244354,0.2619215000013355
n1_d128_r6,1,128,6,20,0.001,0.4762780540622771,0.5022403076291084,0.2589200419897679
n1_d128_r6,1,128,6,21,0.001,0.47554461704567075,0.5024566203355789,0.26255941699491814
n1_d128_r6,1,128,6,22,0.0005,0.4718699811492115,0.5025101751089096,0.2671351669996511
n1_d128_r6,1,128,6,23,0.0005,0.47093939431943,0.5028282925486565,0.26790741700096987
n1_d128_r6,1,128,6,24,0.0005,0.47062569367699325,0.5019782930612564,0.2647182919899933
n1_d128_r6,1,128,6,25,0.0005,0.4702306305989623,0.5023707300424576,0.2574967080145143
n1_d128_r6,1,128,6,26,0.0005,0.4701053809840232,0.5034257099032402,0.2936039579799399
n1_d128_r6,1,128,6,27,0.0005,0.469494596356526,0.5030746087431908,0.264937791012926
n1_d128_r6,1,128,6,28,0.0005,0.4693198036402464,0.5033481642603874,0.2573847919993568
n1_d128_r6,1,128,6,29,0.0005,0.4690101444721222,0.5041544735431671,0.25880512499134056
n1_d128_r6,1,128,6,30,0.00025,0.4669574801810086,0.5038678124547005,0.25538824999239296
n1_d128_r6,1,128,6,31,0.00025,0.46673723054118454,0.5036628171801567,0.2578330419783015
n1_d128_r6,1,128,6,32,0.00025,0.46668178495019674,0.503667064011097,0.25917545799165964
n1_d128_r6,1,128,6,33,0.00025,0.4664710662327707,0.5041023045778275,0.2577618329960387
n1_d256_r6,1,256,6,1,0.001,0.9339073677547276,0.778735876083374,0.308042334014317
n1_d256_r6,1,256,6,2,0.001,0.6586285424418747,0.5820949524641037,0.26091808400815353
n1_d256_r6,1,256,6,3,0.001,0.5460575940087438,0.5590413808822632,0.2674665829981677
n1_d256_r6,1,256,6,4,0.001,0.5105805660132319,0.5485623627901077,0.2690790419874247
n1_d256_r6,1,256,6,5,0.001,0.4898824787233025,0.539493978023529,0.2631072500080336
n1_d256_r6,1,256,6,6,0.001,0.4758295111823827,0.5393145233392715,0.2808271659887396
n1_d256_r6,1,256,6,7,0.001,0.4651660113595426,0.5368527173995972,0.2725369999825489
n1_d256_r6,1,256,6,8,0.001,0.45558631676249206,0.5442182347178459,0.34808491700096056
n1_d256_r6,1,256,6,9,0.001,0.4484549672342837,0.5413949936628342,0.30938045799848624
n1_d256_r6,1,256,6,10,0.001,0.44203078420832753,0.5445448309183121,0.2752377080032602
n1_d256_r6,1,256,6,11,0.001,0.43657429539598525,0.5469483286142349,0.30121850001160055
n1_d256_r6,1,256,6,12,0.001,0.4312525412533432,0.5481052547693253,0.32264141700579785
n1_d256_r6,1,256,6,13,0.001,0.4267094216775149,0.5532557815313339,0.2720671669812873
n1_d256_r6,1,256,6,14,0.001,0.4213937029708177,0.5569597035646439,0.27320341698941775
n1_d256_r6,1,256,6,15,0.001,0.41765761468559504,0.5615180432796478,0.27432258398039266
n1_d256_r6,1,256,6,16,0.0005,0.40582754649221897,0.561865508556366,0.2883624160022009
n1_d256_r6,1,256,6,17,0.0005,0.40260959533043206,0.5664492845535278,0.32781770898145624
n1_d256_r6,1,256,6,18,0.0005,0.40064551192335784,0.5690522938966751,0.3309237920038868
n1_d256_r6,1,256,6,19,0.0005,0.3983969802502543,0.571376383304596,0.29752604200621136
n1_d256_r6,1,256,6,20,0.0005,0.39665031619369984,0.576129138469696,0.29402279198984616
n1_d256_r6,1,256,6,21,0.0005,0.3949957008007914,0.5801083147525787,0.265263084002072
n1_d256_r6,1,256,6,22,0.0005,0.39317624852992594,0.5805847644805908,0.2707302499911748
n1_d256_r6,1,256,6,23,0.0005,0.39121389924548566,0.5846453309059143,0.26427650000550784
n1_d256_r6,1,256,6,24,0.00025,0.38491824991069734,0.5858433842658997,0.29663087500375696
n1_d256_r6,1,256,6,25,0.00025,0.3835864521097392,0.5877442210912704,0.28519075000076555
n1_d256_r6,1,256,6,26,0.00025,0.3826995468698442,0.5894395709037781,0.2607025410106871
n1_d256_r6,1,256,6,27,0.00025,0.3819015477783978,0.5911011546850204,0.2633273749961518
n1_d512_r6,1,512,6,1,0.001,1.0038707586936653,0.8615164160728455,0.32264175001182593
n1_d512_r6,1,512,6,2,0.001,0.6750851445831358,0.6188386976718903,0.3703367080015596
n1_d512_r6,1,512,6,3,0.001,0.5132772279903293,0.5866677761077881,0.32289987499825656
n1_d512_r6,1,512,6,4,0.001,0.44611271494068205,0.5877981185913086,0.33296374999918044
n1_d512_r6,1,512,6,5,0.001,0.4025187522638589,0.5903461128473282,0.36144112501642667
n1_d512_r6,1,512,6,6,0.001,0.3659837001468986,0.604875847697258,0.3602580839942675
n1_d512_r6,1,512,6,7,0.001,0.3354152243118733,0.6187791675329208,0.35155474999919534
n1_d512_r6,1,512,6,8,0.001,0.3076134085422382,0.6387566477060318,0.31467841600533575
n1_d512_r6,1,512,6,9,0.001,0.2829917318886146,0.6529764533042908,0.33345887501491234
n1_d512_r6,1,512,6,10,0.001,0.26006506208796054,0.6887776851654053,0.31363212497672066
n1_d512_r6,1,512,6,11,0.001,0.2413029174786061,0.7100353240966797,0.3146927500201855
n1_d512_r6,1,512,6,12,0.0005,0.2017693892121315,0.719244509935379,0.3146554169943556
n1_d512_r6,1,512,6,13,0.0005,0.1881289501907304,0.7357585430145264,0.38646679199882783
n1_d512_r6,1,512,6,14,0.0005,0.17926489643286914,0.7536133378744125,0.36390533301164396
n1_d512_r6,1,512,6,15,0.0005,0.171972646843642,0.7737416326999664,0.3512412919953931
n1_d512_r6,1,512,6,16,0.0005,0.16468122461810708,0.7845481038093567,0.31734558299649507
n1_d512_r6,1,512,6,17,0.0005,0.15802614111453295,0.8001179993152618,0.37581291698734276
n1_d512_r6,1,512,6,18,0.0005,0.15204764995723963,0.8134883940219879,0.38606499999877997
n1_d512_r6,1,512,6,19,0.0005,0.14598880865378305,0.8289707899093628,0.3491436670010444
n1_d512_r6,1,512,6,20,0.00025,0.12985901505453512,0.8363954424858093,0.336557458009338
n1_d512_r6,1,512,6,21,0.00025,0.1251608602469787,0.8474534153938293,0.4020985829993151
n1_d512_r6,1,512,6,22,0.00025,0.12254529888741672,0.8521959185600281,0.32143508302397095
n1_d512_r6,1,512,6,23,0.00025,0.12016387999756262,0.8618483692407608,0.32124795799609274
n1_d1024_r6,1,1024,6,1,0.001,0.9518963587470353,0.7678269296884537,0.4121343749866355
n1_d1024_r6,1,1024,6,2,0.001,0.533126930007711,0.6266884803771973,0.3620749590045307
n1_d1024_r6,1,1024,6,3,0.001,0.33839462674222887,0.6538909822702408,0.34861775001627393
n1_d1024_r6,1,1024,6,4,0.001,0.22750557283870876,0.6877627223730087,0.3351965000038035
n1_d1024_r6,1,1024,6,5,0.001,0.14875523117370903,0.7207465618848801,0.3716035829856992
n1_d1024_r6,1,1024,6,6,0.001,0.09544011694379151,0.770508274435997,0.3357362920069136
n1_d1024_r6,1,1024,6,7,0.001,0.06069868823396973,0.7809237390756607,0.34166520897997543
n1_d1024_r6,1,1024,6,8,0.001,0.04127636237535626,0.7921792566776276,0.3623907919973135
n1_d1024_r6,1,1024,6,9,0.001,0.030553137476090342,0.8005267977714539,0.35896933398908004
n1_d1024_r6,1,1024,6,10,0.001,0.02449049591086805,0.802374079823494,0.35006441702716984
n1_d1024_r6,1,1024,6,11,0.0005,0.01619274736731313,0.7960360497236252,0.330844292009715
n1_d1024_r6,1,1024,6,12,0.0005,0.005155173312232364,0.7993593662977219,0.36674058297649026
n1_d1024_r6,1,1024,6,13,0.0005,0.0025267265054935706,0.8016667813062668,0.3336669999989681
n1_d1024_r6,1,1024,6,14,0.0005,0.0014879413074595504,0.8048140704631805,0.3282903330109548
n1_d1024_r6,1,1024,6,15,0.0005,0.000977556650468614,0.8063806593418121,0.3395631249877624
n1_d1024_r6,1,1024,6,16,0.0005,0.0006988945115153911,0.8084219694137573,0.33263770799385384
n1_d1024_r6,1,1024,6,17,0.0005,0.0005217970801822958,0.8096621483564377,0.34342266598832794
n1_d1024_r6,1,1024,6,18,0.0005,0.0004284309718514123,0.8100501149892807,0.3397210839902982
n1_d1024_r6,1,1024,6,19,0.00025,0.00030945432069984236,0.8104837834835052,0.33276566700078547
n1_d1024_r6,1,1024,6,20,0.00025,0.000148294745685007,0.810596764087677,0.33418070801417343
n1_d1024_r6,1,1024,6,21,0.00025,0.00010751159575761449,0.8110496997833252,0.37371504202019423
n1_d1024_r6,1,1024,6,22,0.00025,8.739177526706499e-05,0.8115112781524658,0.3316511670127511
n1_d2048_r6,1,2048,6,1,0.001,0.9546354375779629,0.7859863489866257,0.38532808399759233
n1_d2048_r6,1,2048,6,2,0.001,0.4031203330960125,0.7075939476490021,0.40388683299534023
n1_d2048_r6,1,2048,6,3,0.001,0.14871035132091492,0.7041459828615189,0.3803448750113603
n1_d2048_r6,1,2048,6,4,0.001,0.06226023571798578,0.6923016607761383,0.3814470409997739
n1_d2048_r6,1,2048,6,5,0.001,0.03907018873724155,0.6899846643209457,0.40133095797500573
n1_d2048_r6,1,2048,6,6,0.001,0.033518857570015825,0.6891892850399017,0.41704466700321063
n1_d2048_r6,1,2048,6,7,0.001,0.03353116427024361,0.6812135726213455,0.3791822500061244
n1_d2048_r6,1,2048,6,8,0.001,0.034218735265312716,0.6784249544143677,0.3742085410049185
n1_d2048_r6,1,2048,6,9,0.001,0.0342838455690071,0.6734817326068878,0.43733845799579285
n1_d2048_r6,1,2048,6,10,0.001,0.03301886864937842,0.6614192575216293,0.3978242080193013
n1_d2048_r6,1,2048,6,11,0.001,0.030363559882971458,0.6648612916469574,0.40932562499074265
n1_d2048_r6,1,2048,6,12,0.001,0.028695223241811618,0.6608706265687943,0.3847806249978021
n1_d2048_r6,1,2048,6,13,0.001,0.02645828592358157,0.6500563025474548,0.40930087500601076
n1_d2048_r6,1,2048,6,14,0.001,0.02520116553932894,0.6509258896112442,0.3827212089963723
n1_d2048_r6,1,2048,6,15,0.001,0.024415598934865557,0.6481705158948898,0.3717190840106923
n1_d2048_r6,1,2048,6,16,0.001,0.023083751468220726,0.644383043050766,0.3768630830163602
n1_d2048_r6,1,2048,6,17,0.001,0.022134312806883827,0.6422131359577179,0.37959537500864826
n1_d2048_r6,1,2048,6,18,0.001,0.022241705024498515,0.6385094523429871,0.37161979198572226
n1_d2048_r6,1,2048,6,19,0.001,0.02239846676820889,0.6334559768438339,0.4132665829965845
n1_d2048_r6,1,2048,6,20,0.001,0.0224311900237808,0.6359744220972061,0.5066271250252612
n1_d2048_r6,1,2048,6,21,0.001,0.02245069167111069,0.6285751760005951,0.585765708994586
n1_d2048_r6,1,2048,6,22,0.001,0.022181817577802576,0.6343657076358795,0.5197830830002204
n1_d2048_r6,1,2048,6,23,0.001,0.02131342881330056,0.6231881976127625,0.48666291701374575
n1_d2048_r6,1,2048,6,24,0.001,0.021049875031167176,0.6243235468864441,0.37652095800149255
n1_d2048_r6,1,2048,6,25,0.001,0.02064141850132728,0.6209649741649628,0.3779900410154369
n1_d2048_r6,1,2048,6,26,0.001,0.02007367296027951,0.6193798929452896,0.3814637500036042
n1_d2048_r6,1,2048,6,27,0.001,0.019020769097551238,0.6153813600540161,0.37527058299747296
n1_d2048_r6,1,2048,6,28,0.001,0.018223280167148914,0.6125573217868805,0.3853101250133477
n1_d2048_r6,1,2048,6,29,0.001,0.017226496383955237,0.612556979060173,0.4290265419986099
n1_d2048_r6,1,2048,6,30,0.001,0.016827356201247312,0.610731840133667,0.41716170898871496
n1_d2048_r6,1,2048,6,31,0.001,0.017079312157875393,0.615473061800003,0.3841815839987248
n1_d2048_r6,1,2048,6,32,0.001,0.01715838079690002,0.6064909994602203,0.37302579201059416
n1_d2048_r6,1,2048,6,33,0.001,0.017288072165683843,0.608477994799614,0.3720411249960307
n1_d2048_r6,1,2048,6,34,0.001,0.017279218838666566,0.6108195036649704,0.36917941700085066
n1_d2048_r6,1,2048,6,35,0.001,0.017403366378857754,0.6066651195287704,0.3698472919932101
n1_d2048_r6,1,2048,6,36,0.001,0.017135187881649472,0.604890763759613,0.3730120839900337
n1_d2048_r6,1,2048,6,37,0.001,0.016832162436912768,0.6030304580926895,0.4151457500120159
n1_d2048_r6,1,2048,6,38,0.001,0.016804928323836066,0.6065954267978668,0.3783173749980051
n1_d2048_r6,1,2048,6,39,0.001,0.016301272167766,0.6009105145931244,0.37529912500758655
n1_d2048_r6,1,2048,6,40,0.001,0.015459754700714257,0.6067869961261749,0.368596875021467
n1_d2048_r6,1,2048,6,41,0.001,0.014899552654242143,0.6001511961221695,0.37762908401782624
n1_d2048_r6,1,2048,6,42,0.001,0.014708716902532615,0.5971307158470154,0.37605087499832734
n1_d2048_r6,1,2048,6,43,0.001,0.014530763233778998,0.6000694334506989,0.4040819169895258
n1_d2048_r6,1,2048,6,44,0.001,0.01419875579449581,0.5963683724403381,0.3717951659928076
n1_d2048_r6,1,2048,6,45,0.001,0.01366005587624386,0.5929777920246124,0.41384420898975804
n1_d2048_r6,1,2048,6,46,0.001,0.013259208128147293,0.5954661220312119,0.37810687499586493
n1_d2048_r6,1,2048,6,47,0.001,0.013096370807033964,0.592562198638916,0.3704665830009617
n1_d2048_r6,1,2048,6,48,0.001,0.012926323033752851,0.5944241583347321,0.378372125007445
n1_d2048_r6,1,2048,6,49,0.001,0.012581566676090006,0.5962950587272644,0.38473041699035093
n1_d2048_r6,1,2048,6,50,0.001,0.012607391930941958,0.5945464968681335,0.39843550001387484
n1_d2048_r6,1,2048,6,51,0.001,0.013209780139732175,0.5937772989273071,0.3810374580207281
n1_d2048_r6,1,2048,6,52,0.001,0.013878905774618033,0.5958594530820847,0.37808475000201724
n1_d2048_r6,1,2048,6,53,0.001,0.014252899316488765,0.5943812131881714,0.3784041659964714
n1_d2048_r6,1,2048,6,54,0.001,0.013730786049563903,0.5929712802171707,0.44416733301477507
n1_d2048_r6,1,2048,6,55,0.001,0.012914025581267197,0.5901138633489609,0.3850762090005446
n1_d2048_r6,1,2048,6,56,0.001,0.011948756386118475,0.5915858149528503,0.3988909159961622
n1_d2048_r6,1,2048,6,57,0.001,0.0113661544455681,0.5895823538303375,0.3811954999982845
n1_d2048_r6,1,2048,6,58,0.001,0.010903944283199962,0.5870607793331146,0.3806032499996945
n1_d2048_r6,1,2048,6,59,0.001,0.010509733489016071,0.5880495756864548,0.37423416698584333
n1_d2048_r6,1,2048,6,60,0.001,0.01050636171567021,0.5863309800624847,0.37290225000469945
n1_d2048_r6,1,2048,6,61,0.001,0.010767190578917507,0.5855213552713394,0.3832858329988085
n1_d2048_r6,1,2048,6,62,0.001,0.011035013107175473,0.587488204240799,0.43823675002204254
n1_d2048_r6,1,2048,6,63,0.001,0.011541538464371115,0.5862095355987549,0.3779216670081951
n1_d2048_r6,1,2048,6,64,0.001,0.011152805447636638,0.5822219401597977,0.37388133400236256
n1_d2048_r6,1,2048,6,65,0.001,0.010582327275187708,0.5840362012386322,0.37765512501937337
n1_d2048_r6,1,2048,6,66,0.001,0.00999471333125257,0.5824054628610611,0.3798481249832548
n1_d2048_r6,1,2048,6,67,0.001,0.009711033315397799,0.5810387134552002,0.38017095800023526
n1_d2048_r6,1,2048,6,68,0.001,0.009962792577425716,0.5836521685123444,0.36963454200304113
n1_d2048_r6,1,2048,6,69,0.001,0.010146970871574013,0.5809917002916336,0.41060941698378883
n1_d2048_r6,1,2048,6,70,0.001,0.010061428791232174,0.5822924673557281,0.38339029098278843
n1_d2048_r6,1,2048,6,71,0.001,0.00982089627723326,0.5798374563455582,0.3784020830062218
n1_d2048_r6,1,2048,6,72,0.001,0.009705469670734601,0.5783846080303192,0.3774661659845151
n1_d2048_r6,1,2048,6,73,0.001,0.009659199455199996,0.5775104612112045,0.3738001669989899
n1_d2048_r6,1,2048,6,74,0.001,0.009147519511316204,0.579877033829689,0.3760302079899702
n1_d2048_r6,1,2048,6,75,0.001,0.008964656550233485,0.57706019282341,0.37157879199367017
n1_d2048_r6,1,2048,6,76,0.001,0.008980805720057106,0.5796913802623749,0.3869173330022022
n1_d2048_r6,1,2048,6,77,0.001,0.008897079678718,0.5765793025493622,0.4453777919989079
n1_d2048_r6,1,2048,6,78,0.001,0.00845547972494387,0.5811097621917725,0.37179404200287536
n1_d2048_r6,1,2048,6,79,0.001,0.008379490671359235,0.5766513645648956,0.3790247500000987
n1_d2048_r6,1,2048,6,80,0.001,0.008338199153513415,0.5772514939308167,0.37269399999058805
n1_d2048_r6,1,2048,6,81,0.001,0.00846241657200153,0.5765970200300217,0.39152833400294185
n1_d2048_r6,1,2048,6,82,0.001,0.008739936245547142,0.5749858170747757,0.3846273749950342
n1_d2048_r6,1,2048,6,83,0.001,0.008878268039552495,0.5723482668399811,0.37551833302131854
n1_d2048_r6,1,2048,6,84,0.001,0.008801683306955965,0.5739779770374298,0.37081141700036824
n1_d2048_r6,1,2048,6,85,0.001,0.008339277264894918,0.5763624012470245,0.4139983749773819
n1_d2048_r6,1,2048,6,86,0.001,0.007983768067788333,0.5727422088384628,0.36983562499517575
n1_d2048_r6,1,2048,6,87,0.001,0.007779075927828671,0.5747092068195343,0.37398445900180377
n1_d2048_r6,1,2048,6,88,0.001,0.007420508605719078,0.5709862560033798,0.377404040977126
n1_d2048_r6,1,2048,6,89,0.001,0.0070882944273762405,0.5713863372802734,0.37433370799408294
n1_d2048_r6,1,2048,6,90,0.001,0.006784826553484891,0.571696400642395,0.38168591700377874
n1_d2048_r6,1,2048,6,91,0.001,0.006771395386749646,0.5726521015167236,0.40154937500483356
n1_d2048_r6,1,2048,6,92,0.001,0.007032159006485017,0.5713391900062561,0.3723869579844177
n1_d2048_r6,1,2048,6,93,0.001,0.007109386766387615,0.5726218819618225,0.4177216250100173
n1_d2048_r6,1,2048,6,94,0.001,0.0074210152961313725,0.5724393129348755,0.37454358401009813
n1_d2048_r6,1,2048,6,95,0.001,0.007595789578772383,0.5717255771160126,0.37930204201256856
n1_d2048_r6,1,2048,6,96,0.001,0.007817650119250175,0.572315976023674,0.37755254199146293
n1_d2048_r6,1,2048,6,97,0.0005,0.006394259846274508,0.569410890340805,0.37379770798725076
n1_d2048_r6,1,2048,6,98,0.0005,0.0011128604687655752,0.5688585937023163,0.38230537498020567
n1_d2048_r6,1,2048,6,99,0.0005,0.00026263379334068304,0.5687928944826126,0.38013395899906754
n1_d2048_r6,1,2048,6,100,0.0005,6.817881779852542e-05,0.5686540901660919,0.37987549998797476
n1_d2048_r6,1,2048,6,101,0.0005,1.876981604453931e-05,0.568649485707283,0.41800350000266917
n1_d2048_r6,1,2048,6,102,0.0005,5.673957030438714e-06,0.5687194764614105,0.3722848749894183
n1_d2048_r6,1,2048,6,103,0.0005,2.0073756452632097e-06,0.5686915814876556,0.37302600001567043
n1_d2048_r6,1,2048,6,104,0.0005,8.314291735089796e-07,0.5687328279018402,0.37416220901650377
n1_d2048_r6,1,2048,6,105,0.0005,4.1744228362894376e-07,0.5687068700790405,0.3701065840141382
n1_d2048_r6,1,2048,6,106,0.0005,2.9066765250274074e-07,0.5687220692634583,0.38488141700509004
n1_d2048_r6,1,2048,6,107,0.0005,2.56760781192078e-07,0.5687200278043747,0.368589209014317
n1_d2048_r6,1,2048,6,108,0.0005,2.7344513076066335e-07,0.5687175989151001,0.3871250000083819
n1_d2048_r6,1,2048,6,109,0.0005,3.839600397625986e-07,0.5687292367219925,0.4352204999886453
n1_d2048_r6,1,2048,6,110,0.00025,5.307886310479404e-07,0.5687090158462524,0.37915433300076984
n1_d2048_r6,1,2048,6,111,0.00025,1.0663820770862031e-07,0.568708673119545,0.3791934170003515
n1_d2048_r6,1,2048,6,112,0.00025,3.2121935070184016e-08,0.5687151700258255,0.39343733398709446
n1_d2048_r6,1,2048,6,113,0.00025,1.0717738075510796e-08,0.5687142610549927,0.38874850000138395
n1_d2048_r6,1,2048,6,114,0.00025,4.398947229047878e-09,0.5687136799097061,0.3799444170144852
n1_d2048_r6,1,2048,6,115,0.00025,2.280486378729296e-09,0.5687141716480255,0.44531058400752954
n1_d2048_r6,1,2048,6,116,0.00025,1.703209017399343e-09,0.5687144249677658,0.4184388330031652
n1_d2048_r6,1,2048,6,117,0.00025,1.8214016193722482e-09,0.5687138885259628,0.38695700000971556
n1_d2048_r6,1,2048,6,118,0.000125,1.7115235322745503e-09,0.5687147378921509,0.3820400830009021
n1_d2048_r6,1,2048,6,119,0.000125,2.2720689305671948e-10,0.5687139481306076,0.37526495798374526
n1_d2048_r6,1,2048,6,120,0.000125,5.5999143852829975e-11,0.5687140077352524,0.37192616699030623
n1_d2048_r6,1,2048,6,121,0.000125,1.691739643879843e-11,0.5687140822410583,0.37986433299374767
n1_d4096_r6,1,4096,6,1,0.001,0.9808368450030684,0.8807337135076523,0.6894932920113206
n1_d4096_r6,1,4096,6,2,0.001,0.5419812502805144,0.7628384679555893,0.5914233749790583
n1_d4096_r6,1,4096,6,3,0.001,0.18206530949100852,0.6908964216709137,0.6061344999761786
n1_d4096_r6,1,4096,6,4,0.001,0.07372711837524548,0.6675818860530853,0.5658424170105718
n1_d4096_r6,1,4096,6,5,0.001,0.040348127484321594,0.6565644890069962,0.5555173339962494
n1_d4096_r6,1,4096,6,6,0.001,0.02779310563346371,0.6471285223960876,0.5608225830073934
n1_d4096_r6,1,4096,6,7,0.001,0.022548164313775487,0.6495663076639175,0.5580710830108728
n1_d4096_r6,1,4096,6,8,0.001,0.021995643590344116,0.6500512063503265,0.5554272500157822
n1_d4096_r6,1,4096,6,9,0.001,0.024019963064347394,0.6486428081989288,0.5625687080028001
n1_d4096_r6,1,4096,6,10,0.001,0.02694217204407323,0.6525478512048721,0.5642980000120588
n1_d4096_r6,1,4096,6,11,0.001,0.029290677615790628,0.6455332636833191,0.609245582978474
n1_d4096_r6,1,4096,6,12,0.001,0.03128713740443345,0.6454553604125977,0.5666913749882951
n1_d4096_r6,1,4096,6,13,0.001,0.03174040504381992,0.644060805439949,0.562038375006523
n1_d4096_r6,1,4096,6,14,0.001,0.03143765902495943,0.6471054553985596,0.5688306670053862
n1_d4096_r6,1,4096,6,15,0.001,0.02864646355737932,0.6388574540615082,0.6104085000115447
n1_d4096_r6,1,4096,6,16,0.001,0.02549864861066453,0.6461011916399002,0.60211087501375
n1_d4096_r6,1,4096,6,17,0.001,0.02245520762517117,0.6372447311878204,0.561504250013968
n1_d4096_r6,1,4096,6,18,0.001,0.020182312509859912,0.6338601857423782,0.5588017090049107
n1_d4096_r6,1,4096,6,19,0.001,0.018766240202239715,0.6365395784378052,0.6018829590175301
n1_d4096_r6,1,4096,6,20,0.001,0.018008689752605278,0.6332855820655823,0.5682211669918615
n1_d4096_r6,1,4096,6,21,0.001,0.018190106260590255,0.6338417381048203,0.6130252909788396
n1_d4096_r6,1,4096,6,22,0.001,0.019079003301158082,0.6393588930368423,0.5663287080242299
n1_d4096_r6,1,4096,6,23,0.001,0.019453140012046788,0.6274627596139908,0.5651784170186147
n1_d4096_r6,1,4096,6,24,0.001,0.020300335323554464,0.6336556673049927,0.5668500830070116
n1_d4096_r6,1,4096,6,25,0.001,0.021454711066326126,0.6307277381420135,0.5634477080020588
n1_d4096_r6,1,4096,6,26,0.001,0.021807557044667192,0.6315984278917313,0.6086293339903932
n1_d4096_r6,1,4096,6,27,0.001,0.021670903312042356,0.628818929195404,0.5703312090190593
n1_d4096_r6,1,4096,6,28,0.001,0.020717303283163346,0.6285573244094849,0.5788327910122462
n1_d4096_r6,1,4096,6,29,0.001,0.020171892349026166,0.6247979700565338,0.5782533749879804
n1_d4096_r6,1,4096,6,30,0.001,0.018617958630784415,0.6275392770767212,0.5694981249980628
n1_d4096_r6,1,4096,6,31,0.001,0.016962574380158912,0.6231452822685242,0.5763146670069546
n1_d4096_r6,1,4096,6,32,0.001,0.015834789875952993,0.6252285093069077,0.5652731670124922
n1_d4096_r6,1,4096,6,33,0.001,0.015316449986130465,0.6195375472307205,0.5577453330042772
n1_d4096_r6,1,4096,6,34,0.001,0.014777373064134736,0.6256425380706787,0.632905042002676
n1_d4096_r6,1,4096,6,35,0.001,0.014678783314593602,0.6199463307857513,0.5777504169964232
n1_d4096_r6,1,4096,6,36,0.001,0.014358583473949693,0.6212536096572876,0.5639889169833623
n1_d4096_r6,1,4096,6,37,0.001,0.014849631865217816,0.6175865679979324,0.5627358749916311
n1_d4096_r6,1,4096,6,38,0.001,0.015439415386936162,0.6221127957105637,0.565253875014605
n1_d4096_r6,1,4096,6,39,0.001,0.015632405709766317,0.6141550540924072,0.5573907909856644
n1_d4096_r6,1,4096,6,40,0.001,0.01553958872682415,0.6205589175224304,0.5670524579763878
n1_d4096_r6,1,4096,6,41,0.001,0.015366474159236532,0.6166995763778687,0.5618473340000492
n1_d4096_r6,1,4096,6,42,0.001,0.01469158389227232,0.613215297460556,0.6024885420047212
n1_d4096_r6,1,4096,6,43,0.001,0.014072348720219452,0.6160973757505417,0.6026354170171544
n1_d4096_r6,1,4096,6,44,0.001,0.013809706331812777,0.6147651225328445,0.5671920830209274
n1_d4096_r6,1,4096,6,45,0.001,0.013787974588922225,0.6128175109624863,0.5685971250059083
n1_d4096_r6,1,4096,6,46,0.001,0.013490389894286636,0.6136810183525085,0.5664230000111274
n1_d4096_r6,1,4096,6,47,0.001,0.012607553493580781,0.6138305068016052,0.5614500420051627
n1_d4096_r6,1,4096,6,48,0.001,0.0121923048136523,0.6115620881319046,0.5675849579856731
n1_d4096_r6,1,4096,6,49,0.001,0.012172740440291818,0.6097180843353271,0.5551146250218153
n1_d4096_r6,1,4096,6,50,0.001,0.011906573301530443,0.6104500889778137,0.598762915993575
n1_d4096_r6,1,4096,6,51,0.001,0.01160524438455468,0.611958235502243,0.5677442919986788
n1_d4096_r6,1,4096,6,52,0.001,0.011627347332250793,0.6088510304689407,0.6054317080124747
n1_d4096_r6,1,4096,6,53,0.001,0.011364317244442645,0.6061627566814423,0.5633704999927431
n1_d4096_r6,1,4096,6,54,0.001,0.011227584691368975,0.6082669943571091,0.5714287080045324
n1_d4096_r6,1,4096,6,55,0.001,0.011233352641284,0.6089345216751099,0.566273624979658
n1_d4096_r6,1,4096,6,56,0.001,0.011167565615323838,0.6106351166963577,0.5688755410083104
n1_d4096_r6,1,4096,6,57,0.001,0.01108679742901586,0.6058357506990433,0.5649222500214819
n1_d4096_r6,1,4096,6,58,0.001,0.010864767806197051,0.6072385311126709,0.5861672500032
n1_d4096_r6,1,4096,6,59,0.001,0.010502138000447303,0.6052420437335968,0.6070077500189655
n1_d4096_r6,1,4096,6,60,0.001,0.0106363699233043,0.607212245464325,0.5616890409728512
n1_d4096_r6,1,4096,6,61,0.001,0.010876611369894817,0.6035136580467224,0.5633912089979276
n1_d4096_r6,1,4096,6,62,0.001,0.010640513341058977,0.6044801473617554,0.5675656249804888
n1_d4096_r6,1,4096,6,63,0.001,0.010188908767304383,0.6005551964044571,0.5848028330074158
n1_d4096_r6,1,4096,6,64,0.001,0.009907190833473578,0.6059605926275253,0.5656639170192648
n1_d4096_r6,1,4096,6,65,0.001,0.009522160406049807,0.5997451692819595,0.5561911660188343
n1_d4096_r6,1,4096,6,66,0.001,0.009540952494717203,0.6014809608459473,0.5583027089887764
n1_d4096_r6,1,4096,6,67,0.001,0.009040030410687905,0.5995265990495682,0.6007346670085099
n1_d4096_r6,1,4096,6,68,0.001,0.00831434274368803,0.6010530292987823,0.560778749990277
n1_d4096_r6,1,4096,6,69,0.001,0.008048159612371819,0.5994603484869003,0.557226917007938
n1_d4096_r6,1,4096,6,70,0.001,0.007786244237649953,0.5951742976903915,0.5559807079844177
n1_d4096_r6,1,4096,6,71,0.001,0.0077234173550095875,0.6013351380825043,0.5647801249870099
n1_d4096_r6,1,4096,6,72,0.001,0.007970123104314553,0.5966746211051941,0.5596937499940395
n1_d4096_r6,1,4096,6,73,0.001,0.008411241964495275,0.5996326208114624,0.5577449580014218
n1_d4096_r6,1,4096,6,74,0.001,0.00869843823966221,0.5997169613838196,0.6011572079733014
n1_d4096_r6,1,4096,6,75,0.001,0.008615353530331049,0.6005613952875137,0.5688685000059195
n1_d4096_r6,1,4096,6,76,0.001,0.008581754143961007,0.5981957018375397,0.5621857079968322
n1_d4096_r6,1,4096,6,77,0.001,0.008546206681785407,0.5991432666778564,0.5603701250220183
n1_d4096_r6,1,4096,6,78,0.001,0.008389822938625002,0.5989767611026764,0.5725989580096211
n1_d4096_r6,1,4096,6,79,0.0005,0.006983352104725782,0.5956996977329254,0.5943800829991233
n1_d4096_r6,1,4096,6,80,0.0005,0.0011319697323415312,0.5941755771636963,0.5596142919966951
n1_d4096_r6,1,4096,6,81,0.0005,0.00022543319812484697,0.5943136811256409,0.5637251660227776
n1_d4096_r6,1,4096,6,82,0.0005,5.150382767737938e-05,0.5943615138530731,0.6335655839939136
n1_d4096_r6,1,4096,6,83,0.0005,1.537052162348118e-05,0.5943491756916046,0.5591677500051446
n1_d4096_r6,1,4096,6,84,0.0005,7.042954591085504e-06,0.5943504869937897,0.5604154999891762
n1_d4096_r6,1,4096,6,85,0.0005,5.591688976736009e-06,0.5943844616413116,0.5605217919801362
n1_d4096_r6,1,4096,6,86,0.0005,3.754042476877828e-06,0.594324991106987,0.5570658750075381
n1_d4096_r6,1,4096,6,87,0.0005,4.813386026647493e-06,0.5943874567747116,0.563583875016775
n1_d4096_r6,1,4096,6,88,0.0005,7.819831306932201e-06,0.5943725556135178,0.562272250012029
n1_d4096_r6,1,4096,6,89,0.00025,7.299062215082586e-06,0.5943392217159271,0.5670767080155201
n1_d4096_r6,1,4096,6,90,0.00025,1.19726639469242e-06,0.5943795144557953,0.6096082500007469
n1_d4096_r6,1,4096,6,91,0.00025,3.1563918101440436e-07,0.5943455398082733,0.5643494169926271
n1_d4096_r6,1,4096,6,92,0.00025,1.260137958425389e-07,0.5943646728992462,0.5647758329869248
n1_d4096_r6,1,4096,6,93,0.00025,8.310408987355355e-08,0.5943554043769836,0.5564625420083757
n1_d4096_r6,1,4096,6,94,0.00025,8.038526338322027e-08,0.5943626761436462,0.5636264580243733
n1_d4096_r6,1,4096,6,95,0.00025,8.437480220058191e-08,0.5943578779697418,0.5987224999989849
n1_d4096_r6,1,4096,6,96,0.00025,1.7693405511554072e-07,0.594367578625679,0.5816154580097646
n1_d4096_r6,1,4096,6,97,0.000125,3.592167699406623e-07,0.5943553000688553,0.5940536250127479
n1_d4096_r6,1,4096,6,98,0.000125,7.878340772121684e-08,0.5943623632192612,0.6072069579968229
n1_d4096_r6,1,4096,6,99,0.000125,2.2529982393604264e-08,0.5943579077720642,0.5987160420045257
n1_d4096_r6,1,4096,6,100,0.000125,7.50759839452525e-09,0.5943585783243179,0.5684465000231285
n1_d64_r7,1,64,7,1,0.001,1.1702283401973546,1.0036161541938782,0.2641366249881685
n1_d64_r7,1,64,7,2,0.001,0.9164108289405704,0.8570003360509872,0.25246775001869537
n1_d64_r7,1,64,7,3,0.001,0.7720665275119245,0.7111845165491104,0.24963075001141988
n1_d64_r7,1,64,7,4,0.001,0.6438578176312149,0.6132737845182419,0.2507975420157891
n1_d64_r7,1,64,7,5,0.001,0.5797674558125436,0.5765063613653183,0.25074108300032094
n1_d64_r7,1,64,7,6,0.001,0.5531026534736156,0.5608105510473251,0.24822520799352787
n1_d64_r7,1,64,7,7,0.001,0.5377533510327339,0.5494587421417236,0.2491144579835236
n1_d64_r7,1,64,7,8,0.001,0.5277091711759567,0.5422943085432053,0.24919120900449343
n1_d64_r7,1,64,7,9,0.001,0.5206509996205568,0.5385227203369141,0.2917022079927847
n1_d64_r7,1,64,7,10,0.001,0.515401617391035,0.5355893671512604,0.24631062502157874
n1_d64_r7,1,64,7,11,0.001,0.5114115262404084,0.5312611609697342,0.2493290840066038
n1_d64_r7,1,64,7,12,0.001,0.5089898307342082,0.5304497629404068,0.2503590419946704
n1_d64_r7,1,64,7,13,0.001,0.5070076317060739,0.5282897055149078,0.2523104159918148
n1_d64_r7,1,64,7,14,0.001,0.5054222450125962,0.5280766189098358,0.24715125001966953
n1_d64_r7,1,64,7,15,0.001,0.5045178334694356,0.526862844824791,0.25059429099201225
n1_d64_r7,1,64,7,16,0.001,0.5035245448816568,0.5264588296413422,0.2931239169847686
n1_d64_r7,1,64,7,17,0.001,0.5026061267126352,0.5274821668863297,0.2626919999893289
n1_d64_r7,1,64,7,18,0.001,0.5020479813683778,0.5265293568372726,0.27064875001087785
n1_d64_r7,1,64,7,19,0.001,0.5015876377001405,0.5264690667390823,0.2523122919956222
n1_d64_r7,1,64,7,20,0.001,0.5010053643491119,0.5265653282403946,0.24886329198488966
n1_d64_r7,1,64,7,21,0.001,0.5006821909919381,0.5258850604295731,0.2638047079963144
n1_d64_r7,1,64,7,22,0.001,0.5002052835188806,0.5250584781169891,0.2642839160107542
n1_d64_r7,1,64,7,23,0.001,0.4996996864210814,0.5249473601579666,0.24757741700159386
n1_d64_r7,1,64,7,24,0.001,0.49918311717920005,0.5252280980348587,0.28624645801028237
n1_d64_r7,1,64,7,25,0.001,0.4988993511069566,0.5252894312143326,0.25016629201127216
n1_d64_r7,1,64,7,26,0.001,0.4984707662370056,0.5241761431097984,0.24493670900119469
n1_d64_r7,1,64,7,27,0.001,0.4978486583568156,0.5249129012227058,0.2453879999811761
n1_d64_r7,1,64,7,28,0.001,0.4978016372770071,0.5250479951500893,0.2484808329900261
n1_d64_r7,1,64,7,29,0.001,0.4973022111225873,0.5245781987905502,0.2506191249995027
n1_d64_r7,1,64,7,30,0.001,0.49704089062288404,0.5249377563595772,0.24740595900220796
n1_d64_r7,1,64,7,31,0.001,0.49687510449439287,0.524017833173275,0.24519512499682605
n1_d64_r7,1,64,7,32,0.001,0.49651280394755304,0.5245313048362732,0.2838632909988519
n1_d64_r7,1,64,7,33,0.001,0.4961701240390539,0.5237745493650436,0.2489847500110045
n1_d64_r7,1,64,7,34,0.001,0.4961079319473356,0.5251602828502655,0.2468835829931777
n1_d64_r7,1,64,7,35,0.001,0.49603879591450095,0.5237081199884415,0.2488659170048777
n1_d64_r7,1,64,7,36,0.001,0.49556438252329826,0.5255326926708221,0.2440953330078628
n1_d64_r7,1,64,7,37,0.001,0.4954385340679437,0.5238965079188347,0.24906204198487103
n1_d64_r7,1,64,7,38,0.001,0.49552247393876314,0.5234632790088654,0.2526079170056619
n1_d64_r7,1,64,7,39,0.001,0.49501165468245745,0.5228756219148636,0.2453493749781046
n1_d64_r7,1,64,7,40,0.001,0.4948975550942123,0.5227569788694382,0.2856628750159871
n1_d64_r7,1,64,7,41,0.001,0.4946498640347272,0.5240189582109451,0.24714787499397062
n1_d64_r7,1,64,7,42,0.001,0.4946418250910938,0.5237326547503471,0.24353316699853167
n1_d64_r7,1,64,7,43,0.001,0.494618947384879,0.5229260921478271,0.24486949999118224
n1_d64_r7,1,64,7,44,0.001,0.49432184104807675,0.5244285315275192,0.24620779199176468
n1_d64_r7,1,64,7,45,0.001,0.4942502451594919,0.522929847240448,0.24776333299814723
n1_d64_r7,1,64,7,46,0.001,0.49409424350596964,0.523329846560955,0.2463876249967143
n1_d64_r7,1,64,7,47,0.001,0.4938185806386173,0.5227181911468506,0.2434776669833809
n1_d64_r7,1,64,7,48,0.001,0.4940404943190515,0.523531123995781,0.28846924999379553
n1_d64_r7,1,64,7,49,0.001,0.49365120148286223,0.5239791721105576,0.24808870800188743
n1_d64_r7,1,64,7,50,0.001,0.49354372289963067,0.5231495723128319,0.24765149998711422
n1_d64_r7,1,64,7,51,0.001,0.49358434323221445,0.5241318270564079,0.24518583301687613
n1_d64_r7,1,64,7,52,0.001,0.49359711073338985,0.5235616862773895,0.24575229099718854
n1_d64_r7,1,64,7,53,0.001,0.4934713039547205,0.5249590426683426,0.261330374982208
n1_d64_r7,1,64,7,54,0.001,0.4933718363754451,0.5244492292404175,0.30050004200893454
n1_d64_r7,1,64,7,55,0.001,0.4929946812335402,0.5244832336902618,0.29916925000725314
n1_d64_r7,1,64,7,56,0.0005,0.49189476226456463,0.52401202917099,0.32988191599724814
n1_d64_r7,1,64,7,57,0.0005,0.4915728645864874,0.5242879837751389,0.2974400000239257
n1_d64_r7,1,64,7,58,0.0005,0.4914773073978722,0.5245119780302048,0.25802454201038927
n1_d64_r7,1,64,7,59,0.0005,0.4916062590200454,0.5244219079613686,0.2808364999946207
n1_d64_r7,1,64,7,60,0.0005,0.4914865526370704,0.5242852941155434,0.2939869579859078
n1_d64_r7,1,64,7,61,0.0005,0.49151886836625636,0.5242366194725037,0.24774774999241345
n1_d64_r7,1,64,7,62,0.0005,0.49145957082509995,0.5247628018260002,0.24472212500404567
n1_d64_r7,1,64,7,63,0.0005,0.49144394253380597,0.5244383737444878,0.28075254199211486
n1_d64_r7,1,64,7,64,0.00025,0.4906246527098119,0.5246649533510208,0.24865150000550784
n1_d64_r7,1,64,7,65,0.00025,0.4905575492884964,0.5247227028012276,0.2439065409998875
n1_d64_r7,1,64,7,66,0.00025,0.4904868209268898,0.5248827487230301,0.24657641700468957
n1_d64_r7,1,64,7,67,0.00025,0.4904665609356016,0.5247232541441917,0.2442887919896748
n1_d128_r7,1,128,7,1,0.001,0.9153253482654691,0.8098454773426056,0.2548784170066938
n1_d128_r7,1,128,7,2,0.001,0.6952101201750338,0.6429306268692017,0.25552208299632184
n1_d128_r7,1,128,7,3,0.001,0.5851511312648654,0.5947896987199783,0.2562003339990042
n1_d128_r7,1,128,7,4,0.001,0.5480154312681407,0.576117068529129,0.29667737500858493
n1_d128_r7,1,128,7,5,0.001,0.5276361261494458,0.5602185130119324,0.25265191702055745
n1_d128_r7,1,128,7,6,0.001,0.5149305283557624,0.5538558512926102,0.25080725000589155
n1_d128_r7,1,128,7,7,0.001,0.5055876048281789,0.5496705174446106,0.25294970799586736
n1_d128_r7,1,128,7,8,0.001,0.499193916330114,0.5467616617679596,0.2560272919945419
n1_d128_r7,1,128,7,9,0.001,0.4944192247930914,0.5443483740091324,0.27229016699129716
n1_d128_r7,1,128,7,10,0.001,0.4913107103202492,0.5431607216596603,0.25206191700999625
n1_d128_r7,1,128,7,11,0.001,0.48826134856790304,0.5415957570075989,0.25062629202147946
n1_d128_r7,1,128,7,12,0.001,0.4863448285032064,0.5417226701974869,0.2930916660116054
n1_d128_r7,1,128,7,13,0.001,0.48436503880657256,0.5405461490154266,0.25163670800975524
n1_d128_r7,1,128,7,14,0.001,0.48300933348946273,0.5397947579622269,0.2580254999920726
n1_d128_r7,1,128,7,15,0.001,0.48163880314677954,0.5424607843160629,0.2614652079937514
n1_d128_r7,1,128,7,16,0.001,0.48061176342889667,0.5442962199449539,0.26111554200178944
n1_d128_r7,1,128,7,17,0.001,0.47970884037204087,0.5408266484737396,0.25617949999286793
n1_d128_r7,1,128,7,18,0.001,0.4789462364278734,0.5436703860759735,0.24902837499394082
n1_d128_r7,1,128,7,19,0.001,0.47765753138810396,0.5437056422233582,0.2964684579928871
n1_d128_r7,1,128,7,20,0.001,0.47704117302782834,0.5453693121671677,0.26499408402014524
n1_d128_r7,1,128,7,21,0.001,0.4763750974088907,0.5455091893672943,0.2573617500020191
n1_d128_r7,1,128,7,22,0.001,0.4759692626539618,0.5452823787927628,0.25687795801786706
n1_d128_r7,1,128,7,23,0.0005,0.4720616568811238,0.5456477254629135,0.2590406669769436
n1_d128_r7,1,128,7,24,0.0005,0.47152909240685403,0.5453816950321198,0.266872708016308
n1_d128_r7,1,128,7,25,0.0005,0.4711554714012891,0.5461446046829224,0.2620128749986179
n1_d128_r7,1,128,7,26,0.0005,0.47082819091156125,0.5461190938949585,0.2553412910201587
n1_d128_r7,1,128,7,27,0.0005,0.4705719097983092,0.5461893826723099,0.30359645799035206
n1_d128_r7,1,128,7,28,0.0005,0.4701553084887564,0.5465039759874344,0.27262683399021626
n1_d128_r7,1,128,7,29,0.0005,0.4700469318777323,0.5472619384527206,0.2568835410056636
n1_d128_r7,1,128,7,30,0.0005,0.469798450358212,0.5476979911327362,0.2540944170032162
n1_d128_r7,1,128,7,31,0.00025,0.46774500934407115,0.5473310649394989,0.25453554102568887
n1_d128_r7,1,128,7,32,0.00025,0.4674798375926912,0.5476024597883224,0.26061762499739416
n1_d128_r7,1,128,7,33,0.00025,0.4672751903999597,0.5477735549211502,0.2537891250103712
n1_d128_r7,1,128,7,34,0.00025,0.4671688403468579,0.5484178513288498,0.2520597090187948
n1_d256_r7,1,256,7,1,0.001,0.9276496996171772,0.8005754351615906,0.30723445798503235
n1_d256_r7,1,256,7,2,0.001,0.6638722368516028,0.6208851337432861,0.25369499999214895
n1_d256_r7,1,256,7,3,0.001,0.5518078813329339,0.5886708050966263,0.25862404200597666
n1_d256_r7,1,256,7,4,0.001,0.5158205840270966,0.5780625343322754,0.2564362080011051
n1_d256_r7,1,256,7,5,0.001,0.49444103753194213,0.5733990371227264,0.2560516250086948
n1_d256_r7,1,256,7,6,0.001,0.4795408130157739,0.5648441463708878,0.2560125000018161
n1_d256_r7,1,256,7,7,0.001,0.46822612220421433,0.5687403082847595,0.2570093749964144
n1_d256_r7,1,256,7,8,0.001,0.4588646893389523,0.5675954520702362,0.25702862499747425
n1_d256_r7,1,256,7,9,0.001,0.451182474847883,0.5715111643075943,0.29476729198358953
n1_d256_r7,1,256,7,10,0.001,0.44394875527359545,0.5716547966003418,0.2545758339983877
n1_d256_r7,1,256,7,11,0.001,0.43766035814769566,0.5757203549146652,0.2532854579912964
n1_d256_r7,1,256,7,12,0.001,0.43175586545839906,0.5766622573137283,0.26309562497772276
n1_d256_r7,1,256,7,13,0.001,0.4266888787969947,0.5839057713747025,0.2555333750206046
n1_d256_r7,1,256,7,14,0.001,0.4215859535615891,0.5856981128454208,0.25823995799873956
n1_d256_r7,1,256,7,15,0.0005,0.40880570700392127,0.583581417798996,0.26346149999881163
n1_d256_r7,1,256,7,16,0.0005,0.4054017970338464,0.5873750001192093,0.25758224999299273
n1_d256_r7,1,256,7,17,0.0005,0.4032232603058219,0.5909719914197922,0.2979861249914393
n1_d256_r7,1,256,7,18,0.0005,0.4008930635172874,0.5946863144636154,0.2545135419932194
n1_d256_r7,1,256,7,19,0.0005,0.39884350658394396,0.5965166836977005,0.2559255830128677
n1_d256_r7,1,256,7,20,0.0005,0.3969654629472643,0.598033607006073,0.2533186670043506
n1_d256_r7,1,256,7,21,0.0005,0.3948583353776485,0.6029626280069351,0.2538602080021519
n1_d256_r7,1,256,7,22,0.0005,0.39299222943373024,0.6052955687046051,0.25753620799514465
n1_d256_r7,1,256,7,23,0.00025,0.38676134729757905,0.6062252968549728,0.2517331249837298
n1_d256_r7,1,256,7,24,0.00025,0.3850353949237615,0.6073557138442993,0.25582058299914934
n1_d256_r7,1,256,7,25,0.00025,0.3840093251783401,0.6081973612308502,0.29391775000840425
n1_d256_r7,1,256,7,26,0.00025,0.38321410212665796,0.6102517992258072,0.2543237920035608
n1_d512_r7,1,512,7,1,0.001,0.9686706829816103,0.844183936715126,0.31487887501134537
n1_d512_r7,1,512,7,2,0.001,0.6349533807951957,0.6284529119729996,0.3132464170048479
n1_d512_r7,1,512,7,3,0.001,0.49227652233093977,0.6084193587303162,0.3082340410037432
n1_d512_r7,1,512,7,4,0.001,0.4347382851410657,0.6121337115764618,0.31030379098956473
n1_d512_r7,1,512,7,5,0.001,0.39572262787260115,0.6222398281097412,0.3116899580054451
n1_d512_r7,1,512,7,6,0.001,0.3629906524438411,0.6396870315074921,0.35149150001234375
n1_d512_r7,1,512,7,7,0.001,0.33237936976365745,0.6604088842868805,0.307907874986995
n1_d512_r7,1,512,7,8,0.001,0.30368632986210287,0.6934173107147217,0.310951749997912
n1_d512_r7,1,512,7,9,0.001,0.278074505738914,0.7033817768096924,0.3087976250099018
n1_d512_r7,1,512,7,10,0.001,0.2560738689498976,0.7366558164358139,0.31066587497480214
n1_d512_r7,1,512,7,11,0.001,0.235272690304555,0.7477077543735504,0.3098765420145355
n1_d512_r7,1,512,7,12,0.0005,0.19656903843861073,0.7687756717205048,0.3071144580026157
n1_d512_r7,1,512,7,13,0.0005,0.1826257755747065,0.7892845869064331,0.31161883400636725
n1_d512_r7,1,512,7,14,0.0005,0.1742255357094109,0.7979677617549896,0.36343691701767966
n1_d512_r7,1,512,7,15,0.0005,0.16695035400334746,0.8158046454191208,0.30825420800829306
n1_d512_r7,1,512,7,16,0.0005,0.1602200306369923,0.8305145800113678,0.3051697089977097
n1_d512_r7,1,512,7,17,0.0005,0.15424583229469135,0.837470144033432,0.3093215419794433
n1_d512_r7,1,512,7,18,0.0005,0.14786567754345015,0.8530851751565933,0.3107756669924129
n1_d512_r7,1,512,7,19,0.0005,0.142153512686491,0.8622530847787857,0.3094775000063237
n1_d512_r7,1,512,7,20,0.00025,0.12669748510234058,0.8728591054677963,0.32706687500467524
n1_d512_r7,1,512,7,21,0.00025,0.12249009782681242,0.8843533843755722,0.31270816599135287
n1_d512_r7,1,512,7,22,0.00025,0.11973376746755093,0.8872702419757843,0.3460628750035539
n1_d512_r7,1,512,7,23,0.00025,0.11735698423581198,0.9017859697341919,0.3112285830138717
n1_d1024_r7,1,1024,7,1,0.001,0.9823939939960837,0.8273905515670776,0.32362175002344884
n1_d1024_r7,1,1024,7,2,0.001,0.5426528111565858,0.6887128949165344,0.32364370801951736
n1_d1024_r7,1,1024,7,3,0.001,0.34758720989339054,0.6933448165655136,0.3201494590030052
n1_d1024_r7,1,1024,7,4,0.001,0.23681233555544168,0.732439398765564,0.3239208330051042
n1_d1024_r7,1,1024,7,5,0.001,0.1546978976111859,0.7686689496040344,0.3596950829960406
n1_d1024_r7,1,1024,7,6,0.001,0.0978748258203268,0.7992054969072342,0.3465558330062777
n1_d1024_r7,1,1024,7,7,0.001,0.06247981914202683,0.8217237591743469,0.3250332080060616
n1_d1024_r7,1,1024,7,8,0.001,0.04061984237341676,0.8358616530895233,0.32303670901455916
n1_d1024_r7,1,1024,7,9,0.001,0.0281983452005079,0.8422455936670303,0.32486475000041537
n1_d1024_r7,1,1024,7,10,0.001,0.022043985649361275,0.840443417429924,0.3282432499981951
n1_d1024_r7,1,1024,7,11,0.0005,0.013690889602003153,0.834887221455574,0.3258745409839321
n1_d1024_r7,1,1024,7,12,0.0005,0.004531972566837794,0.8389191776514053,0.3234459160012193
n1_d1024_r7,1,1024,7,13,0.0005,0.0022423551463361946,0.8410567045211792,0.32482537502073683
n1_d1024_r7,1,1024,7,14,0.0005,0.0012996959530937602,0.8425695300102234,0.3588697500235867
n1_d1024_r7,1,1024,7,15,0.0005,0.0008542420582671184,0.8438096344470978,0.351743124978384
n1_d1024_r7,1,1024,7,16,0.0005,0.0005940108369486552,0.8458991050720215,0.38512620798428543
n1_d1024_r7,1,1024,7,17,0.0005,0.0004412689557966587,0.8465669900178909,0.35833925000042655
n1_d1024_r7,1,1024,7,18,0.0005,0.00035623752739866177,0.8468680828809738,0.4072204169933684
n1_d1024_r7,1,1024,7,19,0.00025,0.00025220276859272417,0.8473350554704666,0.33892116698552854
n1_d1024_r7,1,1024,7,20,0.00025,0.0001362781111993172,0.8478306531906128,0.3227073749876581
n1_d1024_r7,1,1024,7,21,0.00025,0.00010354426748904189,0.8478579521179199,0.3771284999966156
n1_d1024_r7,1,1024,7,22,0.00025,8.534726839570794e-05,0.8482469767332077,0.3322087920096237
n1_d2048_r7,1,2048,7,1,0.001,0.9611339429393411,0.8070688843727112,0.38315387500915676
n1_d2048_r7,1,2048,7,2,0.001,0.3922317111864686,0.7257898449897766,0.396204291988397
n1_d2048_r7,1,2048,7,3,0.001,0.15025491366395727,0.7197673320770264,0.3771504170144908
n1_d2048_r7,1,2048,7,4,0.001,0.061650005023693666,0.7111319154500961,0.4985983340011444
n1_d2048_r7,1,2048,7,5,0.001,0.037950947385979816,0.7111470699310303,0.5170771660050377
n1_d2048_r7,1,2048,7,6,0.001,0.031857085748924874,0.7009463012218475,0.5681591249885969
n1_d2048_r7,1,2048,7,7,0.001,0.030643071557278745,0.6999166756868362,0.5613642499956768
n1_d2048_r7,1,2048,7,8,0.001,0.031767226246302016,0.6930396258831024,0.42963420902378857
n1_d2048_r7,1,2048,7,9,0.001,0.033796698990045115,0.6944389045238495,0.4030559590028133
n1_d2048_r7,1,2048,7,10,0.001,0.035194981363019906,0.6859357506036758,0.42836824999540113
n1_d2048_r7,1,2048,7,11,0.001,0.03425734146730974,0.6886123418807983,0.41726862502400763
n1_d2048_r7,1,2048,7,12,0.001,0.03246152518840972,0.6888881176710129,0.3964272500015795
n1_d2048_r7,1,2048,7,13,0.001,0.03152471812791191,0.6849802285432816,0.4225647090061102
n1_d2048_r7,1,2048,7,14,0.001,0.02886304222920444,0.6809983551502228,0.37758025000221096
n1_d2048_r7,1,2048,7,15,0.001,0.02583059316384606,0.6752525717020035,0.42075174997444265
n1_d2048_r7,1,2048,7,16,0.001,0.024264407547889277,0.6712326556444168,0.37323429199750535
n1_d2048_r7,1,2048,7,17,0.001,0.02226318625616841,0.6664269715547562,0.445564583002124
n1_d2048_r7,1,2048,7,18,0.001,0.02078830030222889,0.6676174253225327,0.38160070800222456
n1_d2048_r7,1,2048,7,19,0.001,0.020118352193094324,0.667844608426094,0.40265983299468644
n1_d2048_r7,1,2048,7,20,0.001,0.020650964026572183,0.6600426584482193,0.499842165998416
n1_d2048_r7,1,2048,7,21,0.001,0.021693644681363367,0.6678924411535263,0.37699408299522474
n1_d2048_r7,1,2048,7,22,0.001,0.022508094596560113,0.656904011964798,0.4199008339783177
n1_d2048_r7,1,2048,7,23,0.001,0.022519693622598425,0.6495553255081177,0.37183645900222473
n1_d2048_r7,1,2048,7,24,0.001,0.02266267796221655,0.6509663164615631,0.37408066701027565
n1_d2048_r7,1,2048,7,25,0.001,0.02189023554819869,0.6476605832576752,0.4397900000039954
n1_d2048_r7,1,2048,7,26,0.001,0.021504747259314172,0.6466635167598724,0.38615529201342724
n1_d2048_r7,1,2048,7,27,0.001,0.020631196239264682,0.6489801555871964,0.3743862500123214
n1_d2048_r7,1,2048,7,28,0.001,0.020084689938812517,0.6477007567882538,0.36768574998131953
n1_d2048_r7,1,2048,7,29,0.001,0.01931228340981761,0.6434362232685089,0.3702393330167979
n1_d2048_r7,1,2048,7,30,0.001,0.01836933518643491,0.6417045146226883,0.4079941670061089
n1_d2048_r7,1,2048,7,31,0.001,0.01742820507934084,0.6452953964471817,0.37290062502142973
n1_d2048_r7,1,2048,7,32,0.001,0.01715655013686046,0.6432150304317474,0.3779462090169545
n1_d2048_r7,1,2048,7,33,0.001,0.01725749966863077,0.6406676322221756,0.3682911250216421
n1_d2048_r7,1,2048,7,34,0.001,0.017500490474049002,0.6400749385356903,0.37188012499245815
n1_d2048_r7,1,2048,7,35,0.001,0.017435255234886426,0.6410306096076965,0.37085895900963806
n1_d2048_r7,1,2048,7,36,0.001,0.01686035271268338,0.6378976106643677,0.370191166002769
n1_d2048_r7,1,2048,7,37,0.001,0.01677275159454439,0.6407863795757294,0.3700132090016268
n1_d2048_r7,1,2048,7,38,0.001,0.016688158015313093,0.6387958824634552,0.40254441698198207
n1_d2048_r7,1,2048,7,39,0.001,0.01617550736409612,0.6340612024068832,0.3743970000068657
n1_d2048_r7,1,2048,7,40,0.001,0.016243653000856284,0.6341478526592255,0.37182837500586174
n1_d2048_r7,1,2048,7,41,0.001,0.016686635739461053,0.6358839869499207,0.36921329199685715
n1_d2048_r7,1,2048,7,42,0.001,0.016397925639466848,0.6341685801744461,0.36781254201196134
n1_d2048_r7,1,2048,7,43,0.001,0.015500218665692955,0.6273981630802155,0.3732179999933578
n1_d2048_r7,1,2048,7,44,0.001,0.01457472617039457,0.6301455646753311,0.3690409999981057
n1_d2048_r7,1,2048,7,45,0.001,0.013971075481094886,0.6272744685411453,0.3691226670052856
n1_d2048_r7,1,2048,7,46,0.001,0.013616036412713584,0.6287314295768738,0.3724844169919379
n1_d2048_r7,1,2048,7,47,0.001,0.013617352240544278,0.626120075583458,0.41192600000067614
n1_d2048_r7,1,2048,7,48,0.001,0.013211130222771317,0.6232277750968933,0.36662816599709913
n1_d2048_r7,1,2048,7,49,0.001,0.013326669635716826,0.6256740689277649,0.36457766601233743
n1_d2048_r7,1,2048,7,50,0.001,0.013793266080028843,0.6277392357587814,0.367181540990714
n1_d2048_r7,1,2048,7,51,0.001,0.013402660464635119,0.6275934725999832,0.36852074999478646
n1_d2048_r7,1,2048,7,52,0.001,0.013296331984747667,0.627608135342598,0.36768558298354037
n1_d2048_r7,1,2048,7,53,0.001,0.013075974900857545,0.6247608214616776,0.36821270899963565
n1_d2048_r7,1,2048,7,54,0.001,0.012683916531386785,0.6252186298370361,0.3711932500009425
n1_d2048_r7,1,2048,7,55,0.001,0.01256784588622395,0.6280887424945831,0.41060074997949414
n1_d2048_r7,1,2048,7,56,0.001,0.012537186594272498,0.6249178051948547,0.37425729099777527
n1_d2048_r7,1,2048,7,57,0.0005,0.010153227780392626,0.6172065436840057,0.3679507500200998
n1_d2048_r7,1,2048,7,58,0.0005,0.0018989186501130462,0.6182839721441269,0.36392399997566827
n1_d2048_r7,1,2048,7,59,0.0005,0.0004542045528523886,0.6173838227987289,0.3664387080061715
n1_d2048_r7,1,2048,7,60,0.0005,0.00012013357746809561,0.6179326921701431,0.36102766601834446
n1_d2048_r7,1,2048,7,61,0.0005,3.387025509482555e-05,0.6178301870822906,0.3670787080191076
n1_d2048_r7,1,2048,7,62,0.0005,1.0814039320905522e-05,0.6177027374505997,0.4002404159982689
n1_d2048_r7,1,2048,7,63,0.0005,4.113356290247339e-06,0.6177648156881332,0.36778304100153036
n1_d2048_r7,1,2048,7,64,0.0005,1.69728010490644e-06,0.6177495121955872,0.3788253749953583
n1_d2048_r7,1,2048,7,65,0.0005,8.714447106150658e-07,0.6177565157413483,0.4502199589915108
n1_d2048_r7,1,2048,7,66,0.00025,4.852290629298039e-07,0.617767721414566,0.4808578330266755
n1_d2048_r7,1,2048,7,67,0.00025,8.178720217744129e-08,0.6177648156881332,0.4615594170172699
n1_d2048_r7,1,2048,7,68,0.00025,1.9577887824806517e-08,0.6177663505077362,0.4892312080191914
n1_d2048_r7,1,2048,7,69,0.00025,5.0255373872792886e-09,0.6177656948566437,0.448953832994448
n1_d2048_r7,1,2048,7,70,0.00025,1.4109687567626095e-09,0.6177665442228317,0.413636375014903
n1_d2048_r7,1,2048,7,71,0.00025,4.0767142721505334e-10,0.6177659779787064,0.3886111659812741
n1_d2048_r7,1,2048,7,72,0.00025,1.2362986085171987e-10,0.617765948176384,0.38192316601634957
n1_d2048_r7,1,2048,7,73,0.00025,4.3911871683874164e-11,0.6177659332752228,0.37575416697654873
n1_d2048_r7,1,2048,7,74,0.000125,1.5543861879054044e-11,0.6177660822868347,0.38077300001168624
n1_d2048_r7,1,2048,7,75,0.000125,5.1011070486341485e-12,0.6177660822868347,0.367177707987139
n1_d2048_r7,1,2048,7,76,0.000125,2.9329842006635995e-12,0.6177660673856735,0.369660083000781
n1_d2048_r7,1,2048,7,77,0.000125,1.957773706368906e-12,0.6177661120891571,0.36255033398629166
n1_d4096_r7,1,4096,7,1,0.001,0.9688066761009395,0.9186746925115585,0.6341800829977728
n1_d4096_r7,1,4096,7,2,0.001,0.5193802989087999,0.7750683128833771,0.5485423750069458
n1_d4096_r7,1,4096,7,3,0.001,0.17400192969944328,0.7466241121292114,0.5536889169889037
n1_d4096_r7,1,4096,7,4,0.001,0.07101859946851619,0.7080679535865784,0.5582468749780674
n1_d4096_r7,1,4096,7,5,0.001,0.03875328687718138,0.7101997286081314,0.5532276669982821
n1_d4096_r7,1,4096,7,6,0.001,0.02511845155095216,0.7030967772006989,0.5458641670120414
n1_d4096_r7,1,4096,7,7,0.001,0.021317064340109937,0.7006973028182983,0.5551835419901181
n1_d4096_r7,1,4096,7,8,0.001,0.021174170695303474,0.7063312232494354,0.5549112499866169
n1_d4096_r7,1,4096,7,9,0.001,0.023462460580049083,0.6978548467159271,0.614932750002481
n1_d4096_r7,1,4096,7,10,0.001,0.026403741925605573,0.7013227343559265,0.5576708329899702
n1_d4096_r7,1,4096,7,11,0.001,0.028376610032864846,0.6941339820623398,0.563643375004176
n1_d4096_r7,1,4096,7,12,0.001,0.0296253827837063,0.7017417401075363,0.562514374993043
n1_d4096_r7,1,4096,7,13,0.001,0.02954483668145258,0.6944247037172318,0.5589536250045057
n1_d4096_r7,1,4096,7,14,0.001,0.02847874395956751,0.6875941455364227,0.5883284999872558
n1_d4096_r7,1,4096,7,15,0.001,0.02706493900041096,0.6828829348087311,0.556350625003688
n1_d4096_r7,1,4096,7,16,0.001,0.024728158226935193,0.6831146031618118,0.5923896669992246
n1_d4096_r7,1,4096,7,17,0.001,0.022598692958126776,0.678572416305542,0.5593159580021165
n1_d4096_r7,1,4096,7,18,0.001,0.021481914882315323,0.6834018230438232,0.5531498749915045
n1_d4096_r7,1,4096,7,19,0.001,0.021060106191725936,0.6835844218730927,0.5577684169984423
n1_d4096_r7,1,4096,7,20,0.001,0.020382353744935244,0.677023708820343,0.5495781249774154
n1_d4096_r7,1,4096,7,21,0.001,0.01996739089372568,0.6804995089769363,0.5944407079950906
n1_d4096_r7,1,4096,7,22,0.001,0.019923701343941502,0.6764184832572937,0.556850458990084
n1_d4096_r7,1,4096,7,23,0.001,0.019465481338556856,0.6769039183855057,0.5560382919793483
n1_d4096_r7,1,4096,7,24,0.001,0.018475952194421552,0.6723217219114304,0.5897852499911096
n1_d4096_r7,1,4096,7,25,0.001,0.018227282002044376,0.6715205907821655,0.5602743329945952
n1_d4096_r7,1,4096,7,26,0.001,0.018556348426500335,0.6734816431999207,0.556552333990112
n1_d4096_r7,1,4096,7,27,0.001,0.018324971599213313,0.6745371669530869,0.5535183330066502
n1_d4096_r7,1,4096,7,28,0.001,0.018132725737814326,0.671230673789978,0.5524258750083391
n1_d4096_r7,1,4096,7,29,0.001,0.018433368888508994,0.6697691828012466,0.5471735000028275
n1_d4096_r7,1,4096,7,30,0.001,0.018393316226138268,0.6688540428876877,0.5549369170039427
n1_d4096_r7,1,4096,7,31,0.001,0.017723171760735568,0.6688770800828934,0.5546533330052625
n1_d4096_r7,1,4096,7,32,0.001,0.01714483253454091,0.6665000319480896,0.5907470840029418
n1_d4096_r7,1,4096,7,33,0.001,0.016373195707274135,0.665004700422287,0.576703875005478
n1_d4096_r7,1,4096,7,34,0.001,0.01600116802001139,0.6703304201364517,0.5644433750130702
n1_d4096_r7,1,4096,7,35,0.001,0.016111757584440056,0.6657803505659103,0.5785343750030734
n1_d4096_r7,1,4096,7,36,0.001,0.01589111891371431,0.6612753868103027,0.629378874989925
n1_d4096_r7,1,4096,7,37,0.001,0.01567025453550741,0.6618467420339584,0.5643006660102401
n1_d4096_r7,1,4096,7,38,0.001,0.015428095939569175,0.6583279222249985,0.5673202920006588
n1_d4096_r7,1,4096,7,39,0.001,0.015615140386216808,0.6586614847183228,0.5681032919965219
n1_d4096_r7,1,4096,7,40,0.001,0.014970345022447873,0.6553695797920227,0.6025716660078615
n1_d4096_r7,1,4096,7,41,0.001,0.014066504998481832,0.66111920773983,0.5623972910107113
n1_d4096_r7,1,4096,7,42,0.001,0.013426990502921399,0.6559807062149048,0.5603371250035707
n1_d4096_r7,1,4096,7,43,0.001,0.012849726728745736,0.6576977074146271,0.55525237499387
n1_d4096_r7,1,4096,7,44,0.001,0.012633035359613132,0.6544090807437897,0.5565955420024693
n1_d4096_r7,1,4096,7,45,0.001,0.012367027418804355,0.6546504348516464,0.5586663330032025
n1_d4096_r7,1,4096,7,46,0.001,0.012124171669711359,0.6544350981712341,0.5548188330139965
n1_d4096_r7,1,4096,7,47,0.001,0.012588419020175934,0.6524686068296432,0.5717836669937242
n1_d4096_r7,1,4096,7,48,0.001,0.01313221306190826,0.6564277708530426,0.5860169589868747
n1_d4096_r7,1,4096,7,49,0.001,0.013314527961483691,0.6522671729326248,0.557971541013103
n1_d4096_r7,1,4096,7,50,0.001,0.0130551487673074,0.6524452716112137,0.5532959999982268
n1_d4096_r7,1,4096,7,51,0.001,0.012748833774821833,0.6469204425811768,0.5885430420166813
n1_d4096_r7,1,4096,7,52,0.001,0.01254837293527089,0.6562374085187912,0.6104630829941016
n1_d4096_r7,1,4096,7,53,0.001,0.012027176679112017,0.6485261023044586,0.5918777089973446
n1_d4096_r7,1,4096,7,54,0.001,0.011574299925996456,0.650260403752327,0.5821924589981791
n1_d4096_r7,1,4096,7,55,0.001,0.011196651168575045,0.6511116027832031,0.5830892919912003
n1_d4096_r7,1,4096,7,56,0.001,0.011066691426094621,0.6499696969985962,0.6127693750022445
n1_d4096_r7,1,4096,7,57,0.001,0.010601226516882889,0.6469248086214066,0.5640188330144156
n1_d4096_r7,1,4096,7,58,0.001,0.00999957148451358,0.651390329003334,0.562670707993675
n1_d4096_r7,1,4096,7,59,0.001,0.009683340194897028,0.6486487090587616,0.5636107919854112
n1_d4096_r7,1,4096,7,60,0.0005,0.007967131343320943,0.6408422887325287,0.5651974579959642
n1_d4096_r7,1,4096,7,61,0.0005,0.0012800394138139382,0.6420457512140274,0.5619795420207083
n1_d4096_r7,1,4096,7,62,0.0005,0.0002630409481980678,0.6421442925930023,0.5632111659797374
n1_d4096_r7,1,4096,7,63,0.0005,5.8039750257421474e-05,0.6420495510101318,0.5631600420165341
n1_d4096_r7,1,4096,7,64,0.0005,1.6360194834419417e-05,0.6421359777450562,0.5674151249986608
n1_d4096_r7,1,4096,7,65,0.0005,6.534488809606387e-06,0.6421175301074982,0.6034149999904912
n1_d4096_r7,1,4096,7,66,0.0005,3.5529020072644357e-06,0.6421232372522354,0.563370624993695
n1_d4096_r7,1,4096,7,67,0.0005,2.867606046841331e-06,0.6420742720365524,0.558970500016585
n1_d4096_r7,1,4096,7,68,0.0005,3.903391335491335e-06,0.6420978903770447,0.558054999972228
n1_d4096_r7,1,4096,7,69,0.00025,4.290482469748724e-06,0.642112523317337,0.5582271250023041
n1_d4096_r7,1,4096,7,70,0.00025,7.556749461734569e-07,0.6421023607254028,0.5669279590074439
n1_d4096_r7,1,4096,7,71,0.00025,2.2415934713970742e-07,0.6421054005622864,0.5695782499969937
n1_d4096_r7,1,4096,7,72,0.00025,1.2404406779520372e-07,0.642093613743782,0.5611030829895753
n1_d4096_r7,1,4096,7,73,0.00025,1.5655483338872234e-07,0.6421006470918655,0.6039215420023538
n1_d4096_r7,1,4096,7,74,0.00025,2.7320811617215224e-07,0.6420939713716507,0.5574380409962032
n1_d4096_r7,1,4096,7,75,0.00025,3.951918936540011e-07,0.6421159356832504,0.564626874984242
n1_d4096_r7,1,4096,7,76,0.00025,1.3409414134635256e-07,0.6420944631099701,0.5665721669793129
n1_d4096_r7,1,4096,7,77,0.000125,1.014139134197789e-07,0.6421021074056625,0.5767057499906514
n1_d4096_r7,1,4096,7,78,0.000125,1.4222274576786154e-08,0.642103374004364,0.5551757080247626
n1_d4096_r7,1,4096,7,79,0.000125,3.324961942059723e-09,0.642104297876358,0.5572815840132535
n1_d4096_r7,1,4096,7,80,0.000125,8.590456618620679e-10,0.6421034634113312,0.606871666997904
n1_d64_r8,1,64,8,1,0.001,1.0364901581779122,0.8960462659597397,0.26445320798666216
n1_d64_r8,1,64,8,2,0.001,0.8002041596919298,0.7154020369052887,0.25008145900210366
n1_d64_r8,1,64,8,3,0.001,0.6453259326517582,0.6004833728075027,0.24771012499695644
n1_d64_r8,1,64,8,4,0.001,0.5722706795204431,0.5614370703697205,0.25169508400722407
n1_d64_r8,1,64,8,5,0.001,0.5445825376082212,0.5376562178134918,0.24923341599060223
n1_d64_r8,1,64,8,6,0.001,0.5277275850530714,0.5250120311975479,0.24623166598030366
n1_d64_r8,1,64,8,7,0.001,0.5170605757739395,0.5164588093757629,0.24810083300690167
n1_d64_r8,1,64,8,8,0.001,0.5105731629300863,0.5119273066520691,0.2509729999874253
n1_d64_r8,1,64,8,9,0.001,0.5065853765700012,0.5063462257385254,0.28474175001611
n1_d64_r8,1,64,8,10,0.001,0.5036803500261158,0.5059615671634674,0.24638858399703167
n1_d64_r8,1,64,8,11,0.001,0.5020531758200377,0.5034857243299484,0.24576491600601003
n1_d64_r8,1,64,8,12,0.001,0.5006710097659379,0.5016351714730263,0.24648637499194592
n1_d64_r8,1,64,8,13,0.001,0.4997053830884397,0.5017667710781097,0.2474217090057209
n1_d64_r8,1,64,8,14,0.001,0.49908001394942403,0.5009728372097015,0.24553399998694658
n1_d64_r8,1,64,8,15,0.001,0.49813946476206183,0.5010780915617943,0.24711929200566374
n1_d64_r8,1,64,8,16,0.001,0.49810025887563825,0.5005957558751106,0.2820342500053812
n1_d64_r8,1,64,8,17,0.001,0.4973514771554619,0.4995459020137787,0.2482120000058785
n1_d64_r8,1,64,8,18,0.001,0.49674063664861023,0.5001964867115021,0.2580668749869801
n1_d64_r8,1,64,8,19,0.001,0.4967263441067189,0.5006701573729515,0.2491632919991389
n1_d64_r8,1,64,8,20,0.001,0.4961809499654919,0.5007106065750122,0.2452362919866573
n1_d64_r8,1,64,8,21,0.001,0.49591292859986424,0.5004419535398483,0.24416554198251106
n1_d64_r8,1,64,8,22,0.001,0.49558129138313234,0.5003563761711121,0.24352629101485945
n1_d64_r8,1,64,8,23,0.001,0.49534407583996654,0.498846098780632,0.2453097919933498
n1_d64_r8,1,64,8,24,0.001,0.4951172561850399,0.4992236793041229,0.28279024999937974
n1_d64_r8,1,64,8,25,0.001,0.49496258329600096,0.5003309845924377,0.2462074589857366
n1_d64_r8,1,64,8,26,0.001,0.49454155121929944,0.49968773126602173,0.24934529198799282
n1_d64_r8,1,64,8,27,0.001,0.4945927371736616,0.4996582195162773,0.24704250000650063
n1_d64_r8,1,64,8,28,0.001,0.49438510090112686,0.49928657710552216,0.24643975001526996
n1_d64_r8,1,64,8,29,0.001,0.49387037893757224,0.5002638548612595,0.24389704101486132
n1_d64_r8,1,64,8,30,0.001,0.49391998746432364,0.5004144981503487,0.24399749998701736
n1_d64_r8,1,64,8,31,0.001,0.49349324801005423,0.5001034587621689,0.24329700000816956
n1_d64_r8,1,64,8,32,0.0005,0.49217892764136195,0.5000380128622055,0.28074395898147486
n1_d64_r8,1,64,8,33,0.0005,0.49200345878489316,0.4998742491006851,0.24480116600170732
n1_d64_r8,1,64,8,34,0.0005,0.4919709344394505,0.4996708109974861,0.2435180830070749
n1_d64_r8,1,64,8,35,0.0005,0.4918147181160748,0.4995821565389633,0.243677167018177
n1_d64_r8,1,64,8,36,0.0005,0.4917425736784935,0.500042699277401,0.24345791697851382
n1_d64_r8,1,64,8,37,0.0005,0.4916872647590935,0.49978746473789215,0.24284062499646097
n1_d64_r8,1,64,8,38,0.0005,0.4915219561662525,0.5001748353242874,0.2444067080214154
n1_d64_r8,1,64,8,39,0.0005,0.49153285496868193,0.49982552230358124,0.2434814590087626
n1_d64_r8,1,64,8,40,0.00025,0.490671475417912,0.4999614357948303,0.2817616249958519
n1_d64_r8,1,64,8,41,0.00025,0.4905393954832107,0.5000026300549507,0.2460909579822328
n1_d64_r8,1,64,8,42,0.00025,0.49057199037633836,0.4999404773116112,0.24417304201051593
n1_d64_r8,1,64,8,43,0.00025,0.490446470445022,0.4999469965696335,0.24498333301744424
n1_d128_r8,1,128,8,1,0.001,1.131085803732276,0.9612808674573898,0.26115458298590966
n1_d128_r8,1,128,8,2,0.001,0.8525516507215798,0.7571041584014893,0.2567462919978425
n1_d128_r8,1,128,8,3,0.001,0.65641506947577,0.5894560813903809,0.2573897499823943
n1_d128_r8,1,128,8,4,0.001,0.5552358457352966,0.547858476638794,0.2898256659973413
n1_d128_r8,1,128,8,5,0.001,0.5275816656649113,0.5331857800483704,0.2616123750049155
n1_d128_r8,1,128,8,6,0.001,0.5128821325488389,0.5239534825086594,0.25773170799948275
n1_d128_r8,1,128,8,7,0.001,0.5037521338090301,0.5170054733753204,0.2546030000085011
n1_d128_r8,1,128,8,8,0.001,0.4980222745798528,0.5149994194507599,0.25345737498719245
n1_d128_r8,1,128,8,9,0.001,0.4941902067512274,0.5113075077533722,0.257603875012137
n1_d128_r8,1,128,8,10,0.001,0.490970202954486,0.5122849941253662,0.2548779579810798
n1_d128_r8,1,128,8,11,0.001,0.48915808415040374,0.5102384090423584,0.2517447090067435
n1_d128_r8,1,128,8,12,0.001,0.48703563399612904,0.5100381225347519,0.28711104198009707
n1_d128_r8,1,128,8,13,0.001,0.4854155785869807,0.5090710893273354,0.2583836660196539
n1_d128_r8,1,128,8,14,0.001,0.4839185341261327,0.5107062608003616,0.2539526670007035
n1_d128_r8,1,128,8,15,0.001,0.4828138865996152,0.5087726563215256,0.25331045797793195
n1_d128_r8,1,128,8,16,0.001,0.48175667598843575,0.5086786895990372,0.25520795802003704
n1_d128_r8,1,128,8,17,0.001,0.4805439927149564,0.5095760002732277,0.25258066700189374
n1_d128_r8,1,128,8,18,0.001,0.4792273514904082,0.5107313171029091,0.2511606249900069
n1_d128_r8,1,128,8,19,0.001,0.4789118147455156,0.510701984167099,0.2552632089937106
n1_d128_r8,1,128,8,20,0.001,0.4774225354194641,0.5107694715261459,0.28870083298534155
n1_d128_r8,1,128,8,21,0.001,0.47649318259209394,0.5100596100091934,0.26074304201756604
n1_d128_r8,1,128,8,22,0.001,0.4754082537256181,0.5115987062454224,0.2539560419972986
n1_d128_r8,1,128,8,23,0.001,0.4751025219447911,0.5117542892694473,0.25354141602292657
n1_d128_r8,1,128,8,24,0.001,0.47380634723231196,0.5107307285070419,0.26698383400798775
n1_d128_r8,1,128,8,25,0.0005,0.4707607391756028,0.5110583454370499,0.2579241670027841
n1_d128_r8,1,128,8,26,0.0005,0.4699175846762955,0.5121212750673294,0.2531101659988053
n1_d128_r8,1,128,8,27,0.0005,0.4692969308234751,0.5119942501187325,0.2529412499861792
n1_d128_r8,1,128,8,28,0.0005,0.4690602526534349,0.5126007497310638,0.2922549159848131
n1_d128_r8,1,128,8,29,0.0005,0.46867767884396017,0.5125613734126091,0.26076941698556766
n1_d128_r8,1,128,8,30,0.0005,0.46844514925032854,0.5125734582543373,0.25585025001782924
n1_d128_r8,1,128,8,31,0.0005,0.46818515309132636,0.5133077502250671,0.2526567910099402
n1_d128_r8,1,128,8,32,0.0005,0.467878122581169,0.5147024691104889,0.254538125009276
n1_d128_r8,1,128,8,33,0.00025,0.46577179711312056,0.5142688006162643,0.2541037500195671
n1_d128_r8,1,128,8,34,0.00025,0.4655210920609534,0.5144648998975754,0.2540824169991538
n1_d128_r8,1,128,8,35,0.00025,0.4653671719133854,0.5142996609210968,0.25377879198640585
n1_d128_r8,1,128,8,36,0.00025,0.4652601326815784,0.5146016031503677,0.2906212499947287
n1_d256_r8,1,256,8,1,0.001,0.9832131816074252,0.8223360180854797,0.26409541702014394
n1_d256_r8,1,256,8,2,0.001,0.6877432963810861,0.6224685460329056,0.2574550410208758
n1_d256_r8,1,256,8,3,0.001,0.5581839096266776,0.5766984820365906,0.2585210840043146
n1_d256_r8,1,256,8,4,0.001,0.517427685437724,0.5595066547393799,0.25767520800582133
n1_d256_r8,1,256,8,5,0.001,0.49514781474135816,0.5521288514137268,0.25717916601570323
n1_d256_r8,1,256,8,6,0.001,0.4797120373696089,0.550467237830162,0.2566510410106275
n1_d256_r8,1,256,8,7,0.001,0.4681386041920632,0.5457305908203125,0.2585928330081515
n1_d256_r8,1,256,8,8,0.001,0.45833288016729057,0.5429093092679977,0.29683295800350606
n1_d256_r8,1,256,8,9,0.001,0.4510189280845225,0.5471595376729965,0.25742883401107974
n1_d256_r8,1,256,8,10,0.001,0.44379670009948313,0.5472080260515213,0.25634712498867884
n1_d256_r8,1,256,8,11,0.001,0.43758572079241276,0.5515947490930557,0.25913258400396444
n1_d256_r8,1,256,8,12,0.001,0.4325919181574136,0.5529265403747559,0.2569172919902485
n1_d256_r8,1,256,8,13,0.001,0.4266735604032874,0.55653016269207,0.25461416598409414
n1_d256_r8,1,256,8,14,0.001,0.4213310736231506,0.5580768287181854,0.25729512501857243
n1_d256_r8,1,256,8,15,0.001,0.4168691977392882,0.5660870373249054,0.2583987919788342
n1_d256_r8,1,256,8,16,0.001,0.41263168095611036,0.5707947760820389,0.29899700000532903
n1_d256_r8,1,256,8,17,0.0005,0.4008859416935593,0.5703660994768143,0.25864687500870787
n1_d256_r8,1,256,8,18,0.0005,0.3975458398927003,0.5734596848487854,0.2608493330189958
n1_d256_r8,1,256,8,19,0.0005,0.39558517071418464,0.5765737742185593,0.2561940419836901
n1_d256_r8,1,256,8,20,0.0005,0.39358634036034346,0.5797516256570816,0.254255000007106
n1_d256_r8,1,256,8,21,0.0005,0.39188584336079657,0.5819813013076782,0.2606279170140624
n1_d256_r8,1,256,8,22,0.0005,0.38978808000683784,0.5881214886903763,0.2597387499990873
n1_d256_r8,1,256,8,23,0.0005,0.3883900272194296,0.5876902490854263,0.25770345801720396
n1_d256_r8,1,256,8,24,0.0005,0.3864830117672682,0.5904171466827393,0.2940935829828959
n1_d256_r8,1,256,8,25,0.00025,0.3801217284053564,0.5922202169895172,0.25659750000340864
n1_d256_r8,1,256,8,26,0.00025,0.37857774225994945,0.5944301635026932,0.2562649169994984
n1_d256_r8,1,256,8,27,0.00025,0.37767067458480597,0.5962630361318588,0.2548557079862803
n1_d256_r8,1,256,8,28,0.00025,0.37700261268764734,0.5987929552793503,0.2520465000125114
n1_d512_r8,1,512,8,1,0.001,1.0001624799333513,0.8416740000247955,0.311361083004158
n1_d512_r8,1,512,8,2,0.001,0.6422112546861172,0.6496212333440781,0.3140472079976462
n1_d512_r8,1,512,8,3,0.001,0.5035444188397378,0.620488241314888,0.3474710409936961
n1_d512_r8,1,512,8,4,0.001,0.43972460902296007,0.6192577183246613,0.3112073339871131
n1_d512_r8,1,512,8,5,0.001,0.39495117496699095,0.6273467242717743,0.3133162089798134
n1_d512_r8,1,512,8,6,0.001,0.35950858425348997,0.6412223726511002,0.3143288750143256
n1_d512_r8,1,512,8,7,0.001,0.32999772066250443,0.6664340198040009,0.3124770830036141
n1_d512_r8,1,512,8,8,0.001,0.3030363869620487,0.6863032728433609,0.3128370829799678
n1_d512_r8,1,512,8,9,0.001,0.2786961031379178,0.705535277724266,0.3083487919939216
n1_d512_r8,1,512,8,10,0.001,0.25753172382246703,0.7273364216089249,0.31054858400602825
n1_d512_r8,1,512,8,11,0.001,0.23819006071425974,0.7637181878089905,0.35203904198715463
n1_d512_r8,1,512,8,12,0.001,0.2203737284289673,0.7796781063079834,0.31310949998442084
n1_d512_r8,1,512,8,13,0.0005,0.18380454648286104,0.7950346916913986,0.3131091659888625
n1_d512_r8,1,512,8,14,0.0005,0.1710490274708718,0.8121500164270401,0.32220075000077486
n1_d512_r8,1,512,8,15,0.0005,0.16356912115588784,0.8298498839139938,0.3134602500067558
n1_d512_r8,1,512,8,16,0.0005,0.1563295789528638,0.846401646733284,0.31049475001054816
n1_d512_r8,1,512,8,17,0.0005,0.15051232720725238,0.868687629699707,0.3147287080064416
n1_d512_r8,1,512,8,18,0.0005,0.14465415390441194,0.8792096674442291,0.34505641701980494
n1_d512_r8,1,512,8,19,0.0005,0.13935739517910406,0.8930070400238037,0.31793237500824034
n1_d512_r8,1,512,8,20,0.0005,0.134287923341617,0.9053949862718582,0.31609091701102443
n1_d512_r8,1,512,8,21,0.00025,0.11823521082988009,0.9134088307619095,0.3121469169855118
n1_d512_r8,1,512,8,22,0.00025,0.11398796719731763,0.9228182137012482,0.305782832991099
n1_d512_r8,1,512,8,23,0.00025,0.1115468162461184,0.9351217597723007,0.31122366699855775
n1_d512_r8,1,512,8,24,0.00025,0.10934169893153012,0.9408138245344162,0.33060370801831596
n1_d1024_r8,1,1024,8,1,0.001,0.9594639255665243,0.8128780126571655,0.3297109580016695
n1_d1024_r8,1,1024,8,2,0.001,0.5561328895855695,0.6234610974788666,0.3669011669990141
n1_d1024_r8,1,1024,8,3,0.001,0.34907640772871673,0.63950215280056,0.3467594580142759
n1_d1024_r8,1,1024,8,4,0.001,0.23856266867369413,0.660136416554451,0.3390196249820292
n1_d1024_r8,1,1024,8,5,0.001,0.1584566572564654,0.7005829364061356,0.32620366601622663
n1_d1024_r8,1,1024,8,6,0.001,0.10182204697048292,0.7284159511327744,0.33688716698088683
n1_d1024_r8,1,1024,8,7,0.001,0.06530812176060863,0.7413658946752548,0.3361416670086328
n1_d1024_r8,1,1024,8,8,0.001,0.04359116987325251,0.7605653405189514,0.3267105840204749
n1_d1024_r8,1,1024,8,9,0.001,0.03138372472312767,0.774511307477951,0.3602112080261577
n1_d1024_r8,1,1024,8,10,0.001,0.024678710789885372,0.7760169804096222,0.3345980830199551
n1_d1024_r8,1,1024,8,11,0.0005,0.015827468880161177,0.7674407213926315,0.3236034169967752
n1_d1024_r8,1,1024,8,12,0.0005,0.005268354943837039,0.7740803956985474,0.34189849998801947
n1_d1024_r8,1,1024,8,13,0.0005,0.002601913125545252,0.775021031498909,0.3252237499982584
n1_d1024_r8,1,1024,8,14,0.0005,0.0015215386129057151,0.7773786634206772,0.33708687499165535
n1_d1024_r8,1,1024,8,15,0.0005,0.0009916813637573796,0.7800317406654358,0.3212449589918833
n1_d1024_r8,1,1024,8,16,0.0005,0.0006831307928223396,0.780529722571373,0.3298660000145901
n1_d1024_r8,1,1024,8,17,0.0005,0.0004931762878186419,0.7826683223247528,0.35807325001223944
n1_d1024_r8,1,1024,8,18,0.0005,0.0003942098485367751,0.7835492342710495,0.3275453340029344
n1_d1024_r8,1,1024,8,19,0.00025,0.0002724700073031272,0.7834919393062592,0.32080299998051487
n1_d1024_r8,1,1024,8,20,0.00025,0.00011848854751406179,0.783899337053299,0.3232450420036912
n1_d1024_r8,1,1024,8,21,0.00025,7.908727704375451e-05,0.7842962145805359,0.3227559590013698
n1_d1024_r8,1,1024,8,22,0.00025,6.0826198804875276e-05,0.7847217470407486,0.32497908402001485
n1_d2048_r8,1,2048,8,1,0.001,0.9708852195180953,0.842664822936058,0.3994781250075903
n1_d2048_r8,1,2048,8,2,0.001,0.41450569219887257,0.7359740734100342,0.3898268749762792
n1_d2048_r8,1,2048,8,3,0.001,0.1585535603808239,0.7458071261644363,0.4073964170238469
n1_d2048_r8,1,2048,8,4,0.001,0.06152822411968373,0.7284032255411148,0.37556383400806226
n1_d2048_r8,1,2048,8,5,0.001,0.03689127536199521,0.7236181795597076,0.3741301249829121
n1_d2048_r8,1,2048,8,6,0.001,0.03254593885503709,0.7253911048173904,0.37749587500002235
n1_d2048_r8,1,2048,8,7,0.001,0.033247316008782946,0.7165302038192749,0.3718533329956699
n1_d2048_r8,1,2048,8,8,0.001,0.03500679458375089,0.7082079648971558,0.366137166012777
n1_d2048_r8,1,2048,8,9,0.001,0.03569223586237058,0.7091544568538666,0.36931274997186847
n1_d2048_r8,1,2048,8,10,0.001,0.03521730596548878,0.7001054435968399,0.41817129199625924
n1_d2048_r8,1,2048,8,11,0.001,0.03306205249100458,0.695727750658989,0.3780917080002837
n1_d2048_r8,1,2048,8,12,0.001,0.029909263757872395,0.6855581104755402,0.37212149999686517
n1_d2048_r8,1,2048,8,13,0.001,0.027603270587860607,0.6867427080869675,0.37901304199476726
n1_d2048_r8,1,2048,8,14,0.001,0.02590488566784188,0.6771707683801651,0.37694775001727976
n1_d2048_r8,1,2048,8,15,0.001,0.024587326144683175,0.6755370050668716,0.3729801250156015
n1_d2048_r8,1,2048,8,16,0.001,0.023563769718748517,0.6762659996747971,0.37842462499975227
n1_d2048_r8,1,2048,8,17,0.001,0.02347648626891896,0.6722633838653564,0.40852266701404005
n1_d2048_r8,1,2048,8,18,0.001,0.023148760286858305,0.6709824800491333,0.42000329098664224
n1_d2048_r8,1,2048,8,19,0.001,0.022856954630697146,0.6660980433225632,0.4075500420003664
n1_d2048_r8,1,2048,8,20,0.001,0.022570514236576855,0.6635083109140396,0.3819336669985205
n1_d2048_r8,1,2048,8,21,0.001,0.02234203506668564,0.6646285206079483,0.38710779100074433
n1_d2048_r8,1,2048,8,22,0.001,0.021220956143224612,0.6636435687541962,0.39326162499492057
n1_d2048_r8,1,2048,8,23,0.001,0.02073531817586627,0.6553680747747421,0.388162540999474
n1_d2048_r8,1,2048,8,24,0.001,0.020317110218456946,0.6597993820905685,0.3836426250054501
n1_d2048_r8,1,2048,8,25,0.001,0.01960727115510963,0.6552262157201767,0.3779072910256218
n1_d2048_r8,1,2048,8,26,0.001,0.019233768682170194,0.6559647619724274,0.4212033330113627
n1_d2048_r8,1,2048,8,27,0.001,0.018606274024932645,0.655234307050705,0.4130379170237575
n1_d2048_r8,1,2048,8,28,0.001,0.018359661706199404,0.6523762345314026,0.37817404200905
n1_d2048_r8,1,2048,8,29,0.001,0.018310223444132134,0.6517794728279114,0.3724868329882156
n1_d2048_r8,1,2048,8,30,0.001,0.018288358485733625,0.6474659144878387,0.370407874986995
n1_d2048_r8,1,2048,8,31,0.001,0.018347140365222003,0.6441664397716522,0.3734076249820646
n1_d2048_r8,1,2048,8,32,0.001,0.018230830974061973,0.6433118432760239,0.3765817499952391
n1_d2048_r8,1,2048,8,33,0.001,0.01817686957656406,0.6478248834609985,0.3809642079868354
n1_d2048_r8,1,2048,8,34,0.001,0.018126448812836315,0.6440338343381882,0.37800762499682605
n1_d2048_r8,1,2048,8,35,0.001,0.017934021016117185,0.6395724564790726,0.4253620840026997
n1_d2048_r8,1,2048,8,36,0.001,0.017934140618308447,0.6419308185577393,0.37868129098205827
n1_d2048_r8,1,2048,8,37,0.001,0.017775850785255898,0.6383148282766342,0.3825322500197217
n1_d2048_r8,1,2048,8,38,0.001,0.016911015482037328,0.6383423209190369,0.38632920797681436
n1_d2048_r8,1,2048,8,39,0.001,0.015796041108842473,0.634828194975853,0.3753028330102097
n1_d2048_r8,1,2048,8,40,0.001,0.015005037683295086,0.6348787695169449,0.3800692909862846
n1_d2048_r8,1,2048,8,41,0.001,0.014401663080207072,0.635856106877327,0.37292616700869985
n1_d2048_r8,1,2048,8,42,0.001,0.013867670873878524,0.6355663388967514,0.37014054198516533
n1_d2048_r8,1,2048,8,43,0.001,0.014091815224674065,0.6399654000997543,0.4405279999773484
n1_d2048_r8,1,2048,8,44,0.001,0.014191644710081164,0.6365629136562347,0.38103654101723805
n1_d2048_r8,1,2048,8,45,0.001,0.014022317736817058,0.6300312727689743,0.3866849589976482
n1_d2048_r8,1,2048,8,46,0.001,0.013983351804199629,0.6312835365533829,0.36806129198521376
n1_d2048_r8,1,2048,8,47,0.001,0.01400117993762251,0.6283363550901413,0.37842008299776353
n1_d2048_r8,1,2048,8,48,0.001,0.013878095087420661,0.6288273930549622,0.3786787500139326
n1_d2048_r8,1,2048,8,49,0.001,0.013395201538514812,0.6315697580575943,0.38378095798543654
n1_d2048_r8,1,2048,8,50,0.001,0.013227487856056541,0.6307879984378815,0.40189395801280625
n1_d2048_r8,1,2048,8,51,0.001,0.012871617836935911,0.6282073855400085,0.3720437080191914
n1_d2048_r8,1,2048,8,52,0.001,0.012773001988534816,0.6229634582996368,0.3743947909970302
n1_d2048_r8,1,2048,8,53,0.001,0.012706643195997458,0.6271630823612213,0.3793995000014547
n1_d2048_r8,1,2048,8,54,0.001,0.012626776406250428,0.6238850057125092,0.3717304590099957
n1_d2048_r8,1,2048,8,55,0.001,0.01237591719836928,0.6213650405406952,0.3753133330028504
n1_d2048_r8,1,2048,8,56,0.001,0.012411997260642238,0.6215192079544067,0.37540345801971853
n1_d2048_r8,1,2048,8,57,0.001,0.011977233254583552,0.6204736679792404,0.37038049998227507
n1_d2048_r8,1,2048,8,58,0.001,0.011811585536634084,0.6213331520557404,0.4085788750089705
n1_d2048_r8,1,2048,8,59,0.001,0.011655155736661982,0.6181909590959549,0.3665064169908874
n1_d2048_r8,1,2048,8,60,0.001,0.011130483071610797,0.6188530325889587,0.37564541699248366
n1_d2048_r8,1,2048,8,61,0.001,0.010692654112062883,0.6160584837198257,0.3762387910101097
n1_d2048_r8,1,2048,8,62,0.001,0.010621089775668224,0.6196121424436569,0.37064587499480695
n1_d2048_r8,1,2048,8,63,0.001,0.010598213455523364,0.6213218420743942,0.36744779100990854
n1_d2048_r8,1,2048,8,64,0.001,0.010570906139037106,0.6184648126363754,0.37905191601021215
n1_d2048_r8,1,2048,8,65,0.001,0.010508062987355515,0.6197024136781693,0.3713350000034552
n1_d2048_r8,1,2048,8,66,0.001,0.010536588546528947,0.6193184405565262,0.41818166701705195
n1_d2048_r8,1,2048,8,67,0.001,0.010361132593970979,0.6157162636518478,0.36913175001973286
n1_d2048_r8,1,2048,8,68,0.001,0.010418718822620576,0.6182853281497955,0.36953508300939575
n1_d2048_r8,1,2048,8,69,0.001,0.010329995220672572,0.6132448017597198,0.3732205420092214
n1_d2048_r8,1,2048,8,70,0.001,0.010394343713414855,0.6171255111694336,0.39307479199487716
n1_d2048_r8,1,2048,8,71,0.001,0.010129701604455477,0.6164212077856064,0.40170849999412894
n1_d2048_r8,1,2048,8,72,0.001,0.010036174069682602,0.6163763999938965,0.3962937500036787
n1_d2048_r8,1,2048,8,73,0.001,0.009751748235430568,0.6164819896221161,0.3750827500189189
n1_d2048_r8,1,2048,8,74,0.001,0.009132453174970578,0.6128146201372147,0.41674300000886433
n1_d2048_r8,1,2048,8,75,0.001,0.008877125776052708,0.6120171546936035,0.37629449999076314
n1_d2048_r8,1,2048,8,76,0.001,0.008548347428586567,0.6111912280321121,0.38467025000136346
n1_d2048_r8,1,2048,8,77,0.001,0.008240835952165071,0.6128758490085602,0.38318400000571273
n1_d2048_r8,1,2048,8,78,0.001,0.008210257132304832,0.6098532378673553,0.379446040984476
n1_d2048_r8,1,2048,8,79,0.001,0.008185815582692157,0.6144502013921738,0.3784692500194069
n1_d2048_r8,1,2048,8,80,0.001,0.00827304909034865,0.6119497865438461,0.37018929098849185
n1_d2048_r8,1,2048,8,81,0.001,0.00874349789955886,0.6121272444725037,0.37326491699786857
n1_d2048_r8,1,2048,8,82,0.001,0.008864716248353943,0.6088468432426453,0.418410957994638
n1_d2048_r8,1,2048,8,83,0.001,0.008826661425700877,0.6108158528804779,0.375113334011985
n1_d2048_r8,1,2048,8,84,0.001,0.008723020218894817,0.6119708716869354,0.37120179197518155
n1_d2048_r8,1,2048,8,85,0.001,0.00873394318841747,0.6079097539186478,0.37358204199699685
n1_d2048_r8,1,2048,8,86,0.001,0.008544628562958678,0.6114158630371094,0.37349920798442326
n1_d2048_r8,1,2048,8,87,0.001,0.008076724367128918,0.6102044731378555,0.40604537501349114
n1_d2048_r8,1,2048,8,88,0.001,0.008181206376320915,0.6117683798074722,0.386907957989024
n1_d2048_r8,1,2048,8,89,0.001,0.008074384211795405,0.611739382147789,0.38349541698698886
n1_d2048_r8,1,2048,8,90,0.001,0.007938028309581568,0.6113599240779877,0.4214934159826953
n1_d2048_r8,1,2048,8,91,0.001,0.007721928930550348,0.6131285279989243,0.3880301659810357
n1_d2048_r8,1,2048,8,92,0.001,0.007638053284608759,0.6100685298442841,0.38107187498826534
n1_d2048_r8,1,2048,8,93,0.001,0.007327639817958698,0.6093294471502304,0.39715783298015594
n1_d2048_r8,1,2048,8,94,0.0005,0.005635567857098067,0.6062980890274048,0.37574333301745355
n1_d2048_r8,1,2048,8,95,0.0005,0.0009768811396497767,0.6058692783117294,0.399217124999268
n1_d2048_r8,1,2048,8,96,0.0005,0.00023600405540946667,0.605656772851944,0.37082866599666886
n1_d2048_r8,1,2048,8,97,0.0005,6.212880470002347e-05,0.6056456118822098,0.4090593750006519
n1_d2048_r8,1,2048,8,98,0.0005,1.739722887350581e-05,0.6055949181318283,0.37608904199441895
n1_d2048_r8,1,2048,8,99,0.0005,5.3008151610356435e-06,0.6056732833385468,0.3732202500104904
n1_d2048_r8,1,2048,8,100,0.0005,1.7853613512031075e-06,0.6056355535984039,0.37392187502700835
n1_d2048_r8,1,2048,8,101,0.0005,6.991802719014117e-07,0.6056391894817352,0.3700091660139151
n1_d2048_r8,1,2048,8,102,0.0005,3.4530250492270653e-07,0.6056467145681381,0.3708656249800697
n1_d2048_r8,1,2048,8,103,0.0005,2.1895711144193086e-07,0.6056428998708725,0.37100633399677463
n1_d2048_r8,1,2048,8,104,0.0005,1.7811595443006922e-07,0.605644702911377,0.3723961249925196
n1_d2048_r8,1,2048,8,105,0.0005,1.7841777733007547e-07,0.6056467741727829,0.39333408398670144
n1_d2048_r8,1,2048,8,106,0.0005,2.252015265380436e-07,0.6056262999773026,0.40646579198073596
n1_d2048_r8,1,2048,8,107,0.00025,2.72261693967657e-07,0.6056461930274963,0.37246379200951196
n1_d2048_r8,1,2048,8,108,0.00025,5.28914225472743e-08,0.6056439727544785,0.3770986659801565
n1_d2048_r8,1,2048,8,109,0.00025,1.4592792141332467e-08,0.605642631649971,0.37295375001849607
n1_d2048_r8,1,2048,8,110,0.00025,4.545955419391068e-09,0.605642169713974,0.36869241698877886
n1_d2048_r8,1,2048,8,111,0.00025,1.6166938551775978e-09,0.6056435257196426,0.36636083299526945
n1_d2048_r8,1,2048,8,112,0.00025,6.904481600171486e-10,0.6056426465511322,0.3727197500120383
n1_d2048_r8,1,2048,8,113,0.00025,3.618636536251163e-10,0.6056427359580994,0.4214826250099577
n1_d2048_r8,1,2048,8,114,0.00025,2.4595547853164396e-10,0.6056431829929352,0.37378120800713077
n1_d2048_r8,1,2048,8,115,0.000125,1.779511074628294e-10,0.605642780661583,0.37356150001869537
n1_d2048_r8,1,2048,8,116,0.000125,2.912110469758221e-11,0.6056428551673889,0.3745307909848634
n1_d2048_r8,1,2048,8,117,0.000125,6.616041685315009e-12,0.6056429445743561,0.3772697919921484
n1_d2048_r8,1,2048,8,118,0.000125,1.7376572855509385e-12,0.6056429296731949,0.3816812089935411
n1_d4096_r8,1,4096,8,1,0.001,0.990079359151423,0.9489734321832657,0.6363246660039295
n1_d4096_r8,1,4096,8,2,0.001,0.6473021984566003,0.7831418961286545,0.5831995000189636
n1_d4096_r8,1,4096,8,3,0.001,0.208233677665703,0.7384820878505707,0.5887734580028336
n1_d4096_r8,1,4096,8,4,0.001,0.0796280569920782,0.7153209298849106,0.5573934999993071
n1_d4096_r8,1,4096,8,5,0.001,0.04499248042702675,0.7056152075529099,0.5617337500152644
n1_d4096_r8,1,4096,8,6,0.001,0.030962483477196656,0.7004105001688004,0.5580372499825899
n1_d4096_r8,1,4096,8,7,0.001,0.024397775705438107,0.7032163590192795,0.5633482089906465
n1_d4096_r8,1,4096,8,8,0.001,0.022327707600197755,0.6950520277023315,0.56117462500697
n1_d4096_r8,1,4096,8,9,0.001,0.0221213426993927,0.6965228319168091,0.5588492079987191
n1_d4096_r8,1,4096,8,10,0.001,0.022628307197010145,0.6991578936576843,0.5603912499791477
n1_d4096_r8,1,4096,8,11,0.001,0.023407246844726615,0.698454737663269,0.5939883750106674
n1_d4096_r8,1,4096,8,12,0.001,0.024303716520080343,0.6944070011377335,0.5889990830037277
n1_d4096_r8,1,4096,8,13,0.001,0.025472135821473785,0.6945331543684006,0.5604570409923326
n1_d4096_r8,1,4096,8,14,0.001,0.025993113784352317,0.6942813396453857,0.5604237910010852
n1_d4096_r8,1,4096,8,15,0.001,0.025484281810349785,0.694600522518158,0.5587932920025196
n1_d4096_r8,1,4096,8,16,0.001,0.025091686024097726,0.6849256008863449,0.5553667499916628
n1_d4096_r8,1,4096,8,17,0.001,0.024359161805477925,0.6911032795906067,0.5644122500088997
n1_d4096_r8,1,4096,8,18,0.001,0.02277977870835457,0.6856929361820221,0.5942980829859152
n1_d4096_r8,1,4096,8,19,0.001,0.021124024293385446,0.6895790845155716,0.5581460419925861
n1_d4096_r8,1,4096,8,20,0.001,0.019624753622338176,0.6840697377920151,0.5639307500096038
n1_d4096_r8,1,4096,8,21,0.001,0.01906091969431145,0.6823750436306,0.5609692499856465
n1_d4096_r8,1,4096,8,22,0.001,0.01842938146000961,0.6779713034629822,0.5535423340043053
n1_d4096_r8,1,4096,8,23,0.001,0.018525967141613364,0.6792741864919662,0.5578453750058543
n1_d4096_r8,1,4096,8,24,0.001,0.018370630648860242,0.6816852539777756,0.5504952920018695
n1_d4096_r8,1,4096,8,25,0.001,0.01769838652398903,0.6775298118591309,0.5570595420140307
n1_d4096_r8,1,4096,8,26,0.001,0.01742730656405911,0.6783969700336456,0.5836512090172619
n1_d4096_r8,1,4096,8,27,0.001,0.018340803238970693,0.677936851978302,0.5530403330049012
n1_d4096_r8,1,4096,8,28,0.001,0.018585920450277627,0.6768107712268829,0.5508305830007885
n1_d4096_r8,1,4096,8,29,0.001,0.01872542145429179,0.6729178875684738,0.5471385410055518
n1_d4096_r8,1,4096,8,30,0.001,0.01889213250251487,0.6793418973684311,0.5875506659795064
n1_d4096_r8,1,4096,8,31,0.001,0.018266689447045792,0.6665776669979095,0.5659585419925861
n1_d4096_r8,1,4096,8,32,0.001,0.017695746711979154,0.672171950340271,0.5531555409834255
n1_d4096_r8,1,4096,8,33,0.001,0.017293969467573334,0.6650095283985138,0.5509739170083776
n1_d4096_r8,1,4096,8,34,0.001,0.016524984006537125,0.6657363474369049,0.5999238750082441
n1_d4096_r8,1,4096,8,35,0.001,0.015501274756388739,0.6644757837057114,0.5926789579971228
n1_d4096_r8,1,4096,8,36,0.001,0.015118541232368443,0.6653305143117905,0.5530613750161137
n1_d4096_r8,1,4096,8,37,0.001,0.014402008855540771,0.6610448062419891,0.556872499990277
n1_d4096_r8,1,4096,8,38,0.001,0.013988541861181147,0.6617948263883591,0.5497557079943363
n1_d4096_r8,1,4096,8,39,0.001,0.013676699236384593,0.6625545471906662,0.5682271669793408
n1_d4096_r8,1,4096,8,40,0.001,0.013123134303896222,0.6609538942575455,0.5518018330039922
n1_d4096_r8,1,4096,8,41,0.001,0.013259649247629568,0.6613104194402695,0.5570788340119179
n1_d4096_r8,1,4096,8,42,0.001,0.01392292511445703,0.6631769388914108,0.5539155839942396
n1_d4096_r8,1,4096,8,43,0.001,0.014294301588961389,0.6629396229982376,0.5948614999942947
n1_d4096_r8,1,4096,8,44,0.001,0.014389217751158867,0.6609270423650742,0.5667075410019606
n1_d4096_r8,1,4096,8,45,0.001,0.014447148278122768,0.6559806913137436,0.5596633749955799
n1_d4096_r8,1,4096,8,46,0.001,0.014625122756115161,0.6600801348686218,0.5551241250068415
n1_d4096_r8,1,4096,8,47,0.001,0.014024842654180247,0.6540651172399521,0.5560684170050081
n1_d4096_r8,1,4096,8,48,0.001,0.013296918892592657,0.650889202952385,0.5607529160042759
n1_d4096_r8,1,4096,8,49,0.001,0.012589248275617138,0.6488785147666931,0.5551722090167459
n1_d4096_r8,1,4096,8,50,0.001,0.01187293043039972,0.6542370617389679,0.5657131249899976
n1_d4096_r8,1,4096,8,51,0.001,0.011320734367473051,0.6485698819160461,0.6052914169849828
n1_d4096_r8,1,4096,8,52,0.001,0.01061902244691737,0.6499517858028412,0.5576802499999758
n1_d4096_r8,1,4096,8,53,0.001,0.010894969876972027,0.6478468179702759,0.5671287910081446
n1_d4096_r8,1,4096,8,54,0.001,0.011091362677689176,0.649400144815445,0.5562798750179354
n1_d4096_r8,1,4096,8,55,0.001,0.011276716148131527,0.6458745747804642,0.5599036249914207
n1_d4096_r8,1,4096,8,56,0.001,0.011065330276323948,0.6456703543663025,0.5792619579879101
n1_d4096_r8,1,4096,8,57,0.001,0.01112390922207851,0.6435955315828323,0.5595616250066087
n1_d4096_r8,1,4096,8,58,0.001,0.010722683364292607,0.6454606503248215,0.5909553749952465
n1_d4096_r8,1,4096,8,59,0.001,0.010254898148559732,0.6409666836261749,0.5631193339941092
n1_d4096_r8,1,4096,8,60,0.001,0.009791256146854721,0.6412357240915298,0.5579222920059692
n1_d4096_r8,1,4096,8,61,0.001,0.009432378981728107,0.6407757997512817,0.5588330839818809
n1_d4096_r8,1,4096,8,62,0.001,0.009234562319761608,0.6424841731786728,0.5825932919979095
n1_d4096_r8,1,4096,8,63,0.001,0.00918502865897608,0.6417597085237503,0.5513685410260223
n1_d4096_r8,1,4096,8,64,0.001,0.009407120138348546,0.6420089304447174,0.5625811250065453
n1_d4096_r8,1,4096,8,65,0.001,0.009787426297407364,0.6404612362384796,0.5533356250089128
n1_d4096_r8,1,4096,8,66,0.001,0.009889287081023213,0.6397815197706223,0.5965862089942675
n1_d4096_r8,1,4096,8,67,0.001,0.009636729508201825,0.641004353761673,0.5652431249909569
n1_d4096_r8,1,4096,8,68,0.001,0.009487950315815397,0.6403927952051163,0.5537908329861239
n1_d4096_r8,1,4096,8,69,0.001,0.009457665513764368,0.6370796263217926,0.5797252079937607
n1_d4096_r8,1,4096,8,70,0.001,0.009424071624380304,0.6399655640125275,0.5612251249840483
n1_d4096_r8,1,4096,8,71,0.001,0.008772186109126778,0.6349317580461502,0.557395916985115
n1_d4096_r8,1,4096,8,72,0.001,0.00814910621556919,0.6392871737480164,0.5574485829856712
n1_d4096_r8,1,4096,8,73,0.001,0.007868304550356697,0.6329618692398071,0.5565807090024464
n1_d4096_r8,1,4096,8,74,0.001,0.007699416579271201,0.6351536214351654,0.6035691249999218
n1_d4096_r8,1,4096,8,75,0.001,0.007498376591684064,0.6351822167634964,0.5551510830118787
n1_d4096_r8,1,4096,8,76,0.001,0.007386337249045027,0.6368975043296814,0.5548329580051359
n1_d4096_r8,1,4096,8,77,0.001,0.007451866316841915,0.6349518597126007,0.5657507500145584
n1_d4096_r8,1,4096,8,78,0.001,0.007065858244459378,0.633042499423027,0.5733572079916485
n1_d4096_r8,1,4096,8,79,0.001,0.00703956293000374,0.6348910927772522,0.5550369579868857
n1_d4096_r8,1,4096,8,80,0.001,0.0072561564957140945,0.6364723592996597,0.5623968750005588
n1_d4096_r8,1,4096,8,81,0.001,0.00737174730602419,0.6323775500059128,0.5602377920004074
n1_d4096_r8,1,4096,8,82,0.001,0.007524936594563769,0.6342625319957733,0.6003051660081837
n1_d4096_r8,1,4096,8,83,0.001,0.007456772509613074,0.6358032822608948,0.5658407500013709
n1_d4096_r8,1,4096,8,84,0.001,0.00776305795807275,0.6327588260173798,0.5664298339979723
n1_d4096_r8,1,4096,8,85,0.001,0.007890210377809126,0.6315475255250931,0.5590444169938564
n1_d4096_r8,1,4096,8,86,0.001,0.007358286489761667,0.6332435458898544,0.565492333000293
n1_d4096_r8,1,4096,8,87,0.001,0.006985548869124614,0.6328824609518051,0.5999899579910561
n1_d4096_r8,1,4096,8,88,0.001,0.006809297694417182,0.6328656226396561,0.5663632919895463
n1_d4096_r8,1,4096,8,89,0.001,0.006748063206032384,0.6325716227293015,0.5619323749851901
n1_d4096_r8,1,4096,8,90,0.001,0.00660135777798132,0.6293528825044632,0.6070894169970416
n1_d4096_r8,1,4096,8,91,0.001,0.006330348442133982,0.6293940991163254,0.5559550829930231
n1_d4096_r8,1,4096,8,92,0.001,0.005838510478497483,0.6283079534769058,0.5543993750179652
n1_d4096_r8,1,4096,8,93,0.001,0.005696447271475336,0.6281996965408325,0.5556474160111975
n1_d4096_r8,1,4096,8,94,0.001,0.005699791963706957,0.6291487216949463,0.592180624982575
n1_d4096_r8,1,4096,8,95,0.001,0.005720606906834291,0.6297551840543747,0.5624621669994667
n1_d4096_r8,1,4096,8,96,0.001,0.005547757653403096,0.6283063590526581,0.5619899169832934
n1_d4096_r8,1,4096,8,97,0.001,0.00591244898896548,0.6308593153953552,0.5648536669905297
n1_d4096_r8,1,4096,8,98,0.001,0.006057268012227723,0.6298327445983887,0.5936212500091642
n1_d4096_r8,1,4096,8,99,0.001,0.005946740089711966,0.6303915232419968,0.580082250002306
n1_d4096_r8,1,4096,8,100,0.001,0.006243130846996792,0.6297918409109116,0.5597386670124251
n1_d4096_r8,1,4096,8,101,0.001,0.006229003807675326,0.6318808645009995,0.5618538749986328
n1_d4096_r8,1,4096,8,102,0.0005,0.004976956564860302,0.6253028512001038,0.5578662500192877
n1_d4096_r8,1,4096,8,103,0.0005,0.0007944811495690374,0.6260212659835815,0.5611450420110486
n1_d4096_r8,1,4096,8,104,0.0005,0.00017181760631501675,0.6256182938814163,0.5772579170006793
n1_d4096_r8,1,4096,8,105,0.0005,4.2059172812969337e-05,0.6257272213697433,0.6297464999952354
n1_d4096_r8,1,4096,8,106,0.0005,1.5793579596135032e-05,0.6256827861070633,0.6078396249795333
n1_d4096_r8,1,4096,8,107,0.0005,7.507028120912196e-06,0.625603199005127,0.5736607080034446
n1_d4096_r8,1,4096,8,108,0.0005,6.257883737426084e-06,0.6256379783153534,0.5563052499783225
n1_d4096_r8,1,4096,8,109,0.0005,5.4438148113789e-06,0.6255920976400375,0.5789712080149911
n1_d4096_r8,1,4096,8,110,0.0005,4.75273101319118e-06,0.6256837248802185,0.5612630000105128
n1_d4096_r8,1,4096,8,111,0.00025,3.952037047394441e-06,0.6256420910358429,0.5596343340002932
n1_d4096_r8,1,4096,8,112,0.00025,1.9566698891138046e-06,0.6256283819675446,0.5594295829941984
n1_d4096_r8,1,4096,8,113,0.00025,1.6642211442263743e-06,0.6256297528743744,0.56406600002083
n1_d4096_r8,1,4096,8,114,0.00025,1.5920534424673782e-06,0.6256266683340073,0.6053611669922248
n1_d4096_r8,1,4096,8,115,0.00025,1.5744372392142991e-06,0.6256263256072998,0.5641464589862153
n1_d4096_r8,1,4096,8,116,0.00025,1.5698161498992752e-06,0.6256227493286133,0.5614909589930903
n1_d4096_r8,1,4096,8,117,0.00025,1.5696192081117444e-06,0.6256308108568192,0.5599302499904297
n1_d4096_r8,1,4096,8,118,0.00025,1.5813963412780047e-06,0.625622883439064,0.5592209580063354
n1_d4096_r8,1,4096,8,119,0.000125,1.584315790116933e-06,0.6256226450204849,0.5588423340232112
n1_d4096_r8,1,4096,8,120,0.000125,1.556426991948523e-06,0.6256210058927536,0.5887712080148049
n1_d4096_r8,1,4096,8,121,0.000125,1.5503983845296943e-06,0.6256232410669327,0.597801875002915
n1_d4096_r8,1,4096,8,122,0.000125,1.5479813174054452e-06,0.6256227195262909,0.5666196660022251
n1_d64_r9,1,64,9,1,0.001,0.9662923645228148,0.8383542597293854,0.25443749999976717
n1_d64_r9,1,64,9,2,0.001,0.7487165257334709,0.6866193860769272,0.24575200001709163
n1_d64_r9,1,64,9,3,0.001,0.6298500024713576,0.6048111170530319,0.2559592920006253
n1_d64_r9,1,64,9,4,0.001,0.5749611393548548,0.5745774209499359,0.24738258399884216
n1_d64_r9,1,64,9,5,0.001,0.5490121108014137,0.5523962676525116,0.2453116659889929
n1_d64_r9,1,64,9,6,0.001,0.5328265454154462,0.5404272377490997,0.24489262499264441
n1_d64_r9,1,64,9,7,0.001,0.5223745235707611,0.533202275633812,0.24693129200022668
n1_d64_r9,1,64,9,8,0.001,0.5157525073736906,0.5271382927894592,0.24415849999058992
n1_d64_r9,1,64,9,9,0.001,0.5115358193870634,0.5243745446205139,0.28305837500374764
n1_d64_r9,1,64,9,10,0.001,0.5090650198981166,0.5219796374440193,0.24370362499030307
n1_d64_r9,1,64,9,11,0.001,0.5073244487866759,0.5200286209583282,0.2440142499981448
n1_d64_r9,1,64,9,12,0.001,0.5059128752909601,0.5194101482629776,0.24365750001743436
n1_d64_r9,1,64,9,13,0.001,0.505097639048472,0.5187477767467499,0.24244604201521724
n1_d64_r9,1,64,9,14,0.001,0.5043041871394962,0.518062986433506,0.24389562499709427
n1_d64_r9,1,64,9,15,0.001,0.5039647442754358,0.5172984674572945,0.24449487499077804
n1_d64_r9,1,64,9,16,0.001,0.5032271407544613,0.5162561237812042,0.2785260000091512
n1_d64_r9,1,64,9,17,0.001,0.5028288667090237,0.5173207968473434,0.24801125001977198
n1_d64_r9,1,64,9,18,0.001,0.5022843033075333,0.5163611620664597,0.2452530000009574
n1_d64_r9,1,64,9,19,0.001,0.5018411879427731,0.5161012038588524,0.2446697500126902
n1_d64_r9,1,64,9,20,0.001,0.5015456802211702,0.516514927148819,0.2427868340164423
n1_d64_r9,1,64,9,21,0.001,0.5014725746586919,0.5166032314300537,0.24464108402025886
n1_d64_r9,1,64,9,22,0.001,0.5012054606340826,0.5161707848310471,0.2420392920030281
n1_d64_r9,1,64,9,23,0.001,0.5007362456526607,0.5151958540081978,0.24489837500732392
n1_d64_r9,1,64,9,24,0.001,0.5005204582121223,0.5148518308997154,0.28240404100506566
n1_d64_r9,1,64,9,25,0.001,0.5003243559040129,0.5153194963932037,0.24353170802351087
n1_d64_r9,1,64,9,26,0.001,0.5001558209769428,0.5162200629711151,0.24315558400121517
n1_d64_r9,1,64,9,27,0.001,0.4998268394265324,0.5152383893728256,0.24336829199455678
n1_d64_r9,1,64,9,28,0.001,0.4996550774667412,0.5150540918111801,0.2434193750086706
n1_d64_r9,1,64,9,29,0.001,0.4995252212975174,0.5154960751533508,0.24119749999954365
n1_d64_r9,1,64,9,30,0.001,0.49917784333229065,0.5146131962537766,0.2420303750259336
n1_d64_r9,1,64,9,31,0.001,0.49919031746685505,0.5149047002196312,0.24252441700082272
n1_d64_r9,1,64,9,32,0.001,0.49900574679486454,0.5144746005535126,0.2818272089934908
n1_d64_r9,1,64,9,33,0.001,0.49868533993139863,0.5158765614032745,0.24268679198576137
n1_d64_r9,1,64,9,34,0.001,0.49837295711040497,0.514971487224102,0.2420784590067342
n1_d64_r9,1,64,9,35,0.001,0.4979788172058761,0.5158139765262604,0.2425121670239605
n1_d64_r9,1,64,9,36,0.001,0.4983474409673363,0.5148098543286324,0.2412658340181224
n1_d64_r9,1,64,9,37,0.001,0.4978826849255711,0.5147365629673004,0.24181791697628796
n1_d64_r9,1,64,9,38,0.001,0.49782006186433136,0.515300951898098,0.2435867089952808
n1_d64_r9,1,64,9,39,0.001,0.49773993669077754,0.5152836441993713,0.2449904160166625
n1_d64_r9,1,64,9,40,0.001,0.49759082426317036,0.5144444704055786,0.27953241698560305
n1_d64_r9,1,64,9,41,0.001,0.4975246670655906,0.5148842185735703,0.2451660410151817
n1_d64_r9,1,64,9,42,0.001,0.4972505886107683,0.5148320868611336,0.24178945901803672
n1_d64_r9,1,64,9,43,0.001,0.496866105357185,0.5155712217092514,0.24450245799380355
n1_d64_r9,1,64,9,44,0.001,0.49673790275119245,0.5151560232043266,0.25328445798368193
n1_d64_r9,1,64,9,45,0.001,0.49679735442623496,0.5150486156344414,0.24845583300339058
n1_d64_r9,1,64,9,46,0.001,0.49689457821659744,0.5150425136089325,0.24470220899092965
n1_d64_r9,1,64,9,47,0.001,0.4965535041410476,0.5165048986673355,0.24458270901232027
n1_d64_r9,1,64,9,48,0.001,0.49640600592829287,0.5153632462024689,0.2929270419990644
n1_d64_r9,1,64,9,49,0.0005,0.49521744903177023,0.5151723921298981,0.24219937500311062
n1_d64_r9,1,64,9,50,0.0005,0.4951504289638251,0.5148977935314178,0.24293454198050313
n1_d64_r9,1,64,9,51,0.0005,0.494890020461753,0.5155076682567596,0.2452930409926921
n1_d64_r9,1,64,9,52,0.0005,0.4949820206966251,0.5152694061398506,0.24547966601676308
n1_d64_r9,1,64,9,53,0.0005,0.49495462933555245,0.5152364075183868,0.24157225000089966
n1_d64_r9,1,64,9,54,0.0005,0.49487184453755617,0.5151458010077477,0.2488141670182813
n1_d64_r9,1,64,9,55,0.0005,0.4947642160113901,0.5149534791707993,0.247415291989455
n1_d64_r9,1,64,9,56,0.0005,0.4946735012345016,0.5151075124740601,0.28866612500860356
n1_d64_r9,1,64,9,57,0.00025,0.49397283256985247,0.5153252333402634,0.24716333401738666
n1_d64_r9,1,64,9,58,0.00025,0.4939405773766339,0.515135645866394,0.25058125000214204
n1_d64_r9,1,64,9,59,0.00025,0.4939033053815365,0.5151179283857346,0.24573599998257123
n1_d64_r9,1,64,9,60,0.00025,0.4939541385974735,0.5150041580200195,0.24750900000799447
n1_d128_r9,1,128,9,1,0.001,1.0065606595017016,0.8658316880464554,0.2538038329803385
n1_d128_r9,1,128,9,2,0.001,0.7731404104270041,0.6875135749578476,0.25192208398948424
n1_d128_r9,1,128,9,3,0.001,0.6150282092858106,0.5988061875104904,0.2949336250021588
n1_d128_r9,1,128,9,4,0.001,0.5583736118860543,0.5722307711839676,0.2524495839898009
n1_d128_r9,1,128,9,5,0.001,0.5341727463528514,0.5585613548755646,0.2511223329929635
n1_d128_r9,1,128,9,6,0.001,0.5193333013448864,0.5493914932012558,0.25196441597654484
n1_d128_r9,1,128,9,7,0.001,0.509605108294636,0.5443107858300209,0.25165579200256616
n1_d128_r9,1,128,9,8,0.001,0.5036153038963675,0.5396201014518738,0.25314483299735
n1_d128_r9,1,128,9,9,0.001,0.4994238675571978,0.537204921245575,0.2530122080061119
n1_d128_r9,1,128,9,10,0.001,0.49586230842396617,0.5373024269938469,0.25320824998198077
n1_d128_r9,1,128,9,11,0.001,0.49368292721919715,0.5345254689455032,0.3045436250104103
n1_d128_r9,1,128,9,12,0.001,0.4916054655332118,0.5347298234701157,0.25225041701924056
n1_d128_r9,1,128,9,13,0.001,0.49019916518591344,0.5350014567375183,0.2514152079820633
n1_d128_r9,1,128,9,14,0.001,0.48861445114016533,0.5344078838825226,0.2556192500051111
n1_d128_r9,1,128,9,15,0.001,0.48696178873069584,0.5351071804761887,0.25416483398294076
n1_d128_r9,1,128,9,16,0.001,0.48607786814682186,0.5337126404047012,0.25108345798798837
n1_d128_r9,1,128,9,17,0.001,0.4852298239711672,0.5337813645601273,0.2544813330168836
n1_d128_r9,1,128,9,18,0.001,0.48378745722584426,0.5359201431274414,0.2989820829825476
n1_d128_r9,1,128,9,19,0.001,0.48289450095035136,0.5383939072489738,0.2651149170123972
n1_d128_r9,1,128,9,20,0.001,0.48237521830014884,0.5375817939639091,0.25296058400999755
n1_d128_r9,1,128,9,21,0.001,0.48141861241310835,0.5384702607989311,0.25539299999945797
n1_d128_r9,1,128,9,22,0.001,0.48095786944031715,0.5379961431026459,0.2551581670122687
n1_d128_r9,1,128,9,23,0.001,0.479893104871735,0.5386499166488647,0.26319433297612704
n1_d128_r9,1,128,9,24,0.001,0.4790656962431967,0.5404810905456543,0.25981370799127035
n1_d128_r9,1,128,9,25,0.0005,0.4758577742613852,0.5391986221075058,0.2610648330010008
n1_d128_r9,1,128,9,26,0.0005,0.4748761896044016,0.540466420352459,0.29379675001837313
n1_d128_r9,1,128,9,27,0.0005,0.4746254817582667,0.540814682841301,0.2678197080094833
n1_d128_r9,1,128,9,28,0.0005,0.4741093087941408,0.5418630540370941,0.2600743340153713
n1_d128_r9,1,128,9,29,0.0005,0.4740469220560044,0.5419668108224869,0.275237209018087
n1_d128_r9,1,128,9,30,0.0005,0.47376971412450075,0.5426122695207596,0.253945583011955
n1_d128_r9,1,128,9,31,0.0005,0.47345954016782343,0.5423725247383118,0.2559194999921601
n1_d128_r9,1,128,9,32,0.0005,0.4731356396805495,0.5435070917010307,0.25239854099345393
n1_d128_r9,1,128,9,33,0.00025,0.4711736040189862,0.542864091694355,0.2570579170132987
n1_d128_r9,1,128,9,34,0.00025,0.47087694332003593,0.5436169132590294,0.2858381670084782
n1_d128_r9,1,128,9,35,0.00025,0.4706828729249537,0.543204203248024,0.25889254099456593
n1_d128_r9,1,128,9,36,0.00025,0.47057876898907125,0.5435417145490646,0.2563029169978108
n1_d256_r9,1,256,9,1,0.001,1.03875414095819,0.8699097335338593,0.2657412909902632
n1_d256_r9,1,256,9,2,0.001,0.7370060179382563,0.6715039908885956,0.260185666003963
n1_d256_r9,1,256,9,3,0.001,0.5793551083188504,0.6054791659116745,0.2573240829806309
n1_d256_r9,1,256,9,4,0.001,0.5297773771453649,0.5945105850696564,0.2584621249989141
n1_d256_r9,1,256,9,5,0.001,0.5052870961371809,0.5815883725881577,0.29509945801692083
n1_d256_r9,1,256,9,6,0.001,0.4881297831889242,0.5744701474905014,0.26304133399389684
n1_d256_r9,1,256,9,7,0.001,0.475715417182073,0.5704963058233261,0.25640687500708736
n1_d256_r9,1,256,9,8,0.001,0.4649358803872019,0.5716086477041245,0.25979887499124743
n1_d256_r9,1,256,9,9,0.001,0.45611663488671184,0.5716612190008163,0.2591104580205865
n1_d256_r9,1,256,9,10,0.001,0.44872506405226886,0.5719521790742874,0.2618025840201881
n1_d256_r9,1,256,9,11,0.001,0.4420234328135848,0.5749005675315857,0.2603783330123406
n1_d256_r9,1,256,9,12,0.001,0.4353033129591495,0.5791619420051575,0.26048562498181127
n1_d256_r9,1,256,9,13,0.001,0.4296466384548694,0.5840224772691727,0.2921697919955477
n1_d256_r9,1,256,9,14,0.001,0.4244188782759011,0.5874756425619125,0.26169970800401643
n1_d256_r9,1,256,9,15,0.001,0.41931766364723444,0.5926767587661743,0.2619694999884814
n1_d256_r9,1,256,9,16,0.0005,0.40666216518729925,0.5928757041692734,0.2591178750153631
n1_d256_r9,1,256,9,17,0.0005,0.4037383401300758,0.5964323878288269,0.25833270797738805
n1_d256_r9,1,256,9,18,0.0005,0.40119925304315984,0.6016923934221268,0.25702062499476597
n1_d256_r9,1,256,9,19,0.0005,0.3996098330244422,0.6040562987327576,0.2574631250172388
n1_d256_r9,1,256,9,20,0.0005,0.39746308722533286,0.6098703294992447,0.26131795899709687
n1_d256_r9,1,256,9,21,0.0005,0.3953117055352777,0.6089960634708405,0.2950942089955788
n1_d256_r9,1,256,9,22,0.0005,0.3942159335128963,0.6143250018358231,0.26208679197588935
n1_d256_r9,1,256,9,23,0.0005,0.39207431860268116,0.6146421432495117,0.256276500003878
n1_d256_r9,1,256,9,24,0.00025,0.38558121281675994,0.617172434926033,0.25959649999276735
n1_d256_r9,1,256,9,25,0.00025,0.38411175925284624,0.6177798211574554,0.2567738750076387
n1_d256_r9,1,256,9,26,0.00025,0.38335730880498886,0.6211007386445999,0.25623862497741356
n1_d256_r9,1,256,9,27,0.00025,0.382439972134307,0.6236599981784821,0.2613575829891488
n1_d512_r9,1,512,9,1,0.001,0.98495257133618,0.8855000585317612,0.31495741699473
n1_d512_r9,1,512,9,2,0.001,0.6818564399145544,0.630329966545105,0.3498140840092674
n1_d512_r9,1,512,9,3,0.001,0.5055151940323412,0.6032582074403763,0.3107531660061795
n1_d512_r9,1,512,9,4,0.001,0.4398052259348333,0.6032155454158783,0.3133266249787994
n1_d512_r9,1,512,9,5,0.001,0.3971434533596039,0.6211548894643784,0.3110965829982888
n1_d512_r9,1,512,9,6,0.001,0.36319990223273635,0.6306439936161041,0.3101811660162639
n1_d512_r9,1,512,9,7,0.001,0.3316676539834589,0.6495659798383713,0.3099642079905607
n1_d512_r9,1,512,9,8,0.001,0.3036741733085364,0.6781361550092697,0.313119958009338
n1_d512_r9,1,512,9,9,0.001,0.2783578874077648,0.7032532542943954,0.3144694579823408
n1_d512_r9,1,512,9,10,0.001,0.2557467055739835,0.7241969853639603,0.3551068749802653
n1_d512_r9,1,512,9,11,0.001,0.23596642026677728,0.7491981387138367,0.37368729201261885
n1_d512_r9,1,512,9,12,0.001,0.21763466007541865,0.7690474689006805,0.38248395899427123
n1_d512_r9,1,512,9,13,0.0005,0.18070489703677595,0.7934419363737106,0.39837245899252594
n1_d512_r9,1,512,9,14,0.0005,0.16894444485660642,0.8083285689353943,0.3536399589793291
n1_d512_r9,1,512,9,15,0.0005,0.16094650811282918,0.8195401728153229,0.31362599998828955
n1_d512_r9,1,512,9,16,0.0005,0.15464571479242295,0.8371603935956955,0.3224435409938451
n1_d512_r9,1,512,9,17,0.0005,0.14859702461399138,0.8548073768615723,0.43194645797484554
n1_d512_r9,1,512,9,18,0.0005,0.1427880639093928,0.8722786903381348,0.3876644170086365
n1_d512_r9,1,512,9,19,0.0005,0.1381314358441159,0.8791782259941101,0.32306274998700246
n1_d512_r9,1,512,9,20,0.0005,0.13318590843118727,0.8944032341241837,0.32906904100673273
n1_d512_r9,1,512,9,21,0.00025,0.11804551089880988,0.9021313935518265,0.3342201249906793
n1_d512_r9,1,512,9,22,0.00025,0.11445738736074418,0.9074239581823349,0.33459024998592213
n1_d512_r9,1,512,9,23,0.00025,0.11201801471179351,0.9161372780799866,0.33151145800366066
n1_d512_r9,1,512,9,24,0.00025,0.11007645371137187,0.9238913357257843,0.3332246249774471
n1_d1024_r9,1,1024,9,1,0.001,0.9457428688183427,0.7792432904243469,0.38930679199984297
n1_d1024_r9,1,1024,9,2,0.001,0.5240697537083179,0.6628285944461823,0.3401057500159368
n1_d1024_r9,1,1024,9,3,0.001,0.34029209171421826,0.6821610331535339,0.340239749988541
n1_d1024_r9,1,1024,9,4,0.001,0.22852972568944097,0.7199179083108902,0.3393635840038769
n1_d1024_r9,1,1024,9,5,0.001,0.14885825652163476,0.765826627612114,0.33325216700905
n1_d1024_r9,1,1024,9,6,0.001,0.09436552997794934,0.7933256179094315,0.3367877499840688
n1_d1024_r9,1,1024,9,7,0.001,0.05985630745999515,0.8036221563816071,0.33364270799211226
n1_d1024_r9,1,1024,9,8,0.001,0.03935997201188002,0.8222326785326004,0.3431265830004122
n1_d1024_r9,1,1024,9,9,0.001,0.02783036176697351,0.8240416646003723,0.39198162499815226
n1_d1024_r9,1,1024,9,10,0.001,0.02198408282129094,0.8300842791795731,0.34925487500731833
n1_d1024_r9,1,1024,9,11,0.0005,0.0141924140334595,0.8228482455015182,0.3476452079776209
n1_d1024_r9,1,1024,9,12,0.0005,0.004362276309620938,0.8273416459560394,0.34598675000597723
n1_d1024_r9,1,1024,9,13,0.0005,0.002010408296882815,0.8287864178419113,0.38595941598759964
n1_d1024_r9,1,1024,9,14,0.0005,0.0010984426894538046,0.8310665935277939,0.3698513749986887
n1_d1024_r9,1,1024,9,15,0.0005,0.0006710019490583363,0.8335283100605011,0.3468025000183843
n1_d1024_r9,1,1024,9,16,0.0005,0.0004321352694205416,0.8349384367465973,0.339409665990388
n1_d1024_r9,1,1024,9,17,0.0005,0.0003048584005682642,0.8357497602701187,0.40325750000192784
n1_d1024_r9,1,1024,9,18,0.0005,0.0002322493157862482,0.8354065716266632,0.36390599998412654
n1_d1024_r9,1,1024,9,19,0.00025,0.00015136357660594513,0.836493730545044,0.3550851670152042
n1_d1024_r9,1,1024,9,20,0.00025,5.697024337791845e-05,0.8367598056793213,0.36369137500878423
n1_d1024_r9,1,1024,9,21,0.00025,3.3672862699063444e-05,0.8370135426521301,0.3483998749870807
n1_d1024_r9,1,1024,9,22,0.00025,2.3634407142480995e-05,0.8370314836502075,0.3497716669808142
n1_d2048_r9,1,2048,9,1,0.001,0.9506493173539639,0.8024008721113205,0.4008267080062069
n1_d2048_r9,1,2048,9,2,0.001,0.41490250965580344,0.7380059957504272,0.4395442919922061
n1_d2048_r9,1,2048,9,3,0.001,0.16018128884024918,0.731170654296875,0.390179750014795
n1_d2048_r9,1,2048,9,4,0.001,0.06454977294197306,0.7205992341041565,0.3990612500056159
n1_d2048_r9,1,2048,9,5,0.001,0.04096392187057063,0.721521720290184,0.3981185420125257
n1_d2048_r9,1,2048,9,6,0.001,0.036286993767134845,0.7153083980083466,0.45586670900229365
n1_d2048_r9,1,2048,9,7,0.001,0.0348437680513598,0.7077584564685822,0.4401638749986887
n1_d2048_r9,1,2048,9,8,0.001,0.03389929386321455,0.70101098716259,0.41578504198696464
n1_d2048_r9,1,2048,9,9,0.001,0.03286522693815641,0.7005099803209305,0.42966337502002716
n1_d2048_r9,1,2048,9,10,0.001,0.03181820201280061,0.6901047825813293,0.47363420799956657
n1_d2048_r9,1,2048,9,11,0.001,0.030843800137517974,0.6863725930452347,0.42390837499988265
n1_d2048_r9,1,2048,9,12,0.001,0.029268254816997796,0.6832188963890076,0.39571450001676567
n1_d2048_r9,1,2048,9,13,0.001,0.02706479193875566,0.6801903992891312,0.47067216597497463
n1_d2048_r9,1,2048,9,14,0.001,0.025631635246099904,0.6755383908748627,0.41208987499703653
n1_d2048_r9,1,2048,9,15,0.001,0.025017870269948617,0.674922451376915,0.4151481659791898
n1_d2048_r9,1,2048,9,16,0.001,0.024200315281632356,0.6651719808578491,0.39303804200608283
n1_d2048_r9,1,2048,9,17,0.001,0.02335050313558895,0.6709326803684235,0.4031283750082366
n1_d2048_r9,1,2048,9,18,0.001,0.022824435742222704,0.6657913029193878,0.4273203330230899
n1_d2048_r9,1,2048,9,19,0.001,0.022622687843977474,0.661859318614006,0.3969503749976866
n1_d2048_r9,1,2048,9,20,0.001,0.0231264948961325,0.6651065051555634,0.38711162499384955
n1_d2048_r9,1,2048,9,21,0.001,0.022072991327149794,0.6543790251016617,0.3818827090144623
n1_d2048_r9,1,2048,9,22,0.001,0.02106937440112233,0.658554419875145,0.38900937500875443
n1_d2048_r9,1,2048,9,23,0.001,0.020495721568295266,0.6565363854169846,0.3861127920099534
n1_d2048_r9,1,2048,9,24,0.001,0.020458542960113846,0.6573533266782761,0.39828179200412706
n1_d2048_r9,1,2048,9,25,0.001,0.02012069898773916,0.6514752507209778,0.430725916987285
n1_d2048_r9,1,2048,9,26,0.001,0.019157491929945536,0.6510260701179504,0.391972833982436
n1_d2048_r9,1,2048,9,27,0.001,0.018885100544139277,0.6568174064159393,0.38545504200737923
n1_d2048_r9,1,2048,9,28,0.001,0.01877710397093324,0.6468901485204697,0.43499854201218113
n1_d2048_r9,1,2048,9,29,0.001,0.019160006384481676,0.6479391306638718,0.3831477089843247
n1_d2048_r9,1,2048,9,30,0.001,0.019235641018894967,0.6428813189268112,0.40080912501434796
n1_d2048_r9,1,2048,9,31,0.001,0.018734609948296566,0.6423491388559341,0.3820175000000745
n1_d2048_r9,1,2048,9,32,0.001,0.01865968129277462,0.6440713852643967,0.3777133749972563
n1_d2048_r9,1,2048,9,33,0.001,0.01803711582761025,0.6464975923299789,0.40818833399680443
n1_d2048_r9,1,2048,9,34,0.001,0.017072106755222194,0.6400658786296844,0.38026087498292327
n1_d2048_r9,1,2048,9,35,0.001,0.015988506929716095,0.6366786360740662,0.3789606249774806
n1_d2048_r9,1,2048,9,36,0.001,0.0154806149948854,0.64006008207798,0.38891991597483866
n1_d2048_r9,1,2048,9,37,0.001,0.01540215584100224,0.6417446434497833,0.3947028330003377
n1_d2048_r9,1,2048,9,38,0.001,0.015666030361899175,0.633435994386673,0.47049791700555943
n1_d2048_r9,1,2048,9,39,0.001,0.01574149825319182,0.6419579088687897,0.5179185419983696
n1_d2048_r9,1,2048,9,40,0.001,0.015492791309952736,0.6377725601196289,0.5454211659962311
n1_d2048_r9,1,2048,9,41,0.001,0.01544720523088472,0.6388028413057327,0.5836199579935055
n1_d2048_r9,1,2048,9,42,0.001,0.015821022585441824,0.6324433237314224,0.4278878750046715
n1_d2048_r9,1,2048,9,43,0.001,0.016214704992307816,0.6350100040435791,0.4175156249839347
n1_d2048_r9,1,2048,9,44,0.001,0.01591889446717687,0.6331185102462769,0.3824997500050813
n1_d2048_r9,1,2048,9,45,0.001,0.01501758014637744,0.6333869248628616,0.379559374996461
n1_d2048_r9,1,2048,9,46,0.001,0.014199755947629455,0.6310185939073563,0.4159769999969285
n1_d2048_r9,1,2048,9,47,0.001,0.013556971061916556,0.6314696818590164,0.39143575000343844
n1_d2048_r9,1,2048,9,48,0.001,0.012723863786959555,0.6307937055826187,0.38213458299287595
n1_d2048_r9,1,2048,9,49,0.001,0.012470837558794301,0.6318043917417526,0.38216483301948756
n1_d2048_r9,1,2048,9,50,0.001,0.012791607638064306,0.6298959255218506,0.431353541003773
n1_d2048_r9,1,2048,9,51,0.001,0.013063826896541286,0.6275489628314972,0.38798254099674523
n1_d2048_r9,1,2048,9,52,0.001,0.013014258882321883,0.6286906152963638,0.37492095900233835
n1_d2048_r9,1,2048,9,53,0.001,0.01271935964905424,0.6316328346729279,0.37157166699762456
n1_d2048_r9,1,2048,9,54,0.001,0.012346837669610977,0.6271081119775772,0.3735093750001397
n1_d2048_r9,1,2048,9,55,0.001,0.01213823495345423,0.6263220012187958,0.38715541700366884
n1_d2048_r9,1,2048,9,56,0.001,0.01199922929663444,0.6242870390415192,0.4200396669912152
n1_d2048_r9,1,2048,9,57,0.001,0.011602466765907593,0.6281391084194183,0.3758428329892922
n1_d2048_r9,1,2048,9,58,0.001,0.01170955639827298,0.6252058744430542,0.4286494169791695
n1_d2048_r9,1,2048,9,59,0.001,0.011843498621601611,0.6263046860694885,0.3882361249998212
n1_d2048_r9,1,2048,9,60,0.001,0.011413298961997498,0.6258232593536377,0.3789327919948846
n1_d2048_r9,1,2048,9,61,0.001,0.011202137982763816,0.6235670745372772,0.38908675001584925
n1_d2048_r9,1,2048,9,62,0.001,0.01107901363138808,0.6229035258293152,0.3692540000192821
n1_d2048_r9,1,2048,9,63,0.001,0.010958916464005597,0.6258826702833176,0.41639045902411453
n1_d2048_r9,1,2048,9,64,0.001,0.010778440409922041,0.6205281764268875,0.41151716699823737
n1_d2048_r9,1,2048,9,65,0.001,0.010619360149576096,0.6234495639801025,0.42609045800054446
n1_d2048_r9,1,2048,9,66,0.001,0.01052861642165226,0.6213338822126389,0.47823537499061786
n1_d2048_r9,1,2048,9,67,0.001,0.010163184575503692,0.619946613907814,0.42322341600083746
n1_d2048_r9,1,2048,9,68,0.001,0.01017319205129752,0.6216767430305481,0.4300437080091797
n1_d2048_r9,1,2048,9,69,0.001,0.010161180172872264,0.619296982884407,0.4597576249798294
n1_d2048_r9,1,2048,9,70,0.001,0.010028947628597962,0.6253009587526321,0.406693416996859
n1_d2048_r9,1,2048,9,71,0.001,0.009929486943292432,0.6205933839082718,0.4579987089964561
n1_d2048_r9,1,2048,9,72,0.001,0.009631735079892678,0.6183037310838699,0.3975782080087811
n1_d2048_r9,1,2048,9,73,0.001,0.009285398537031142,0.6192469298839569,0.4454719159984961
n1_d2048_r9,1,2048,9,74,0.001,0.008947960763180163,0.6165498644113541,0.40914958401117474
n1_d2048_r9,1,2048,9,75,0.001,0.008992143586510792,0.6207526624202728,0.3881267499818932
n1_d2048_r9,1,2048,9,76,0.001,0.008966102101112483,0.6164691597223282,0.38183562498306856
n1_d2048_r9,1,2048,9,77,0.001,0.008995256495836657,0.6203180253505707,0.38994291599374264
n1_d2048_r9,1,2048,9,78,0.001,0.008743942737055477,0.6203278005123138,0.3880212079966441
n1_d2048_r9,1,2048,9,79,0.001,0.00880875868460862,0.6181093752384186,0.3845772499917075
n1_d2048_r9,1,2048,9,80,0.001,0.00866762078658212,0.6206268668174744,0.38429029201506637
n1_d2048_r9,1,2048,9,81,0.001,0.008572605129302246,0.6174493879079819,0.44769925001310185
n1_d2048_r9,1,2048,9,82,0.001,0.008496799633576302,0.6233585476875305,0.45643820901750587
n1_d2048_r9,1,2048,9,83,0.001,0.008410449663642794,0.6157603412866592,0.4661406670056749
n1_d2048_r9,1,2048,9,84,0.001,0.008268835430499166,0.622164785861969,0.4246536670252681
n1_d2048_r9,1,2048,9,85,0.001,0.008400782749959035,0.6167223155498505,0.43116766700404696
n1_d2048_r9,1,2048,9,86,0.001,0.008559874178899918,0.617665633559227,0.5566232500132173
n1_d2048_r9,1,2048,9,87,0.001,0.008312129222758813,0.6138301193714142,0.5312831249902956
n1_d2048_r9,1,2048,9,88,0.001,0.007988439312612172,0.6165308058261871,0.4498251250188332
n1_d2048_r9,1,2048,9,89,0.001,0.008122262555843918,0.6168229579925537,0.45938799998839386
n1_d2048_r9,1,2048,9,90,0.001,0.008335220201843185,0.6167681962251663,0.402331207995303
n1_d2048_r9,1,2048,9,91,0.001,0.007992596842086641,0.6139630079269409,0.44041941699106246
n1_d2048_r9,1,2048,9,92,0.001,0.0076455962225736585,0.6178051680326462,0.39404266598285176
n1_d2048_r9,1,2048,9,93,0.001,0.007290740559255937,0.6141445487737656,0.37505666600191034
n1_d2048_r9,1,2048,9,94,0.001,0.0069126454945944715,0.6147024184465408,0.4034561250009574
n1_d2048_r9,1,2048,9,95,0.001,0.0066370467575325165,0.6114742904901505,0.37590108401491307
n1_d2048_r9,1,2048,9,96,0.001,0.00642886830974021,0.6128364950418472,0.4026643749966752
n1_d2048_r9,1,2048,9,97,0.001,0.006290434015681967,0.6144305020570755,0.44411579199368134
n1_d2048_r9,1,2048,9,98,0.001,0.00650161066732835,0.6137279272079468,0.3875094159739092
n1_d2048_r9,1,2048,9,99,0.001,0.006780764859286137,0.6136598587036133,0.3917412080045324
n1_d2048_r9,1,2048,9,100,0.001,0.006765359939890914,0.6130124628543854,0.41011470899684355
n1_d2048_r9,1,2048,9,101,0.001,0.0072277590370504186,0.613781064748764,0.40359966599498875
n1_d2048_r9,1,2048,9,102,0.001,0.007436667863657931,0.6146247982978821,0.38008283398812637
n1_d2048_r9,1,2048,9,103,0.001,0.007337289207498543,0.6136857718229294,0.38690266699995846
n1_d2048_r9,1,2048,9,104,0.0005,0.005782892480056034,0.6096382141113281,0.38585299998521805
n1_d2048_r9,1,2048,9,105,0.0005,0.001013415768284176,0.6097417026758194,0.41789829201297835
n1_d2048_r9,1,2048,9,106,0.0005,0.0002449832476258962,0.6098083853721619,0.39775145798921585
n1_d2048_r9,1,2048,9,107,0.0005,6.456865571635717e-05,0.6099455952644348,0.37143133400240913
n1_d2048_r9,1,2048,9,108,0.0005,1.803238015440911e-05,0.6097523868083954,0.3762683749955613
n1_d2048_r9,1,2048,9,109,0.0005,5.668014029680535e-06,0.6097995936870575,0.3782281659950968
n1_d2048_r9,1,2048,9,110,0.0005,2.0199074706184206e-06,0.609796553850174,0.3787831669906154
n1_d2048_r9,1,2048,9,111,0.0005,8.566530369513714e-07,0.6098098754882812,0.3774725419934839
n1_d2048_r9,1,2048,9,112,0.0005,3.987875296651566e-07,0.6097878366708755,0.4123669590044301
n1_d2048_r9,1,2048,9,113,0.00025,2.1430608354577885e-07,0.6097980737686157,0.38045354100177065
n1_d2048_r9,1,2048,9,114,0.00025,3.679968980929704e-08,0.6097983717918396,0.3869261250074487
n1_d2048_r9,1,2048,9,115,0.00025,9.083626500289155e-09,0.6098008900880814,0.3768858329858631
n1_d2048_r9,1,2048,9,116,0.00025,2.449733589593439e-09,0.6098004430532455,0.379324708977947
n1_d2048_r9,1,2048,9,117,0.00025,7.639049952497257e-10,0.6098006814718246,0.37645450001582503
n1_d2048_r9,1,2048,9,118,0.00025,2.6086833908312013e-10,0.6098009198904037,0.3878290420107078
n1_d2048_r9,1,2048,9,119,0.00025,9.904283906144069e-11,0.6098008155822754,0.37567370798205957
n1_d2048_r9,1,2048,9,120,0.00025,3.880603069515275e-11,0.6098009347915649,0.3824724169971887
n1_d2048_r9,1,2048,9,121,0.000125,1.62027462810349e-11,0.6098008751869202,0.4317097500024829
n1_d2048_r9,1,2048,9,122,0.000125,8.266463033228667e-12,0.6098008751869202,0.4116600830166135
n1_d2048_r9,1,2048,9,123,0.000125,5.730617843864409e-12,0.609800860285759,0.42375487499521114
n1_d2048_r9,1,2048,9,124,0.000125,4.321950779135112e-12,0.609800860285759,0.39006945901201107
n1_d4096_r9,1,4096,9,1,0.001,0.9975424399599433,0.9229303896427155,0.6610353750002105
n1_d4096_r9,1,4096,9,2,0.001,0.550879102665931,0.8383706212043762,0.5930231250240467
n1_d4096_r9,1,4096,9,3,0.001,0.24385837279260159,0.7825573980808258,0.5685335419839248
n1_d4096_r9,1,4096,9,4,0.001,0.10693760483991355,0.753052219748497,0.6104325000196695
n1_d4096_r9,1,4096,9,5,0.001,0.057296156213851646,0.7502564787864685,0.5637825420126319
n1_d4096_r9,1,4096,9,6,0.001,0.03984561099787243,0.7429547160863876,0.5604850419913419
n1_d4096_r9,1,4096,9,7,0.001,0.03169262286974117,0.7403248399496078,0.5777563749870751
n1_d4096_r9,1,4096,9,8,0.001,0.027540009818039834,0.7228511720895767,0.5914029580017086
n1_d4096_r9,1,4096,9,9,0.001,0.02586254217021633,0.7327347993850708,0.6214322499872651
n1_d4096_r9,1,4096,9,10,0.001,0.024225350163760595,0.7279122173786163,0.5665909170056693
n1_d4096_r9,1,4096,9,11,0.001,0.02352745644748211,0.7275783866643906,0.5686709590081591
n1_d4096_r9,1,4096,9,12,0.001,0.023933047923492268,0.72079236805439,0.6495525409991387
n1_d4096_r9,1,4096,9,13,0.001,0.02438808817532845,0.7228468954563141,0.5716627500078175
n1_d4096_r9,1,4096,9,14,0.001,0.024980209826026112,0.7212809473276138,0.5778602499922272
n1_d4096_r9,1,4096,9,15,0.001,0.025415915704797953,0.7231667041778564,0.62077374997898
n1_d4096_r9,1,4096,9,16,0.001,0.02459598905988969,0.7150828987360001,0.6497459579841234
n1_d4096_r9,1,4096,9,17,0.001,0.02376624812313821,0.7114447057247162,0.6435738329892047
n1_d4096_r9,1,4096,9,18,0.001,0.023337497070315294,0.7091948688030243,0.7514152910152916
n1_d4096_r9,1,4096,9,19,0.001,0.022796262725023553,0.710109531879425,0.8073645830154419
n1_d4096_r9,1,4096,9,20,0.001,0.022242028906475753,0.7064138054847717,0.7705937919963617
n1_d4096_r9,1,4096,9,21,0.001,0.0216482011746848,0.7082267999649048,0.7773340419807937
n1_d4096_r9,1,4096,9,22,0.001,0.021411754467408173,0.7082577347755432,0.6994205000228249
n1_d4096_r9,1,4096,9,23,0.001,0.021594319012365304,0.7031965404748917,0.7081666660087649
n1_d4096_r9,1,4096,9,24,0.001,0.021449193445732817,0.7060913592576981,0.6565732919843867
n1_d4096_r9,1,4096,9,25,0.001,0.02071562701894436,0.6960713416337967,0.5926827079965733
n1_d4096_r9,1,4096,9,26,0.001,0.020630113649531268,0.7025495767593384,0.6015875839802902
n1_d4096_r9,1,4096,9,27,0.001,0.019812535276287235,0.6941553950309753,0.6781294169777539
n1_d4096_r9,1,4096,9,28,0.001,0.01917646887159208,0.6911274045705795,0.5891321249946486
n1_d4096_r9,1,4096,9,29,0.001,0.018946564974612556,0.6910144984722137,0.5904656249913387
n1_d4096_r9,1,4096,9,30,0.001,0.018141584092518315,0.6934172809123993,0.6458302079990972
n1_d4096_r9,1,4096,9,31,0.001,0.01750400626769988,0.6939865201711655,0.6031471249880269
n1_d4096_r9,1,4096,9,32,0.001,0.01705038590444019,0.6909514665603638,0.6627392919908743
n1_d4096_r9,1,4096,9,33,0.001,0.016838244075188413,0.6902458667755127,0.6141106249997392
n1_d4096_r9,1,4096,9,34,0.001,0.016507541353348643,0.6840047538280487,0.5981610830058344
n1_d4096_r9,1,4096,9,35,0.001,0.016737838996050414,0.6850490123033524,0.6314098339935299
n1_d4096_r9,1,4096,9,36,0.001,0.01661929728288669,0.6837197095155716,0.6079447090160102
n1_d4096_r9,1,4096,9,37,0.001,0.016295037035888527,0.6878576874732971,0.6078188340179622
n1_d4096_r9,1,4096,9,38,0.001,0.01576369557005819,0.6852287501096725,0.6041159580054227
n1_d4096_r9,1,4096,9,39,0.001,0.015606497850967571,0.6830210089683533,0.5841403339873068
n1_d4096_r9,1,4096,9,40,0.001,0.016007233614800498,0.684807762503624,0.6337292499956675
n1_d4096_r9,1,4096,9,41,0.001,0.016099080356070772,0.6803730428218842,0.5868920829962008
n1_d4096_r9,1,4096,9,42,0.001,0.015886262961430475,0.6782814711332321,0.5782948340056464
n1_d4096_r9,1,4096,9,43,0.001,0.015332389331888407,0.6756405532360077,0.6208351250097621
n1_d4096_r9,1,4096,9,44,0.001,0.01494734721200075,0.6737855523824692,0.6399855840136297
n1_d4096_r9,1,4096,9,45,0.001,0.015011433104518801,0.675269216299057,0.5913995419978164
n1_d4096_r9,1,4096,9,46,0.001,0.014415454563277308,0.676674947142601,0.5939304170024116
n1_d4096_r9,1,4096,9,47,0.001,0.013683776582183782,0.6722989529371262,0.5855440419982187
n1_d4096_r9,1,4096,9,48,0.001,0.013078927906462923,0.6699855029582977,0.588464667001972
n1_d4096_r9,1,4096,9,49,0.001,0.013096358212351333,0.6724924594163895,0.5610725420119707
n1_d4096_r9,1,4096,9,50,0.001,0.012692355790932197,0.6687742173671722,0.5569237919989973
n1_d4096_r9,1,4096,9,51,0.001,0.012140539678512141,0.6672735214233398,0.552085083007114
n1_d4096_r9,1,4096,9,52,0.001,0.011826294030470308,0.6682436764240265,0.5951061669911724
n1_d4096_r9,1,4096,9,53,0.001,0.011593313713092357,0.6711501628160477,0.5577941249939613
n1_d4096_r9,1,4096,9,54,0.001,0.011772368634410668,0.6688196510076523,0.556915334018413
n1_d4096_r9,1,4096,9,55,0.001,0.011971033636655193,0.6660701632499695,0.5539907920174301
n1_d4096_r9,1,4096,9,56,0.001,0.011761383444536477,0.6701291054487228,0.5501890419982374
n1_d4096_r9,1,4096,9,57,0.001,0.011244191013247473,0.6653337329626083,0.555852708988823
n1_d4096_r9,1,4096,9,58,0.001,0.010604495175357442,0.6628131866455078,0.5544297909946181
n1_d4096_r9,1,4096,9,59,0.001,0.010792838114866754,0.6660538166761398,0.563811625004746
n1_d4096_r9,1,4096,9,60,0.001,0.010586186534055742,0.6637807339429855,0.5951285409973934
n1_d4096_r9,1,4096,9,61,0.001,0.010290747191902483,0.6694128811359406,0.5562699169968255
n1_d4096_r9,1,4096,9,62,0.001,0.010037253501650412,0.6600010693073273,0.5569480410194956
n1_d4096_r9,1,4096,9,63,0.001,0.009726348649564898,0.6661245673894882,0.554413999983808
n1_d4096_r9,1,4096,9,64,0.001,0.009630115044274135,0.6620617806911469,0.5630170829826966
n1_d4096_r9,1,4096,9,65,0.001,0.009666245474363677,0.6627095192670822,0.5528984169941396
n1_d4096_r9,1,4096,9,66,0.001,0.009574032425007317,0.6640418320894241,0.5598260829865467
n1_d4096_r9,1,4096,9,67,0.001,0.009492794491961831,0.6585626155138016,0.5908753330004402
n1_d4096_r9,1,4096,9,68,0.001,0.00941360824072035,0.6612348854541779,0.5634781669941731
n1_d4096_r9,1,4096,9,69,0.001,0.009614902886823984,0.6574787795543671,0.5560001659905538
n1_d4096_r9,1,4096,9,70,0.001,0.009633558238419937,0.6598310172557831,0.579054832982365
n1_d4096_r9,1,4096,9,71,0.001,0.009353232628200203,0.6600237041711807,0.5622769159963354
n1_d4096_r9,1,4096,9,72,0.001,0.009214422629156616,0.6611309498548508,0.5562175419763662
n1_d4096_r9,1,4096,9,73,0.001,0.009036593441123841,0.6577433347702026,0.5604677909868769
n1_d4096_r9,1,4096,9,74,0.001,0.008459270025923615,0.657119408249855,0.5589787090138998
n1_d4096_r9,1,4096,9,75,0.001,0.007990363850694848,0.6547571867704391,0.6050527080078609
n1_d4096_r9,1,4096,9,76,0.001,0.007851913120248355,0.6571983695030212,0.6492931249958929
n1_d4096_r9,1,4096,9,77,0.001,0.008123761388560524,0.6591524034738541,0.6561734589922708
n1_d4096_r9,1,4096,9,78,0.001,0.00826632660391624,0.6520181447267532,0.641476541000884
n1_d4096_r9,1,4096,9,79,0.001,0.008305280847707763,0.6586285829544067,0.5561076249869075
n1_d4096_r9,1,4096,9,80,0.001,0.00816780647073756,0.6560877412557602,0.5581043749989476
n1_d4096_r9,1,4096,9,81,0.001,0.007778959108691197,0.6562327146530151,0.5635880419868045
n1_d4096_r9,1,4096,9,82,0.001,0.007826119795936393,0.656618058681488,0.5829588749911636
n1_d4096_r9,1,4096,9,83,0.001,0.007660936520551331,0.655194103717804,0.6117095829977188
n1_d4096_r9,1,4096,9,84,0.001,0.007490580595913343,0.6540323793888092,0.5715706250048243
n1_d4096_r9,1,4096,9,85,0.001,0.007527795845817309,0.6546014249324799,0.587343791994499
n1_d4096_r9,1,4096,9,86,0.001,0.0075673779465432744,0.6518442183732986,0.5770611669868231
n1_d4096_r9,1,4096,9,87,0.001,0.007229240523884073,0.6526988297700882,0.5815963330096565
n1_d4096_r9,1,4096,9,88,0.001,0.006922728793142596,0.6495812982320786,0.5790404999861494
n1_d4096_r9,1,4096,9,89,0.001,0.006576819461770356,0.6532762944698334,0.5665527080127504
n1_d4096_r9,1,4096,9,90,0.001,0.00619116325469804,0.6539595276117325,0.6558235420088749
n1_d4096_r9,1,4096,9,91,0.001,0.005791244586362154,0.6510549485683441,0.7128847910207696
n1_d4096_r9,1,4096,9,92,0.001,0.005646863974106964,0.6545162498950958,0.5830452500085812
n1_d4096_r9,1,4096,9,93,0.001,0.005558252742048353,0.6493353247642517,0.5600932919769548
n1_d4096_r9,1,4096,9,94,0.001,0.0057465718273306265,0.6531886756420135,0.5645773330179509
n1_d4096_r9,1,4096,9,95,0.001,0.005824620337079978,0.6523137986660004,0.5585486249765381
n1_d4096_r9,1,4096,9,96,0.001,0.005955726704996778,0.652428463101387,0.5597281249938533
n1_d4096_r9,1,4096,9,97,0.001,0.006373356154654175,0.6551666557788849,0.5671372499782592
n1_d4096_r9,1,4096,9,98,0.001,0.006682830939098494,0.6514508277177811,0.5632093330204953
n1_d4096_r9,1,4096,9,99,0.001,0.0065304026611556765,0.6503646969795227,0.6021323750028387
n1_d4096_r9,1,4096,9,100,0.001,0.006242832911084406,0.6532628387212753,0.5834485829982441
n1_d4096_r9,1,4096,9,101,0.001,0.006183014473208459,0.6537753492593765,0.5578504159930162
n1_d4096_r9,1,4096,9,102,0.0005,0.005305260276145418,0.6506628394126892,0.5662753750220872
n1_d4096_r9,1,4096,9,103,0.0005,0.000847623582558299,0.6496652811765671,0.5612706250103656
n1_d4096_r9,1,4096,9,104,0.0005,0.00021623277382332162,0.6492866724729538,0.5797244999848772
n1_d4096_r9,1,4096,9,105,0.0005,8.791604051339164e-05,0.6494298875331879,0.5653200829983689
n1_d4096_r9,1,4096,9,106,0.0005,5.9860193431404696e-05,0.6491558700799942,0.5771040419931524
n1_d4096_r9,1,4096,9,107,0.0005,5.336347717133094e-05,0.6493539214134216,0.6024373330001254
n1_d4096_r9,1,4096,9,108,0.0005,5.256771160588869e-05,0.6491274982690811,0.5563656669983175
n1_d4096_r9,1,4096,9,109,0.0005,5.352462321894791e-05,0.6493370085954666,0.5638236660161056
n1_d4096_r9,1,4096,9,110,0.0005,5.864093469654108e-05,0.6491613388061523,0.559230832994217
n1_d4096_r9,1,4096,9,111,0.0005,6.602751370365922e-05,0.6492940038442612,0.55757841700688
n1_d4096_r9,1,4096,9,112,0.0005,7.923191007819241e-05,0.649318128824234,0.5632657919777557
n1_d4096_r9,1,4096,9,113,0.0005,0.0001123141983896403,0.6491017043590546,0.557443500001682
n1_d4096_r9,1,4096,9,114,0.0005,0.00016189764275509333,0.6494735032320023,0.5963417500024661
n1_d4096_r9,1,4096,9,115,0.0005,0.00024213634463876588,0.6493043452501297,0.5596267499786336
n1_d4096_r9,1,4096,9,116,0.0005,0.00042116410145354166,0.6495947986841202,0.5617097500071395
n1_d4096_r9,1,4096,9,117,0.0005,0.0007871232860452437,0.649886354804039,0.556305208010599
n1_d4096_r9,1,4096,9,118,0.0005,0.0015631981741535128,0.6491466909646988,0.572397291980451
n1_d4096_r9,1,4096,9,119,0.0005,0.002904915424551291,0.6510676443576813,0.5585431249928661
n1_d4096_r9,1,4096,9,120,0.0005,0.0043018140822823625,0.647285982966423,0.5614013749873266
n1_d4096_r9,1,4096,9,121,0.0005,0.004776061967277201,0.6509010046720505,0.5605569579929579
n1_d4096_r9,1,4096,9,122,0.0005,0.0037293355308065657,0.6485130041837692,0.5559698340075556
n1_d4096_r9,1,4096,9,123,0.0005,0.002384361980148242,0.6467293351888657,0.6369675410096534
n1_d4096_r9,1,4096,9,124,0.0005,0.0015062430620673695,0.6472741365432739,0.5578948339971248
n1_d4096_r9,1,4096,9,125,0.0005,0.0010448683351569343,0.647093191742897,0.563397709018318
n1_d4096_r9,1,4096,9,126,0.0005,0.0007850199333461205,0.6471689790487289,0.5584184580075089
n1_d4096_r9,1,4096,9,127,0.0005,0.0006956462243579153,0.6465520560741425,0.5589535420003813
n1_d4096_r9,1,4096,9,128,0.0005,0.0007407906080061366,0.6474355161190033,0.5868424999935087
n1_d4096_r9,1,4096,9,129,0.0005,0.0008142801711983338,0.6462517082691193,0.5788283750007395
n1_d4096_r9,1,4096,9,130,0.0005,0.0009532029712318035,0.6477481126785278,0.6928871250129305
n1_d4096_r9,1,4096,9,131,0.0005,0.001244138128186023,0.6467158049345016,0.6511778339918237
n1_d4096_r9,1,4096,9,132,0.0005,0.001720495428344293,0.6482150554656982,0.6952814589894842
n1_d4096_r9,1,4096,9,133,0.0005,0.0021362276584113715,0.646273598074913,0.6676761659909971
n1_d4096_r9,1,4096,9,134,0.0005,0.0024265385854960186,0.6484492719173431,0.6172388330160175
n1_d4096_r9,1,4096,9,135,0.0005,0.002517693733352644,0.6471255868673325,0.7072047080146149
n1_d4096_r9,1,4096,9,136,0.0005,0.0023657958536205115,0.64607834815979,0.6851267919992097
n1_d4096_r9,1,4096,9,137,0.0005,0.002081969493701763,0.6456681340932846,0.6413238329987507
n1_d4096_r9,1,4096,9,138,0.0005,0.0017198966725118225,0.646339625120163,0.6537793750176206
n1_d4096_r9,1,4096,9,139,0.0005,0.0014241888684409787,0.645742878317833,0.6598259580205195
n1_d4096_r9,1,4096,9,140,0.0005,0.0012588735125973471,0.647197812795639,0.646481458999915
n1_d4096_r9,1,4096,9,141,0.0005,0.0011046507434002706,0.6459864526987076,0.6379140409990214
n1_d4096_r9,1,4096,9,142,0.0005,0.0010872489306166244,0.6462479084730148,0.6463021249801386
n1_d4096_r9,1,4096,9,143,0.0005,0.0011302927969154553,0.6452589482069016,0.6188522499869578
n1_d4096_r9,1,4096,9,144,0.0005,0.001187878874134185,0.6457248777151108,0.5861025000049267
n1_d4096_r9,1,4096,9,145,0.0005,0.0013737852259509964,0.6455333381891251,0.5964158750139177
n1_d4096_r9,1,4096,9,146,0.0005,0.0016354361332560075,0.6470733135938644,0.6521219580026809
n1_d4096_r9,1,4096,9,147,0.0005,0.0018514997891543317,0.645975187420845,0.628704040980665
n1_d4096_r9,1,4096,9,148,0.0005,0.0020216808770783246,0.6482568979263306,0.6237010410113726
n1_d4096_r9,1,4096,9,149,0.0005,0.002001081260459614,0.6465281844139099,0.5905729579972103
n1_d4096_r9,1,4096,9,150,0.0005,0.0018273696878168266,0.6471968442201614,0.582517833012389
n1_d4096_r9,1,4096,9,151,0.0005,0.0016055863725341624,0.6458153575658798,0.6023840829730034
n1_d4096_r9,1,4096,9,152,0.00025,0.0012671131544266245,0.6455381959676743,0.5733593750046566
n1_d4096_r9,1,4096,9,153,0.00025,0.00017806928866548333,0.6452732235193253,0.5735093330149539
n1_d4096_r9,1,4096,9,154,0.00025,5.501199392199396e-05,0.6452930420637131,0.6193302090105135
n1_d4096_r9,1,4096,9,155,0.00025,3.3747054771993135e-05,0.6452698707580566,0.5738304579863325
n1_d4096_r9,1,4096,9,156,0.00025,2.9695199577517428e-05,0.6453164964914322,0.5664933749940246
n1_d4096_r9,1,4096,9,157,0.00025,2.8632889243596082e-05,0.6452790051698685,0.5785611669998616
n1_d4096_r9,1,4096,9,158,0.00025,2.834405950746799e-05,0.6452887654304504,0.5726019580033608
n1_d4096_r9,1,4096,9,159,0.00025,2.843887348025209e-05,0.6452538818120956,0.6035117499995977
n1_d4096_r9,1,4096,9,160,0.00025,2.87899875596187e-05,0.6453017592430115,0.6286262909998186
n1_d4096_r9,1,4096,9,161,0.00025,2.928126684942356e-05,0.6452770084142685,0.620075667015044
n1_d4096_r9,1,4096,9,162,0.00025,2.9894090954663e-05,0.6452657580375671,0.6528394579945598
n1_d4096_r9,1,4096,9,163,0.00025,3.107833594073739e-05,0.6453149020671844,0.5957506670092698
n1_d4096_r9,1,4096,9,164,0.00025,3.1563912537002636e-05,0.6452687084674835,0.6607958340027835
n1_d4096_r9,1,4096,9,165,0.00025,3.3920545554622095e-05,0.6453128755092621,0.5965360830014106
n1_d4096_r9,1,4096,9,166,0.00025,3.821776911294705e-05,0.645266205072403,0.5940091249940451
n1_d4096_r9,1,4096,9,167,0.00025,4.9406811712060517e-05,0.6453640162944794,0.5808700829802547
n1_d4096_r9,1,4096,9,168,0.000125,6.752438569890273e-05,0.6452650129795074,0.5732518750010058
n1_d4096_r9,1,4096,9,169,0.000125,3.689231782644242e-05,0.6453213691711426,0.5724989580048714
n1_d4096_r9,1,4096,9,170,0.000125,3.151284061342352e-05,0.6453058868646622,0.6126178749836981
n1_d4096_r9,1,4096,9,171,0.000125,3.004303299691813e-05,0.6452798694372177,0.5832876249914989
n1_d4096_r9,1,4096,9,172,0.000125,2.9598253175500133e-05,0.6452462524175644,0.5727619999961462
n1_d4096_r9,1,4096,9,173,0.000125,2.9571805266304096e-05,0.6452758759260178,0.5685902909899596
n1_d4096_r9,1,4096,9,174,0.000125,2.994569402847702e-05,0.6453052014112473,0.5692512500099838
n1_d4096_r9,1,4096,9,175,0.000125,3.101313701225905e-05,0.645245149731636,0.5778221669897903
n1_d4096_r9,1,4096,9,176,0.000125,3.344715727049419e-05,0.6453482359647751,0.5692730840237346
n1_d4096_r9,1,4096,9,177,0.000125,3.7812365572875706e-05,0.6452840268611908,0.5764410420088097
n1_d4096_r9,1,4096,9,178,0.000125,4.7076265694556696e-05,0.6454203426837921,0.5734927080047783
n1_d4096_r9,1,4096,9,179,0.000125,7.162464058296791e-05,0.6451149731874466,0.6179404999711551
n1_d4096_r9,1,4096,9,180,0.000125,0.00012667501579244345,0.6453789323568344,0.5746683340112213
n1_d4096_r9,1,4096,9,181,0.000125,0.00024457540780531417,0.6450330018997192,0.5755550000176299
n1_d4096_r9,1,4096,9,182,0.000125,0.00035037575116803055,0.6457042843103409,0.571672749996651
n1_d4096_r9,1,4096,9,183,0.000125,0.0003116703744581173,0.6445571780204773,0.5759969159844331
n1_d4096_r9,1,4096,9,184,0.000125,0.0002130374982698413,0.645995482802391,0.5852564160013571
n1_d4096_r9,1,4096,9,185,0.000125,0.00013836491706342713,0.6444994360208511,0.5748269169998821
n1_d4096_r9,1,4096,9,186,0.000125,9.723527111304975e-05,0.6452362835407257,0.5708333749789745
n1_d4096_r9,1,4096,9,187,0.000125,7.608306110284957e-05,0.6447022706270218,0.6094140420027543
n1_d4096_r9,1,4096,9,188,0.000125,6.709092725998289e-05,0.6452444195747375,0.5693104169913568
n1_d4096_r9,1,4096,9,189,0.000125,6.439037905181522e-05,0.644791305065155,0.5951487499987707
n1_d4096_r9,1,4096,9,190,0.000125,6.74857536040463e-05,0.6450901329517365,0.5743952080083545
n1_d4096_r9,1,4096,9,191,0.000125,8.017721847863868e-05,0.6447562426328659,0.5686146249936428
n1_d4096_r9,1,4096,9,192,0.000125,0.00010422954673572349,0.6447948813438416,0.5745795839757193
n1_d4096_r9,1,4096,9,193,0.000125,0.00013472179756490732,0.6452479362487793,0.5731458340014797
n1_d4096_r9,1,4096,9,194,6.25e-05,0.00015079946695095714,0.6447928994894028,0.6090346669952851
n1_d4096_r9,1,4096,9,195,6.25e-05,4.250387936366451e-05,0.6449080854654312,0.5708145000098739
n1_d4096_r9,1,4096,9,196,6.25e-05,3.066845009147556e-05,0.6448716521263123,0.5719348750135396
n1_d4096_r9,1,4096,9,197,6.25e-05,2.869066624278105e-05,0.6448733359575272,0.5811760409851559
n1_d4096_r9,1,4096,9,198,6.25e-05,2.830940546305616e-05,0.644880473613739,0.5851064999878872
n1_d4096_r9,1,4096,9,199,6.25e-05,2.8230228986250716e-05,0.6448787599802017,0.5991431250004098
n1_d4096_r9,1,4096,9,200,6.25e-05,2.8212737380284986e-05,0.6448778361082077,0.578874792001443
n4_d64_r0,4,64,0,1,0.001,1.3712865062989295,0.9279228299856186,0.29988429200602695
n4_d64_r0,4,64,0,2,0.001,0.8010204690508544,0.6800146400928497,0.3033242910169065
n4_d64_r0,4,64,0,3,0.001,0.6224028405267745,0.5736323446035385,0.29677462502149865
n4_d64_r0,4,64,0,4,0.001,0.5611523478291929,0.5448833256959915,0.2914253750059288
n4_d64_r0,4,64,0,5,0.001,0.5409414174500853,0.5306403338909149,0.3037155000201892
n4_d64_r0,4,64,0,6,0.001,0.5280219614505768,0.5203934758901596,0.2738841669925023
n4_d64_r0,4,64,0,7,0.001,0.5184411332011223,0.5122212618589401,0.2525897919840645
n4_d64_r0,4,64,0,8,0.001,0.511948675615713,0.5065844804048538,0.25259074999485165
n4_d64_r0,4,64,0,9,0.001,0.5076834200881422,0.5031216740608215,0.29495420900639147
n4_d64_r0,4,64,0,10,0.001,0.5046578350011259,0.5011243000626564,0.25472608298878185
n4_d64_r0,4,64,0,11,0.001,0.5026146604213864,0.4996041879057884,0.25340812499052845
n4_d64_r0,4,64,0,12,0.001,0.5009570631664246,0.49811965972185135,0.2518291659944225
n4_d64_r0,4,64,0,13,0.001,0.4998354755807668,0.4974339157342911,0.2523797079920769
n4_d64_r0,4,64,0,14,0.001,0.49913618667051196,0.49676163494586945,0.2529361670021899
n4_d64_r0,4,64,0,15,0.001,0.49833860783837736,0.4964136704802513,0.25165258400375023
n4_d64_r0,4,64,0,16,0.001,0.497607434168458,0.4958842024207115,0.28914870898006484
n4_d64_r0,4,64,0,17,0.001,0.4971107868477702,0.49563027918338776,0.25713541597360745
n4_d64_r0,4,64,0,18,0.001,0.4967843859922141,0.49600475281476974,0.25027204101206735
n4_d64_r0,4,64,0,19,0.001,0.4963585678488016,0.4957430884242058,0.250337125005899
n4_d64_r0,4,64,0,20,0.001,0.4962103986181319,0.4956338703632355,0.25177316600456834
n4_d64_r0,4,64,0,21,0.001,0.49573666299693286,0.4959690272808075,0.2523375409946311
n4_d64_r0,4,64,0,22,0.001,0.49562159087508917,0.49570566415786743,0.2519974169845227
n4_d64_r0,4,64,0,23,0.001,0.4952186527661979,0.4954746961593628,0.2504025000089314
n4_d64_r0,4,64,0,24,0.001,0.49517541262321174,0.49562546610832214,0.2923747500171885
n4_d64_r0,4,64,0,25,0.001,0.49492802610620856,0.4960084483027458,0.25210620800498873
n4_d64_r0,4,64,0,26,0.001,0.4947629140224308,0.4964379146695137,0.25122233302681707
n4_d64_r0,4,64,0,27,0.001,0.49476246163249016,0.49534961581230164,0.25057549998746254
n4_d64_r0,4,64,0,28,0.001,0.4943089901935309,0.49626073241233826,0.2501365829957649
n4_d64_r0,4,64,0,29,0.001,0.49442294682376087,0.49595392495393753,0.2505125419993419
n4_d64_r0,4,64,0,30,0.001,0.4941508802585304,0.49562887102365494,0.2492343749909196
n4_d64_r0,4,64,0,31,0.001,0.4941304682288319,0.4955143854022026,0.2493572499952279
n4_d64_r0,4,64,0,32,0.001,0.49394451384432614,0.4957636073231697,0.2908095000020694
n4_d64_r0,4,64,0,33,0.001,0.49377276096493006,0.4960787743330002,0.2520413339952938
n4_d64_r0,4,64,0,34,0.001,0.493639612570405,0.49618200957775116,0.25112504200660624
n4_d64_r0,4,64,0,35,0.001,0.49362625321373343,0.4960458129644394,0.2506955840217415
n4_d64_r0,4,64,0,36,0.0005,0.4923480092547834,0.4958321824669838,0.25299254202400334
n4_d64_r0,4,64,0,37,0.0005,0.49225541530176997,0.4956810772418976,0.2523972920025699
n4_d64_r0,4,64,0,38,0.0005,0.4922172378282994,0.4957754984498024,0.2497751250048168
n4_d64_r0,4,64,0,39,0.0005,0.49229801213368773,0.495845265686512,0.2508382500091102
n4_d64_r0,4,64,0,40,0.0005,0.492171494057402,0.4960978925228119,0.29577254099422134
n4_d64_r0,4,64,0,41,0.0005,0.49220394995063543,0.49591029435396194,0.2629873330006376
n4_d64_r0,4,64,0,42,0.0005,0.4920533935073763,0.49596235901117325,0.2515087919891812
n4_d64_r0,4,64,0,43,0.0005,0.49200467579066753,0.49580541253089905,0.2539732920122333
n4_d64_r0,4,64,0,44,0.00025,0.49139573192223907,0.4959036409854889,0.24953916697995737
n4_d64_r0,4,64,0,45,0.00025,0.49138894653879106,0.49587058275938034,0.2504182920092717
n4_d64_r0,4,64,0,46,0.00025,0.49137578741647303,0.495956189930439,0.25015641597565264
n4_d64_r0,4,64,0,47,0.00025,0.49133520177565515,0.4959031417965889,0.2500127090024762
n4_d128_r0,4,128,0,1,0.001,0.9219348831102252,0.6912091970443726,0.26799912500428036
n4_d128_r0,4,128,0,2,0.001,0.6036480909679085,0.5673028528690338,0.2631565839983523
n4_d128_r0,4,128,0,3,0.001,0.5481736618094146,0.5454546958208084,0.26391316700028256
n4_d128_r0,4,128,0,4,0.001,0.5272363210096955,0.5314701646566391,0.26542037501349114
n4_d128_r0,4,128,0,5,0.001,0.5146309887059033,0.524455264210701,0.26287716600927524
n4_d128_r0,4,128,0,6,0.001,0.5062792114913464,0.5196304470300674,0.27023704201565124
n4_d128_r0,4,128,0,7,0.001,0.5006726186256856,0.5161833763122559,0.2649378750065807
n4_d128_r0,4,128,0,8,0.001,0.4966320360545069,0.5143922790884972,0.30131775001063943
n4_d128_r0,4,128,0,9,0.001,0.4937168541364372,0.5135147720575333,0.26362495799548924
n4_d128_r0,4,128,0,10,0.001,0.4913675377611071,0.5134267881512642,0.2620458329911344
n4_d128_r0,4,128,0,11,0.001,0.48969926149584353,0.5125135034322739,0.2593731659871992
n4_d128_r0,4,128,0,12,0.001,0.4878329196944833,0.5124686881899834,0.26053683398640715
n4_d128_r0,4,128,0,13,0.001,0.48637916147708893,0.5120655223727226,0.2589048749941867
n4_d128_r0,4,128,0,14,0.001,0.4853472872637212,0.5135019794106483,0.2609647909994237
n4_d128_r0,4,128,0,15,0.001,0.4844272006303072,0.5118569582700729,0.2594214999990072
n4_d128_r0,4,128,0,16,0.001,0.48303455393761396,0.5133573189377785,0.29805462501826696
n4_d128_r0,4,128,0,17,0.001,0.4822549712844193,0.5125893950462341,0.27067716600140557
n4_d128_r0,4,128,0,18,0.001,0.4814398097805679,0.512877807021141,0.26432379201287404
n4_d128_r0,4,128,0,19,0.001,0.48033043555915356,0.513427659869194,0.26197779198992066
n4_d128_r0,4,128,0,20,0.001,0.47969287377782166,0.5149613171815872,0.26613308300147764
n4_d128_r0,4,128,0,21,0.001,0.47900267294608057,0.515784852206707,0.2645521250087768
n4_d128_r0,4,128,0,22,0.001,0.4782594449352473,0.5151022002100945,0.26004024999565445
n4_d128_r0,4,128,0,23,0.001,0.47756776167079806,0.5159984081983566,0.2641817499825265
n4_d128_r0,4,128,0,24,0.0005,0.47411691141314805,0.516265831887722,0.29460399999516085
n4_d128_r0,4,128,0,25,0.0005,0.4736462594009936,0.5169310122728348,0.2648273750091903
n4_d128_r0,4,128,0,26,0.0005,0.47342901094816625,0.5170282125473022,0.2643544169841334
n4_d128_r0,4,128,0,27,0.0005,0.47308783372864127,0.5176449418067932,0.2627080419915728
n4_d128_r0,4,128,0,28,0.0005,0.472765646642074,0.517580159008503,0.26095495899789967
n4_d128_r0,4,128,0,29,0.0005,0.47244929522275925,0.5178507268428802,0.27690458300639875
n4_d128_r0,4,128,0,30,0.0005,0.4723008999135345,0.5191559344530106,0.26505512499716133
n4_d128_r0,4,128,0,31,0.0005,0.4719516222830862,0.5194456279277802,0.25934912500088103
n4_d128_r0,4,128,0,32,0.00025,0.47032870911061764,0.5198203325271606,0.3018428750219755
n4_d128_r0,4,128,0,33,0.00025,0.46995028969831765,0.5201961174607277,0.2664042500255164
n4_d128_r0,4,128,0,34,0.00025,0.4697743805591017,0.5202005803585052,0.2607941669994034
n4_d128_r0,4,128,0,35,0.00025,0.4696111062075943,0.5203228294849396,0.2617673330241814
n4_d256_r0,4,256,0,1,0.001,0.8771559735760093,0.6193251460790634,0.2716107500018552
n4_d256_r0,4,256,0,2,0.001,0.5659913665149361,0.5529017150402069,0.26612520901835524
n4_d256_r0,4,256,0,3,0.001,0.5224730339832604,0.5413725227117538,0.26563554198946804
n4_d256_r0,4,256,0,4,0.001,0.5004666012246162,0.5348951369524002,0.2738402909890283
n4_d256_r0,4,256,0,5,0.001,0.48502884106710553,0.5310674905776978,0.3157413750013802
n4_d256_r0,4,256,0,6,0.001,0.47394524957053363,0.5301514118909836,0.26745541699347086
n4_d256_r0,4,256,0,7,0.001,0.46450591180473566,0.5330583304166794,0.27352870799950324
n4_d256_r0,4,256,0,8,0.001,0.45745355798862875,0.5334849506616592,0.265537957980996
n4_d256_r0,4,256,0,9,0.001,0.4497092510573566,0.5381192266941071,0.2656553339911625
n4_d256_r0,4,256,0,10,0.001,0.4431016971357167,0.5436527729034424,0.270126125018578
n4_d256_r0,4,256,0,11,0.001,0.43770516267977655,0.5478181540966034,0.2653324159909971
n4_d256_r0,4,256,0,12,0.001,0.4317707000300288,0.5535922199487686,0.2718117919866927
n4_d256_r0,4,256,0,13,0.001,0.4263276148121804,0.5574692040681839,0.30724483300582506
n4_d256_r0,4,256,0,14,0.001,0.42142243892885745,0.5637015551328659,0.2656967499933671
n4_d256_r0,4,256,0,15,0.0005,0.4090353206265718,0.5629334151744843,0.26023145799990743
n4_d256_r0,4,256,0,16,0.0005,0.40566190937533975,0.5660445392131805,0.26220199998351745
n4_d256_r0,4,256,0,17,0.0005,0.40321115450933576,0.5692880898714066,0.26252025002031587
n4_d256_r0,4,256,0,18,0.0005,0.40085586346685886,0.5753763765096664,0.26203258297755383
n4_d256_r0,4,256,0,19,0.0005,0.3986110424157232,0.5784726440906525,0.2639010410057381
n4_d256_r0,4,256,0,20,0.0005,0.3966609784401953,0.5822503417730331,0.2622257499897387
n4_d256_r0,4,256,0,21,0.0005,0.3942374140024185,0.5866169780492783,0.32000291600706987
n4_d256_r0,4,256,0,22,0.0005,0.3926070402376354,0.5875204801559448,0.2679866249964107
n4_d256_r0,4,256,0,23,0.00025,0.38592470274306834,0.5898715406656265,0.2664188749913592
n4_d256_r0,4,256,0,24,0.00025,0.38429681048728526,0.5920284986495972,0.26515758398454636
n4_d256_r0,4,256,0,25,0.00025,0.3832987688947469,0.5930563807487488,0.2737022090004757
n4_d256_r0,4,256,0,26,0.00025,0.38247104501351714,0.5953084081411362,0.274964500014903
n4_d512_r0,4,512,0,1,0.001,0.8933553262613714,0.6357441246509552,0.3303652500035241
n4_d512_r0,4,512,0,2,0.001,0.5532105818856508,0.576455682516098,0.39058450001175515
n4_d512_r0,4,512,0,3,0.001,0.4781475777272135,0.5684925317764282,0.33829308400163427
n4_d512_r0,4,512,0,4,0.001,0.4354914773721248,0.571206197142601,0.337589915987337
n4_d512_r0,4,512,0,5,0.001,0.4006366024259478,0.5813857316970825,0.34642579100909643
n4_d512_r0,4,512,0,6,0.001,0.37024251744151115,0.5948991030454636,0.3297350840002764
n4_d512_r0,4,512,0,7,0.001,0.3405676381662488,0.6168373823165894,0.32074570798431523
n4_d512_r0,4,512,0,8,0.001,0.3123224173905328,0.6426008343696594,0.4189576669887174
n4_d512_r0,4,512,0,9,0.001,0.2884746198542416,0.662710502743721,0.41526216600323096
n4_d512_r0,4,512,0,10,0.001,0.26453370007220656,0.6842302680015564,0.419795374997193
n4_d512_r0,4,512,0,11,0.001,0.24395302031189203,0.7025287449359894,0.3195604169741273
n4_d512_r0,4,512,0,12,0.0005,0.20512974355369806,0.72469262778759,0.32913354100310244
n4_d512_r0,4,512,0,13,0.0005,0.19049668358638883,0.7414866089820862,0.3221165410068352
n4_d512_r0,4,512,0,14,0.0005,0.1810350149171427,0.763435423374176,0.32059683301486075
n4_d512_r0,4,512,0,15,0.0005,0.1733799756038934,0.7773860394954681,0.32037120798486285
n4_d512_r0,4,512,0,16,0.0005,0.16657733038300648,0.7864373326301575,0.3232962080219295
n4_d512_r0,4,512,0,17,0.0005,0.1592609693761915,0.8079448342323303,0.37395100001594983
n4_d512_r0,4,512,0,18,0.0005,0.15290714090224355,0.8184602111577988,0.33468358300160617
n4_d512_r0,4,512,0,19,0.0005,0.14694123232038692,0.8333732932806015,0.3310084579861723
n4_d512_r0,4,512,0,20,0.00025,0.13079356629168615,0.8352266699075699,0.32651329098735005
n4_d512_r0,4,512,0,21,0.00025,0.1265937295393087,0.8417494148015976,0.3409903339925222
n4_d512_r0,4,512,0,22,0.00025,0.12362966692307964,0.8582756668329239,0.34959374999743886
n4_d512_r0,4,512,0,23,0.00025,0.12121466518146917,0.8609436601400375,0.3428447500045877
n4_d1024_r0,4,1024,0,1,0.001,0.8041364247910678,0.5789253562688828,0.35928116700961255
n4_d1024_r0,4,1024,0,2,0.001,0.4602910054381937,0.5714423209428787,0.4066945420054253
n4_d1024_r0,4,1024,0,3,0.001,0.34579700976610184,0.5840252041816711,0.3529747500142548
n4_d1024_r0,4,1024,0,4,0.001,0.24865976569708437,0.6277182400226593,0.3527001250186004
n4_d1024_r0,4,1024,0,5,0.001,0.16496058349730447,0.6794302314519882,0.3400539580034092
n4_d1024_r0,4,1024,0,6,0.001,0.10794217692455277,0.7111002653837204,0.35025270900223404
n4_d1024_r0,4,1024,0,7,0.001,0.06973818180267699,0.7365332245826721,0.34981808299198747
n4_d1024_r0,4,1024,0,8,0.001,0.04650844857678749,0.745109811425209,0.36066870801732875
n4_d1024_r0,4,1024,0,9,0.001,0.033440540384617634,0.7530661225318909,0.38373550001415424
n4_d1024_r0,4,1024,0,10,0.001,0.026079488001414575,0.7514974027872086,0.43231045801076107
n4_d1024_r0,4,1024,0,11,0.0005,0.016167633621080313,0.7511783242225647,0.35899508401053026
n4_d1024_r0,4,1024,0,12,0.0005,0.005715511037124088,0.7558518648147583,0.36527912502060644
n4_d1024_r0,4,1024,0,13,0.0005,0.002975347747451451,0.7589772492647171,0.3452527080080472
n4_d1024_r0,4,1024,0,14,0.0005,0.0018696826582527137,0.7613079249858856,0.3447464999917429
n4_d1024_r0,4,1024,0,15,0.0005,0.0012735028371935186,0.7628859579563141,0.3386079590127338
n4_d1024_r0,4,1024,0,16,0.0005,0.000924848873182782,0.7653388828039169,0.34670291701331735
n4_d1024_r0,4,1024,0,17,0.0005,0.0007089007444847084,0.7664743810892105,0.376221832993906
n4_d1024_r0,4,1024,0,18,0.0005,0.0005735572863159177,0.7679815292358398,0.34755295800277963
n4_d1024_r0,4,1024,0,19,0.00025,0.00041230319970964047,0.7676259726285934,0.3401925840007607
n4_d1024_r0,4,1024,0,20,0.00025,0.00023680732908815116,0.7680248618125916,0.33766208300949074
n4_d1024_r0,4,1024,0,21,0.00025,0.00018686821834990042,0.7681784182786942,0.3385846250166651
n4_d1024_r0,4,1024,0,22,0.00025,0.00016106921344771763,0.7684667855501175,0.34092637500725687
n4_d2048_r0,4,2048,0,1,0.001,0.819201523438096,0.6017327010631561,0.3876599590003025
n4_d2048_r0,4,2048,0,2,0.001,0.33811868145130575,0.6113253533840179,0.40621312501025386
n4_d2048_r0,4,2048,0,3,0.001,0.13983295497018844,0.6450135558843613,0.44737333297962323
n4_d2048_r0,4,2048,0,4,0.001,0.05541737249586731,0.6316917240619659,0.38641404200461693
n4_d2048_r0,4,2048,0,5,0.001,0.036997171642724425,0.63471919298172,0.39054116600891575
n4_d2048_r0,4,2048,0,6,0.001,0.03365935001056641,0.6188201010227203,0.39089249999960884
n4_d2048_r0,4,2048,0,7,0.001,0.03386931153363548,0.6184410452842712,0.392970291984966
n4_d2048_r0,4,2048,0,8,0.001,0.034286185808014125,0.6158235818147659,0.3946927500073798
n4_d2048_r0,4,2048,0,9,0.001,0.03388522153545637,0.6164484471082687,0.3889889579731971
n4_d2048_r0,4,2048,0,10,0.0005,0.02581519696104806,0.6002157777547836,0.43178558399085887
n4_d2048_r0,4,2048,0,11,0.0005,0.004793835752934683,0.5996773689985275,0.3982068330224138
n4_d2048_r0,4,2048,0,12,0.0005,0.0012023767499158566,0.5997357070446014,0.41481579100945964
n4_d2048_r0,4,2048,0,13,0.0005,0.0003462542950956049,0.5992403924465179,0.40000624998356216
n4_d2048_r0,4,2048,0,14,0.0005,0.00012033378231990355,0.5991990268230438,0.3938121660030447
n4_d2048_r0,4,2048,0,15,0.0005,5.2553017411582914e-05,0.5994643419981003,0.39531566700316034
n4_d2048_r0,4,2048,0,16,0.0005,2.9339579683096417e-05,0.5993286669254303,0.39118804098689
n4_d2048_r0,4,2048,0,17,0.0005,2.1177297767849268e-05,0.5994692295789719,0.3875807499862276
n4_d2048_r0,4,2048,0,18,0.0005,1.970983392141079e-05,0.599413588643074,0.42603958302061073
n4_d2048_r0,4,2048,0,19,0.0005,2.4001534256967716e-05,0.5993888825178146,0.38528979098191485
n4_d2048_r0,4,2048,0,20,0.0005,4.0458362235540335e-05,0.5993856340646744,0.38322008299292065
n4_d2048_r0,4,2048,0,21,0.0005,8.50594560972695e-05,0.5996342897415161,0.3925472080009058
n4_d2048_r0,4,2048,0,22,0.0005,0.00023805202613402798,0.5994388461112976,0.3855027919926215
n4_d2048_r0,4,2048,0,23,0.00025,0.0005556862899993575,0.599262535572052,0.39139783300925046
n4_d2048_r0,4,2048,0,24,0.00025,0.0001744183376786168,0.5992289036512375,0.38644324999768287
n4_d2048_r0,4,2048,0,25,0.00025,8.34597106234014e-05,0.5993739366531372,0.3862315000151284
n4_d2048_r0,4,2048,0,26,0.00025,4.8352345942248576e-05,0.5991730988025665,0.43232670801808126
n4_d2048_r0,4,2048,0,27,0.00025,3.463920380397667e-05,0.5993602871894836,0.3961884580203332
n4_d2048_r0,4,2048,0,28,0.00025,3.331864866140677e-05,0.5992285460233688,0.39371687499806285
n4_d2048_r0,4,2048,0,29,0.00025,4.073161115059065e-05,0.5993637144565582,0.40694008400896564
n4_d2048_r0,4,2048,0,30,0.00025,6.31848897967302e-05,0.5992741584777832,0.3999879170150962
n4_d2048_r0,4,2048,0,31,0.00025,0.00012598472613944978,0.5997260212898254,0.40729616599855945
n4_d2048_r0,4,2048,0,32,0.00025,0.000297337486813376,0.5991910248994827,0.39699254199513234
n4_d2048_r0,4,2048,0,33,0.00025,0.0008377726819617237,0.5990858823060989,0.48243541599367745
n4_d2048_r0,4,2048,0,34,0.00025,0.0026078441178469802,0.6007590293884277,0.623046125023393
n4_d2048_r0,4,2048,0,35,0.00025,0.007699571560806362,0.601805105805397,0.4532711250067223
n4_d2048_r0,4,2048,0,36,0.00025,0.015816733670362737,0.602717861533165,0.388541541993618
n4_d2048_r0,4,2048,0,37,0.00025,0.01827340009913314,0.5985158979892731,0.3899215830024332
n4_d2048_r0,4,2048,0,38,0.00025,0.01242688767524669,0.5946045070886612,0.38100508297793567
n4_d2048_r0,4,2048,0,39,0.00025,0.007054673973470926,0.5926091820001602,0.38796074999845587
n4_d2048_r0,4,2048,0,40,0.00025,0.0038298896033666097,0.5920131206512451,0.3983576250029728
n4_d2048_r0,4,2048,0,41,0.00025,0.002337903793886653,0.5922428965568542,0.3847297079919372
n4_d2048_r0,4,2048,0,42,0.00025,0.0016120335603773128,0.5931010395288467,0.38413691701134667
n4_d2048_r0,4,2048,0,43,0.00025,0.0013254491909719945,0.5909457057714462,0.42636662497534417
n4_d2048_r0,4,2048,0,44,0.00025,0.001298589957968943,0.5919814854860306,0.41590970900142565
n4_d2048_r0,4,2048,0,45,0.00025,0.0015198345722637896,0.592150941491127,0.3873709580220748
n4_d2048_r0,4,2048,0,46,0.00025,0.0020665188303610194,0.5931455343961716,0.3913690420158673
n4_d2048_r0,4,2048,0,47,0.00025,0.0030341061301442096,0.5914156138896942,0.3906777499942109
n4_d2048_r0,4,2048,0,48,0.00025,0.004591671306116041,0.5923370122909546,0.38510333400336094
n4_d2048_r0,4,2048,0,49,0.00025,0.006635422883846331,0.5912036001682281,0.391979124979116
n4_d2048_r0,4,2048,0,50,0.00025,0.008248675709182862,0.5920332223176956,0.43588124998495914
n4_d2048_r0,4,2048,0,51,0.00025,0.008261478371423436,0.592143326997757,0.4031680409971159
n4_d2048_r0,4,2048,0,52,0.000125,0.005795906381536042,0.5873083025217056,0.42499208298977464
n4_d2048_r0,4,2048,0,53,0.000125,0.0009578559129295172,0.5872107297182083,0.39084175002062693
n4_d2048_r0,4,2048,0,54,0.000125,0.0002250775023640017,0.5873407870531082,0.3891175000171643
n4_d2048_r0,4,2048,0,55,0.000125,5.626204188047268e-05,0.5873107463121414,0.3855735419783741
n4_d2048_r0,4,2048,0,56,0.000125,1.5124526534293636e-05,0.5872127711772919,0.38561654099612497
n4_d2048_r0,4,2048,0,57,0.000125,4.381107210349455e-06,0.587327316403389,0.38176941699930467
n4_d2048_r0,4,2048,0,58,0.000125,1.3777133744952152e-06,0.5872853845357895,0.4267118329880759
n4_d2048_r0,4,2048,0,59,0.000125,5.202105111123956e-07,0.5872906148433685,0.38982849998865277
n4_d2048_r0,4,2048,0,60,0.000125,2.4955751870558984e-07,0.5872783362865448,0.381355874997098
n4_d2048_r0,4,2048,0,61,0.000125,1.462462427270772e-07,0.5872827470302582,0.38136095798108727
n4_d2048_r0,4,2048,0,62,6.25e-05,9.576691727131159e-08,0.587281122803688,0.38611887500155717
n4_d2048_r0,4,2048,0,63,6.25e-05,6.087861090589564e-08,0.587282344698906,0.38749154200195335
n4_d2048_r0,4,2048,0,64,6.25e-05,4.9808641922749475e-08,0.5872816443443298,0.3924937090196181
n4_d2048_r0,4,2048,0,65,6.25e-05,4.269836205612887e-08,0.5872814804315567,0.38115216602454893
n4_d2048_r0,4,2048,0,66,6.25e-05,3.675476603539479e-08,0.5872812569141388,0.4288546669995412
n4_d2048_r0,4,2048,0,67,6.25e-05,3.143136996551846e-08,0.587280884385109,0.39668999999412335
n4_d2048_r0,4,2048,0,68,6.25e-05,2.69815716032705e-08,0.5872806459665298,0.39247745799366385
n4_d2048_r0,4,2048,0,69,6.25e-05,2.271231071639991e-08,0.5872811675071716,0.38961783301783726
n4_d2048_r0,4,2048,0,70,3.125e-05,1.8709863530436827e-08,0.5872809141874313,0.37674525001784787
n4_d2048_r0,4,2048,0,71,3.125e-05,1.6826481656368603e-08,0.5872808247804642,0.3783477090182714
n4_d2048_r0,4,2048,0,72,3.125e-05,1.5198077087845777e-08,0.5872805863618851,0.3867740420100745
n4_d2048_r0,4,2048,0,73,3.125e-05,1.3662213155718125e-08,0.5872806459665298,0.381868750002468
n4_d4096_r0,4,4096,0,1,0.001,0.8842293419875205,0.6954669952392578,0.6651642500073649
n4_d4096_r0,4,4096,0,2,0.001,0.38515969668515027,0.6084398031234741,0.5691488340089563
n4_d4096_r0,4,4096,0,3,0.001,0.12602425791556016,0.6261454224586487,0.5908893749874551
n4_d4096_r0,4,4096,0,4,0.001,0.05465723518864252,0.5979747623205185,0.5727437089954037
n4_d4096_r0,4,4096,0,5,0.001,0.04009385655808728,0.5927122235298157,0.5662183749955148
n4_d4096_r0,4,4096,0,6,0.001,0.02997826729551889,0.5904578417539597,0.5693068330001552
n4_d4096_r0,4,4096,0,7,0.001,0.02562733979721088,0.5951139628887177,0.5694501670077443
n4_d4096_r0,4,4096,0,8,0.001,0.024069942068308592,0.5905807614326477,0.6096642080228776
n4_d4096_r0,4,4096,0,9,0.001,0.02382112831401173,0.5920043885707855,0.575128208991373
n4_d4096_r0,4,4096,0,10,0.001,0.02481908099434804,0.5882913619279861,0.6022090410115197
n4_d4096_r0,4,4096,0,11,0.001,0.026023052429081872,0.5876510441303253,0.5772069169906899
n4_d4096_r0,4,4096,0,12,0.001,0.026539389669778757,0.588262066245079,0.5675352079852019
n4_d4096_r0,4,4096,0,13,0.001,0.02597939815314021,0.5889110565185547,0.6006802080082707
n4_d4096_r0,4,4096,0,14,0.001,0.024978922127047554,0.5835991650819778,0.5685801669897046
n4_d4096_r0,4,4096,0,15,0.001,0.023716088908258826,0.590056374669075,0.57492816701415
n4_d4096_r0,4,4096,0,16,0.001,0.022080276015913114,0.5849010497331619,0.6110933749878313
n4_d4096_r0,4,4096,0,17,0.001,0.020715541424578987,0.5835887491703033,0.5800307909958065
n4_d4096_r0,4,4096,0,18,0.001,0.018971111581777222,0.5818978250026703,0.5719787920243107
n4_d4096_r0,4,4096,0,19,0.001,0.018879150025895797,0.5828574448823929,0.5680658750061411
n4_d4096_r0,4,4096,0,20,0.001,0.018355810127104633,0.583234041929245,0.5738443750014994
n4_d4096_r0,4,4096,0,21,0.001,0.017862690190668218,0.5785415321588516,0.5746802919893526
n4_d4096_r0,4,4096,0,22,0.001,0.01757203758461401,0.5835180878639221,0.5704234169970732
n4_d4096_r0,4,4096,0,23,0.001,0.018037080371868797,0.5792329013347626,0.5746905830164906
n4_d4096_r0,4,4096,0,24,0.001,0.01844675824395381,0.5814678966999054,0.6131335840036627
n4_d4096_r0,4,4096,0,25,0.001,0.01859057755791582,0.5817732959985733,0.5813150829926599
n4_d4096_r0,4,4096,0,26,0.001,0.018212663460872136,0.5817006081342697,0.571658540982753
n4_d4096_r0,4,4096,0,27,0.001,0.017587557071237825,0.5815429240465164,0.5742129170102999
n4_d4096_r0,4,4096,0,28,0.001,0.017054124393325765,0.5766865015029907,0.5704812089970801
n4_d4096_r0,4,4096,0,29,0.001,0.01623741012008395,0.5803105533123016,0.587949499982642
n4_d4096_r0,4,4096,0,30,0.001,0.015783023816766217,0.5774157792329788,0.5938627909927163
n4_d4096_r0,4,4096,0,31,0.001,0.01532733760541305,0.578468069434166,0.5907719169917982
n4_d4096_r0,4,4096,0,32,0.001,0.015387935382022988,0.5774205327033997,0.6147866669925861
n4_d4096_r0,4,4096,0,33,0.001,0.015303331711038481,0.5768478512763977,0.5811501659918576
n4_d4096_r0,4,4096,0,34,0.001,0.01466828302363865,0.5777332335710526,0.5735949999943841
n4_d4096_r0,4,4096,0,35,0.001,0.014565387355105486,0.5751138627529144,0.5800693340133876
n4_d4096_r0,4,4096,0,36,0.001,0.014569184902939014,0.5750005543231964,0.576200291980058
n4_d4096_r0,4,4096,0,37,0.001,0.01425358849519398,0.5744193196296692,0.5760944999929052
n4_d4096_r0,4,4096,0,38,0.001,0.014056189284019638,0.5782191604375839,0.5662203749816399
n4_d4096_r0,4,4096,0,39,0.001,0.013956037939351518,0.5743226855993271,0.6048569999984466
n4_d4096_r0,4,4096,0,40,0.001,0.013731459999689832,0.5742763131856918,0.6241004999901634
n4_d4096_r0,4,4096,0,41,0.001,0.013139759583282284,0.5754626840353012,0.5850381249911152
n4_d4096_r0,4,4096,0,42,0.001,0.012775209463143256,0.5739122480154037,0.5667617920262273
n4_d4096_r0,4,4096,0,43,0.001,0.012337572661635932,0.5726924687623978,0.5649994580016937
n4_d4096_r0,4,4096,0,44,0.001,0.012042640431900509,0.5724257379770279,0.56340995800565
n4_d4096_r0,4,4096,0,45,0.001,0.01191272608411964,0.5738149881362915,0.6017638749908656
n4_d4096_r0,4,4096,0,46,0.001,0.013037120610533748,0.5725049823522568,0.5662712080229539
n4_d4096_r0,4,4096,0,47,0.001,0.012526570870249998,0.573941245675087,0.5689029580098577
n4_d4096_r0,4,4096,0,48,0.001,0.012799472977349069,0.5736256539821625,0.5996963329962455
n4_d4096_r0,4,4096,0,49,0.001,0.012540708914457355,0.5703253895044327,0.5694773329887539
n4_d4096_r0,4,4096,0,50,0.001,0.011659632276860066,0.5739545226097107,0.5615525409812108
n4_d4096_r0,4,4096,0,51,0.001,0.011249202878389042,0.5715157985687256,0.5886881669866852
n4_d4096_r0,4,4096,0,52,0.001,0.010397464342531748,0.5689880847930908,0.5924409999861382
n4_d4096_r0,4,4096,0,53,0.001,0.009792143835511524,0.5703483372926712,0.5990543339867145
n4_d4096_r0,4,4096,0,54,0.001,0.009624198250094196,0.5710012167692184,0.6012040830100887
n4_d4096_r0,4,4096,0,55,0.001,0.009602145182725508,0.5708558410406113,0.5907160420028958
n4_d4096_r0,4,4096,0,56,0.001,0.009616577764973044,0.5740073621273041,0.6043808750109747
n4_d4096_r0,4,4096,0,57,0.001,0.00940866844393895,0.5722349584102631,0.6550075830018613
n4_d4096_r0,4,4096,0,58,0.001,0.00929721550346585,0.5716473907232285,0.5792537920060568
n4_d4096_r0,4,4096,0,59,0.001,0.009165357281744946,0.5650131851434708,0.5681756660051178
n4_d4096_r0,4,4096,0,60,0.001,0.009373315631819423,0.5727110654115677,0.5669493340246845
n4_d4096_r0,4,4096,0,61,0.001,0.0096314648144471,0.5694924890995026,0.5656072919955477
n4_d4096_r0,4,4096,0,62,0.001,0.00963945202238392,0.5703755170106888,0.5733379169832915
n4_d4096_r0,4,4096,0,63,0.001,0.009805321533349343,0.5732301622629166,0.5775030840013642
n4_d4096_r0,4,4096,0,64,0.001,0.009977690417144913,0.5661337077617645,0.5715245830069762
n4_d4096_r0,4,4096,0,65,0.001,0.009422778195585124,0.570400208234787,0.659019583981717
n4_d4096_r0,4,4096,0,66,0.001,0.008985082073195372,0.5687397569417953,0.5650471670087427
n4_d4096_r0,4,4096,0,67,0.001,0.008370824205485405,0.5707187950611115,0.585498833010206
n4_d4096_r0,4,4096,0,68,0.0005,0.006592349636775907,0.5646927058696747,0.579383540985873
n4_d4096_r0,4,4096,0,69,0.0005,0.0010334105709262076,0.5650953948497772,0.6022352500003763
n4_d4096_r0,4,4096,0,70,0.0005,0.00024860945723048644,0.5652670711278915,0.5711852090025786
n4_d4096_r0,4,4096,0,71,0.0005,9.38306666284916e-05,0.5652326196432114,0.5790968750079628
n4_d4096_r0,4,4096,0,72,0.0005,6.115454953814492e-05,0.5651965737342834,0.6573633750085719
n4_d4096_r0,4,4096,0,73,0.0005,5.326854903486833e-05,0.5651758313179016,0.7133134999894537
n4_d4096_r0,4,4096,0,74,0.0005,5.113720946381406e-05,0.5652326494455338,0.7005994160135742
n4_d4096_r0,4,4096,0,75,0.0005,5.042596474424954e-05,0.5652088224887848,0.6479975410038605
n4_d4096_r0,4,4096,0,76,0.0005,5.017514703209436e-05,0.5652236491441727,0.6016500410041772
n4_d4096_r0,4,4096,0,77,0.00025,5.0067688048271997e-05,0.5652061104774475,0.6065739589976147
n4_d4096_r0,4,4096,0,78,0.00025,4.9659999260986964e-05,0.5652074664831161,0.6608149580133613
n4_d4096_r0,4,4096,0,79,0.00025,4.957056308867863e-05,0.565207839012146,0.6262407080212142
n4_d4096_r0,4,4096,0,80,0.00025,4.952526686721401e-05,0.5652052760124207,0.6432101670070551
n4_d4096_r0,4,4096,0,81,0.00025,4.9488943113390645e-05,0.5652060955762863,0.6208745420153718
n4_d4096_r0,4,4096,0,82,0.00025,4.945405685193548e-05,0.56520576775074,0.5949355830089189
n4_d4096_r0,4,4096,0,83,0.00025,4.941872593489452e-05,0.5652043670415878,0.5814290829875972
n4_d4096_r0,4,4096,0,84,0.00025,4.937695665178758e-05,0.5652041286230087,0.6086094159982167
n4_d4096_r0,4,4096,0,85,0.000125,4.934325588307111e-05,0.5652044266462326,0.5685454999911599
n4_d4096_r0,4,4096,0,86,0.000125,4.93213924031336e-05,0.5652039349079132,0.5929729580238927
n4_d4096_r0,4,4096,0,87,0.000125,4.9295788993718214e-05,0.5652035027742386,0.6233025419933256
n4_d4096_r0,4,4096,0,88,0.000125,4.92703121726828e-05,0.5652033388614655,0.6088542079960462
n4_d64_r1,4,64,1,1,0.001,1.0895118634216487,0.8872777968645096,0.28777024999726564
n4_d64_r1,4,64,1,2,0.001,0.7599543202668428,0.6819139122962952,0.2681744159781374
n4_d64_r1,4,64,1,3,0.001,0.6057696209754795,0.5921254456043243,0.272212625015527
n4_d64_r1,4,64,1,4,0.001,0.5583685471210629,0.5670797675848007,0.25043625000398606
n4_d64_r1,4,64,1,5,0.001,0.5380515055730939,0.5519915819168091,0.27492424999945797
n4_d64_r1,4,64,1,6,0.001,0.5244977755937725,0.5409655719995499,0.26431612501619384
n4_d64_r1,4,64,1,7,0.001,0.5155789663549513,0.5341943204402924,0.2721822499879636
n4_d64_r1,4,64,1,8,0.001,0.5097111398354173,0.5293988138437271,0.2789216669916641
n4_d64_r1,4,64,1,9,0.001,0.5058812908828259,0.526721253991127,0.32882070800405927
n4_d64_r1,4,64,1,10,0.001,0.5036112922243774,0.5252515375614166,0.28318441699957475
n4_d64_r1,4,64,1,11,0.001,0.5021413324866444,0.5237734615802765,0.2726140000158921
n4_d64_r1,4,64,1,12,0.001,0.5010188964661211,0.5242582112550735,0.2849135840078816
n4_d64_r1,4,64,1,13,0.001,0.5002113885711879,0.5228692591190338,0.26217316699330695
n4_d64_r1,4,64,1,14,0.001,0.49939410481601954,0.5223650932312012,0.25383924998459406
n4_d64_r1,4,64,1,15,0.001,0.49882023711688817,0.5228036642074585,0.28763116599293426
n4_d64_r1,4,64,1,16,0.001,0.49834048259072006,0.5217652469873428,0.33854724999400787
n4_d64_r1,4,64,1,17,0.001,0.498072219081223,0.5217073708772659,0.29534329200396314
n4_d64_r1,4,64,1,18,0.001,0.4976009652018547,0.5219555199146271,0.28577762498753145
n4_d64_r1,4,64,1,19,0.001,0.4973311363719404,0.521711677312851,0.2809166249935515
n4_d64_r1,4,64,1,20,0.001,0.4971026089042425,0.5204351842403412,0.26960645901272073
n4_d64_r1,4,64,1,21,0.001,0.4969099531881511,0.5203844159841537,0.26728316699154675
n4_d64_r1,4,64,1,22,0.001,0.49641952058300376,0.5211532562971115,0.2596395830041729
n4_d64_r1,4,64,1,23,0.001,0.496385948266834,0.520600900053978,0.25616629197611474
n4_d64_r1,4,64,1,24,0.001,0.4959107923787087,0.5210910141468048,0.2901710410078522
n4_d64_r1,4,64,1,25,0.001,0.495733403833583,0.5219007432460785,0.2485070000111591
n4_d64_r1,4,64,1,26,0.001,0.495607515797019,0.5207840502262115,0.28868645799229853
n4_d64_r1,4,64,1,27,0.001,0.4952829054091126,0.5215653479099274,0.2609016250062268
n4_d64_r1,4,64,1,28,0.001,0.4951970996335149,0.521437332034111,0.24774912500288337
n4_d64_r1,4,64,1,29,0.001,0.49504782957956195,0.5217607915401459,0.24897724998299964
n4_d64_r1,4,64,1,30,0.0005,0.4939238347578794,0.5221855938434601,0.25016916598542593
n4_d64_r1,4,64,1,31,0.0005,0.49380091298371553,0.5215290933847427,0.2480645409959834
n4_d64_r1,4,64,1,32,0.0005,0.4936890497338027,0.5213887840509415,0.2888708330283407
n4_d64_r1,4,64,1,33,0.0005,0.4936454673297703,0.5214420258998871,0.261058125004638
n4_d64_r1,4,64,1,34,0.0005,0.49348459439352155,0.5217193365097046,0.2787932500068564
n4_d64_r1,4,64,1,35,0.0005,0.49342051846906543,0.5216943621635437,0.3004794589942321
n4_d64_r1,4,64,1,36,0.0005,0.49344917479902506,0.5220123380422592,0.27173458397737704
n4_d64_r1,4,64,1,37,0.0005,0.49332184554077685,0.52175672352314,0.2630134579958394
n4_d64_r1,4,64,1,38,0.00025,0.4927123070228845,0.5219788551330566,0.25767329102382064
n4_d64_r1,4,64,1,39,0.00025,0.4926634298171848,0.5215039998292923,0.25939454199397005
n4_d64_r1,4,64,1,40,0.00025,0.49263998307287693,0.5219267755746841,0.33043416700093076
n4_d64_r1,4,64,1,41,0.00025,0.49261251487769186,0.5218955427408218,0.2915525419812184
n4_d128_r1,4,128,1,1,0.001,0.9292828300967813,0.7049349546432495,0.27023254201048985
n4_d128_r1,4,128,1,2,0.001,0.611224195221439,0.5849326848983765,0.2599225420271978
n4_d128_r1,4,128,1,3,0.001,0.5512420474551618,0.5659191459417343,0.25638000000617467
n4_d128_r1,4,128,1,4,0.001,0.5313589661382139,0.5551596432924271,0.25841812501312234
n4_d128_r1,4,128,1,5,0.001,0.5177290525753051,0.5470238924026489,0.2587867920228746
n4_d128_r1,4,128,1,6,0.001,0.5082968769129366,0.5400417596101761,0.29937145800795406
n4_d128_r1,4,128,1,7,0.001,0.5019857350271195,0.5363122373819351,0.2625018750259187
n4_d128_r1,4,128,1,8,0.001,0.4974094806239009,0.5352920442819595,0.2606964999868069
n4_d128_r1,4,128,1,9,0.001,0.4936306090094149,0.5338996648788452,0.2587844999798108
n4_d128_r1,4,128,1,10,0.001,0.49098714627325535,0.5319422632455826,0.27168920799158514
n4_d128_r1,4,128,1,11,0.001,0.4885856641922146,0.5321720093488693,0.29479149999679066
n4_d128_r1,4,128,1,12,0.001,0.48730072379112244,0.5315090715885162,0.27339733301778324
n4_d128_r1,4,128,1,13,0.001,0.48541014385409653,0.5320092737674713,0.26881604199297726
n4_d128_r1,4,128,1,14,0.001,0.4835761704016477,0.5318171679973602,0.3037349170190282
n4_d128_r1,4,128,1,15,0.001,0.48199849482625723,0.5318293869495392,0.28197295899735764
n4_d128_r1,4,128,1,16,0.001,0.4810895388945937,0.53293077647686,0.26741675002267584
n4_d128_r1,4,128,1,17,0.001,0.4797843305859715,0.5338190346956253,0.26597395801218227
n4_d128_r1,4,128,1,18,0.001,0.4788717778865248,0.5334399938583374,0.26678025000728667
n4_d128_r1,4,128,1,19,0.001,0.47731321630999446,0.5363654047250748,0.2597536669927649
n4_d128_r1,4,128,1,20,0.001,0.4770019236020744,0.5343102663755417,0.25786354098818265
n4_d128_r1,4,128,1,21,0.0005,0.47327796439640224,0.5337644815444946,0.25690070798736997
n4_d128_r1,4,128,1,22,0.0005,0.4725839332677424,0.5337577909231186,0.29546337499050424
n4_d128_r1,4,128,1,23,0.0005,0.4723378922790289,0.536037489771843,0.2823866250109859
n4_d128_r1,4,128,1,24,0.0005,0.471696121385321,0.5354878306388855,0.25724483298836276
n4_d128_r1,4,128,1,25,0.0005,0.47122159507125616,0.5357718914747238,0.2585835829959251
n4_d128_r1,4,128,1,26,0.0005,0.47093666857108474,0.536113828420639,0.2663405839994084
n4_d128_r1,4,128,1,27,0.0005,0.4705700173508376,0.5360792577266693,0.2974073750083335
n4_d128_r1,4,128,1,28,0.0005,0.47001955937594175,0.5359752923250198,0.2977332500158809
n4_d128_r1,4,128,1,29,0.00025,0.4683537487871945,0.5367978513240814,0.2939055000024382
n4_d128_r1,4,128,1,30,0.00025,0.4678965066559613,0.5363219976425171,0.328002333000768
n4_d128_r1,4,128,1,31,0.00025,0.4678541871253401,0.5371536016464233,0.3000299579871353
n4_d128_r1,4,128,1,32,0.00025,0.46767996926791966,0.5374403595924377,0.3051533749967348
n4_d256_r1,4,256,1,1,0.001,0.8558278819546103,0.6393293291330338,0.31049733399413526
n4_d256_r1,4,256,1,2,0.001,0.563539054710418,0.5780668556690216,0.31785220801248215
n4_d256_r1,4,256,1,3,0.001,0.5213938504457474,0.56758913397789,0.26953687498462386
n4_d256_r1,4,256,1,4,0.001,0.4994513145647943,0.5607075244188309,0.2808517910016235
n4_d256_r1,4,256,1,5,0.001,0.48541701561771333,0.5560271143913269,0.2617441250185948
n4_d256_r1,4,256,1,6,0.001,0.47476483951322734,0.5565262287855148,0.3225709160033148
n4_d256_r1,4,256,1,7,0.001,0.4654895537532866,0.5551415532827377,0.2701396670017857
n4_d256_r1,4,256,1,8,0.001,0.45796695398166776,0.555729016661644,0.272622082993621
n4_d256_r1,4,256,1,9,0.001,0.45176725601777434,0.5584443658590317,0.25916445898474194
n4_d256_r1,4,256,1,10,0.001,0.445242824498564,0.5644174963235855,0.2633610420161858
n4_d256_r1,4,256,1,11,0.001,0.4393143653869629,0.5676576942205429,0.3179155839898158
n4_d256_r1,4,256,1,12,0.001,0.43423444614745677,0.5738073140382767,0.28084525000303984
n4_d256_r1,4,256,1,13,0.001,0.42844125418923795,0.5778576582670212,0.2846920419833623
n4_d256_r1,4,256,1,14,0.001,0.4243782409466803,0.5835699737071991,0.3191695839923341
n4_d256_r1,4,256,1,15,0.001,0.42003669193945825,0.5845382064580917,0.26810879199183546
n4_d256_r1,4,256,1,16,0.0005,0.40769181423820555,0.5878051966428757,0.28345508300117217
n4_d256_r1,4,256,1,17,0.0005,0.4041118728928268,0.591383159160614,0.278237958002137
n4_d256_r1,4,256,1,18,0.0005,0.40190777252428234,0.595943033695221,0.265038084005937
n4_d256_r1,4,256,1,19,0.0005,0.39964049914851785,0.5982339531183243,0.2587168749887496
n4_d256_r1,4,256,1,20,0.0005,0.397486237809062,0.602617621421814,0.29444462500396185
n4_d256_r1,4,256,1,21,0.0005,0.3954330689739436,0.6067908704280853,0.27464966700063087
n4_d256_r1,4,256,1,22,0.0005,0.3936996744014323,0.6088652163743973,0.33312875000410713
n4_d256_r1,4,256,1,23,0.0005,0.3916648947633803,0.6112445145845413,0.2861248340050224
n4_d256_r1,4,256,1,24,0.00025,0.38551356946118176,0.6120766401290894,0.27595445900806226
n4_d256_r1,4,256,1,25,0.00025,0.3841834713239223,0.6141152679920197,0.29127362501458265
n4_d256_r1,4,256,1,26,0.00025,0.38320844038389623,0.6158462464809418,0.2856979170173872
n4_d256_r1,4,256,1,27,0.00025,0.382181981112808,0.6181762963533401,0.26984783401712775
n4_d512_r1,4,512,1,1,0.001,0.8677026322111487,0.642450675368309,0.35527691699098796
n4_d512_r1,4,512,1,2,0.001,0.5380759206600487,0.582795113325119,0.3819738340098411
n4_d512_r1,4,512,1,3,0.001,0.4687107098288834,0.5794475972652435,0.33287237500189804
n4_d512_r1,4,512,1,4,0.001,0.4271199181675911,0.5846139639616013,0.35066308302339166
n4_d512_r1,4,512,1,5,0.001,0.3927152988035232,0.5990481525659561,0.33366433400078677
n4_d512_r1,4,512,1,6,0.001,0.3604895076714456,0.617831289768219,0.3501272499852348
n4_d512_r1,4,512,1,7,0.001,0.33219459326937795,0.6340969800949097,0.3497260420117527
n4_d512_r1,4,512,1,8,0.001,0.30459092662204057,0.6503781378269196,0.37742175001767464
n4_d512_r1,4,512,1,9,0.001,0.27899665012955666,0.6820856332778931,0.36124949998338707
n4_d512_r1,4,512,1,10,0.001,0.2564770270837471,0.6960242837667465,0.40232979200663976
n4_d512_r1,4,512,1,11,0.001,0.2369895854499191,0.7262942492961884,0.34328575001563877
n4_d512_r1,4,512,1,12,0.0005,0.19731680990662426,0.7351125031709671,0.35039237499586307
n4_d512_r1,4,512,1,13,0.0005,0.18335079331882298,0.755095049738884,0.3471223750093486
n4_d512_r1,4,512,1,14,0.0005,0.17466259375214577,0.774743065237999,0.3497607499884907
n4_d512_r1,4,512,1,15,0.0005,0.16663552215322852,0.7773117125034332,0.34158675000071526
n4_d512_r1,4,512,1,16,0.0005,0.15983736922498792,0.7944647371768951,0.33485545800067484
n4_d512_r1,4,512,1,17,0.0005,0.15344195842044428,0.8105675578117371,0.34317445900524035
n4_d512_r1,4,512,1,18,0.0005,0.14700737176463008,0.8171384185552597,0.4169178329757415
n4_d512_r1,4,512,1,19,0.0005,0.14171453198650852,0.8306522071361542,0.36624275002395734
n4_d512_r1,4,512,1,20,0.00025,0.12525373563403264,0.8362974971532822,0.35276720800902694
n4_d512_r1,4,512,1,21,0.00025,0.12094703188631684,0.8471457958221436,0.33492104199831374
n4_d512_r1,4,512,1,22,0.00025,0.11843764339573681,0.8568955659866333,0.34581320799770765
n4_d512_r1,4,512,1,23,0.00025,0.11597085068933666,0.8604912906885147,0.35110016699763946
n4_d1024_r1,4,1024,1,1,0.001,0.8215511508751661,0.6138305068016052,0.38478533300803974
n4_d1024_r1,4,1024,1,2,0.001,0.4570731401909143,0.6006133854389191,0.33437737499480136
n4_d1024_r1,4,1024,1,3,0.001,0.3367061510216445,0.6359373331069946,0.42878458299674094
n4_d1024_r1,4,1024,1,4,0.001,0.24029124388471246,0.6818111538887024,0.3393539579992648
n4_d1024_r1,4,1024,1,5,0.001,0.16235404217150062,0.725506603717804,0.35707158301374875
n4_d1024_r1,4,1024,1,6,0.001,0.10533727507572621,0.7578736394643784,0.35747695801546797
n4_d1024_r1,4,1024,1,7,0.001,0.0683534907293506,0.7773173153400421,0.33829195899306796
n4_d1024_r1,4,1024,1,8,0.001,0.04615223381551914,0.7910753488540649,0.38452279099146836
n4_d1024_r1,4,1024,1,9,0.001,0.03241216093010735,0.7996446341276169,0.36808037498849444
n4_d1024_r1,4,1024,1,10,0.001,0.025582792892237194,0.8036383539438248,0.40904745800071396
n4_d1024_r1,4,1024,1,11,0.0005,0.01691202107758727,0.7965383380651474,0.37400304098264314
n4_d1024_r1,4,1024,1,12,0.0005,0.0056852762500057,0.7979370951652527,0.40614070900483057
n4_d1024_r1,4,1024,1,13,0.0005,0.002747227872532676,0.8022155612707138,0.36011216600309126
n4_d1024_r1,4,1024,1,14,0.0005,0.0016261969976767432,0.8045201301574707,0.35878941699047573
n4_d1024_r1,4,1024,1,15,0.0005,0.0010629658568177547,0.8063844591379166,0.3644105839775875
n4_d1024_r1,4,1024,1,16,0.0005,0.0007354417871283658,0.8070111125707626,0.3566962089971639
n4_d1024_r1,4,1024,1,17,0.0005,0.0005440134505079186,0.8079735934734344,0.358100084005855
n4_d1024_r1,4,1024,1,18,0.0005,0.0004354158070327685,0.8090260773897171,0.4326503339980263
n4_d1024_r1,4,1024,1,19,0.00025,0.0002971201573700455,0.8093445599079132,0.44112691600457765
n4_d1024_r1,4,1024,1,20,0.00025,0.00013094099693944372,0.8097037374973297,0.4397803339816164
n4_d1024_r1,4,1024,1,21,0.00025,8.76746693450059e-05,0.8100710064172745,0.3576626660069451
n4_d1024_r1,4,1024,1,22,0.00025,6.705718898558644e-05,0.8101839125156403,0.33653270901413634
n4_d2048_r1,4,2048,1,1,0.001,0.7918510818853974,0.6450502872467041,0.40980304099502973
n4_d2048_r1,4,2048,1,2,0.001,0.3129953509196639,0.6744274944067001,0.4327781669853721
n4_d2048_r1,4,2048,1,3,0.001,0.12349506007740274,0.7029711604118347,0.4265107910032384
n4_d2048_r1,4,2048,1,4,0.001,0.04812220431631431,0.6896985918283463,0.49134091698215343
n4_d2048_r1,4,2048,1,5,0.001,0.03297575353644788,0.688960000872612,0.45117508398834616
n4_d2048_r1,4,2048,1,6,0.001,0.03139849196304567,0.6849162727594376,0.4230994160170667
n4_d2048_r1,4,2048,1,7,0.001,0.03282071325520519,0.6833546161651611,0.41344658299931325
n4_d2048_r1,4,2048,1,8,0.001,0.03405358527379576,0.6723694652318954,0.39646062499377877
n4_d2048_r1,4,2048,1,9,0.001,0.03480518200376537,0.6715046465396881,0.4657762080023531
n4_d2048_r1,4,2048,1,10,0.0005,0.0270767422625795,0.6546118706464767,0.4295435000094585
n4_d2048_r1,4,2048,1,11,0.0005,0.005112250059028156,0.6571206450462341,0.4005644170101732
n4_d2048_r1,4,2048,1,12,0.0005,0.0012591249710567354,0.6557754576206207,0.44880866701714694
n4_d2048_r1,4,2048,1,13,0.0005,0.0003531377547005832,0.656049832701683,0.38274970900965855
n4_d2048_r1,4,2048,1,14,0.0005,0.00011606011435105756,0.6559712439775467,0.3774860839766916
n4_d2048_r1,4,2048,1,15,0.0005,4.880190451217459e-05,0.6561939567327499,0.41242837501340546
n4_d2048_r1,4,2048,1,16,0.0005,2.6411755285948857e-05,0.6560691446065903,0.3856961250130553
n4_d2048_r1,4,2048,1,17,0.0005,1.871252201368634e-05,0.6560766994953156,0.43745600001420826
n4_d2048_r1,4,2048,1,18,0.00025,1.4678332156847773e-05,0.6559828668832779,0.3853257080190815
n4_d2048_r1,4,2048,1,19,0.00025,2.502353209088426e-06,0.6559836864471436,0.4256489159888588
n4_d2048_r1,4,2048,1,20,0.00025,6.658706848128304e-07,0.6560049653053284,0.47731920902151614
n4_d2048_r1,4,2048,1,21,0.00025,2.173375026059965e-07,0.6560095846652985,0.4708531250071246
n4_d4096_r1,4,4096,1,1,0.001,0.8690094025805593,0.7060441672801971,0.6586072920181323
n4_d4096_r1,4,4096,1,2,0.001,0.4076358841266483,0.644918754696846,0.6471603340178262
n4_d4096_r1,4,4096,1,3,0.001,0.13738940336043015,0.641016498208046,0.6201673329924233
n4_d4096_r1,4,4096,1,4,0.001,0.05677494572591968,0.6328001320362091,0.6516969589865766
n4_d4096_r1,4,4096,1,5,0.001,0.03982650193211157,0.6336876153945923,0.6303585830028169
n4_d4096_r1,4,4096,1,6,0.001,0.030653208930743858,0.6301633268594742,0.6476039170229342
n4_d4096_r1,4,4096,1,7,0.001,0.0264562806696631,0.6256666928529739,0.5886600000085309
n4_d4096_r1,4,4096,1,8,0.001,0.02476201340323314,0.6245459020137787,0.6133374999917578
n4_d4096_r1,4,4096,1,9,0.001,0.024696120817679912,0.6191457957029343,0.5725055419898126
n4_d4096_r1,4,4096,1,10,0.001,0.024816076591378078,0.6266132146120071,0.629170250002062
n4_d4096_r1,4,4096,1,11,0.001,0.024931697349529713,0.6278349310159683,0.5609993340040091
n4_d4096_r1,4,4096,1,12,0.001,0.02449572319164872,0.6182817220687866,0.5699424580088817
n4_d4096_r1,4,4096,1,13,0.001,0.023984288098290563,0.6234505623579025,0.6033651249890681
n4_d4096_r1,4,4096,1,14,0.001,0.023431513473042287,0.6248126477003098,0.6825771250005346
n4_d4096_r1,4,4096,1,15,0.001,0.022612920773099177,0.6200469434261322,0.6865300839999691
n4_d4096_r1,4,4096,1,16,0.001,0.022471977121313103,0.6207601428031921,0.6530692079977598
n4_d4096_r1,4,4096,1,17,0.001,0.022493581811431795,0.6172617226839066,0.5952527499757707
n4_d4096_r1,4,4096,1,18,0.001,0.021407459425972775,0.6203435361385345,0.6039261250116397
n4_d4096_r1,4,4096,1,19,0.001,0.02038546552648768,0.6168265789747238,0.5873702079989016
n4_d4096_r1,4,4096,1,20,0.001,0.01893551371904323,0.6171471476554871,0.5724072089942638
n4_d4096_r1,4,4096,1,21,0.001,0.01782062063284684,0.6170378774404526,0.6301553749945015
n4_d4096_r1,4,4096,1,22,0.001,0.017350473208352923,0.6131938695907593,0.587890333001269
n4_d4096_r1,4,4096,1,23,0.001,0.016946563686360605,0.6157800704240799,0.590446709014941
n4_d4096_r1,4,4096,1,24,0.001,0.01683600379328709,0.6155912131071091,0.5799042080179788
n4_d4096_r1,4,4096,1,25,0.001,0.017717206341330893,0.6164449751377106,0.562528749986086
n4_d4096_r1,4,4096,1,26,0.001,0.017912171650095843,0.6132255345582962,0.5679413749894593
n4_d4096_r1,4,4096,1,27,0.001,0.017348155452054925,0.61441570520401,0.5629381669859868
n4_d4096_r1,4,4096,1,28,0.001,0.017043160514731426,0.6182587146759033,0.5697920419916045
n4_d4096_r1,4,4096,1,29,0.001,0.017000463529257104,0.6127459704875946,0.5553747090161778
n4_d4096_r1,4,4096,1,30,0.001,0.016802093559817877,0.6144067794084549,0.6354471250087954
n4_d4096_r1,4,4096,1,31,0.001,0.016447108595457394,0.610895425081253,0.6261628750071395
n4_d4096_r1,4,4096,1,32,0.001,0.016091761033749208,0.6164030581712723,0.6025074580102228
n4_d4096_r1,4,4096,1,33,0.001,0.015231492143357173,0.6115524172782898,0.6215910000028089
n4_d4096_r1,4,4096,1,34,0.001,0.014833039538643789,0.6141451746225357,0.6070304170134477
n4_d4096_r1,4,4096,1,35,0.001,0.014989729541412089,0.6118393242359161,0.5895439590094611
n4_d4096_r1,4,4096,1,36,0.001,0.014323086987133138,0.6127668023109436,0.6497222089965362
n4_d4096_r1,4,4096,1,37,0.001,0.013728484023886267,0.6139870584011078,0.6569852090033237
n4_d4096_r1,4,4096,1,38,0.001,0.013675905938725919,0.6127892285585403,0.5608394999871962
n4_d4096_r1,4,4096,1,39,0.001,0.013500905988621525,0.6101013720035553,0.5574629580078181
n4_d4096_r1,4,4096,1,40,0.001,0.01334730589587707,0.6164490878582001,0.6068043340055738
n4_d4096_r1,4,4096,1,41,0.001,0.013473275117576122,0.6151039749383926,0.6456765829934739
n4_d4096_r1,4,4096,1,42,0.001,0.013447105578961782,0.6126810759305954,0.6096008330059703
n4_d4096_r1,4,4096,1,43,0.001,0.013128931364917662,0.6137735843658447,0.5872141669970006
n4_d4096_r1,4,4096,1,44,0.001,0.012945666385348886,0.6138363778591156,0.5735690410074312
n4_d4096_r1,4,4096,1,45,0.001,0.012447095723473467,0.6141115725040436,0.6221304170030635
n4_d4096_r1,4,4096,1,46,0.001,0.012041628462611698,0.6105964183807373,0.5871945419930853
n4_d4096_r1,4,4096,1,47,0.001,0.011863014580740128,0.6105808466672897,0.5615134580002632
n4_d4096_r1,4,4096,1,48,0.0005,0.009716148975712713,0.6075242608785629,0.5764187500171829
n4_d4096_r1,4,4096,1,49,0.0005,0.0014662183225482295,0.6064474582672119,0.5774744579975959
n4_d4096_r1,4,4096,1,50,0.0005,0.0002829487632425298,0.6064355075359344,0.5722334169840906
n4_d4096_r1,4,4096,1,51,0.0005,6.544936951513591e-05,0.6065092384815216,0.6078024170128629
n4_d4096_r1,4,4096,1,52,0.0005,1.7100870451258743e-05,0.6065221577882767,0.5876695830083918
n4_d4096_r1,4,4096,1,53,0.0005,5.720134666375998e-06,0.6065110713243484,0.6406270829902496
n4_d4096_r1,4,4096,1,54,0.0005,2.447442765785013e-06,0.6065422594547272,0.5903842919797171
n4_d4096_r1,4,4096,1,55,0.0005,1.3778038496781164e-06,0.6065342575311661,0.603332708007656
n4_d4096_r1,4,4096,1,56,0.0005,1.0914112333892945e-06,0.6065345704555511,0.5711241670069285
n4_d4096_r1,4,4096,1,57,0.0005,1.2932273207866274e-06,0.6065298914909363,0.5720382500148844
n4_d4096_r1,4,4096,1,58,0.0005,2.1019356513107823e-06,0.6065283566713333,0.5711946249939501
n4_d4096_r1,4,4096,1,59,0.00025,3.4292929855794796e-06,0.6065297275781631,0.561522292002337
n4_d4096_r1,4,4096,1,60,0.00025,6.435466595178241e-07,0.6065332144498825,0.5700177079997957
n4_d4096_r1,4,4096,1,61,0.00025,2.0267990097355693e-07,0.6065436899662018,0.600764667004114
n4_d4096_r1,4,4096,1,62,0.00025,6.759446836979155e-08,0.6065387725830078,0.5652091660012957
n4_d4096_r1,4,4096,1,63,0.00025,2.7993458308339658e-08,0.6065388470888138,0.566933499998413
n4_d4096_r1,4,4096,1,64,0.00025,1.830820459125526e-08,0.606539860367775,0.5627837080101017
n4_d4096_r1,4,4096,1,65,0.00025,1.8850256928298892e-08,0.6065384149551392,0.5618936669779941
n4_d4096_r1,4,4096,1,66,0.00025,2.443566676779696e-08,0.6065405011177063,0.5573680000088643
n4_d4096_r1,4,4096,1,67,0.000125,3.094539453157852e-08,0.6065362691879272,0.5619384580058977
n4_d4096_r1,4,4096,1,68,0.000125,5.857800427881699e-09,0.6065399795770645,0.5620129589806311
n4_d4096_r1,4,4096,1,69,0.000125,1.4438141108033542e-09,0.6065392345190048,0.5976952499768231
n4_d4096_r1,4,4096,1,70,0.000125,4.638852753530501e-10,0.606539323925972,0.5756279999914113
n4_d64_r2,4,64,2,1,0.001,0.894821762572974,0.7220360636711121,0.2588434170174878
n4_d64_r2,4,64,2,2,0.001,0.642696589929983,0.600227028131485,0.24899216700578108
n4_d64_r2,4,64,2,3,0.001,0.5774450802709907,0.5711291879415512,0.24864766700193286
n4_d64_r2,4,64,2,4,0.001,0.5559788157697767,0.5555962324142456,0.24725116699119098
n4_d64_r2,4,64,2,5,0.001,0.5414926027879119,0.5428919047117233,0.24769558300613426
n4_d64_r2,4,64,2,6,0.001,0.5300370608456433,0.5330672264099121,0.24751858398667537
n4_d64_r2,4,64,2,7,0.001,0.5208771249745041,0.5251125395298004,0.2479535420134198
n4_d64_r2,4,64,2,8,0.001,0.5137702401261777,0.5181844979524612,0.24729070797911845
n4_d64_r2,4,64,2,9,0.001,0.508946547517553,0.5144906342029572,0.28582437499426305
n4_d64_r2,4,64,2,10,0.001,0.5060073598288,0.5124393776059151,0.24527775001479313
n4_d64_r2,4,64,2,11,0.001,0.5037123300135136,0.5108834058046341,0.24512624999624677
n4_d64_r2,4,64,2,12,0.001,0.5022621098905802,0.509551577270031,0.24824866699054837
n4_d64_r2,4,64,2,13,0.001,0.5009675323963165,0.5085661336779594,0.24830445801489986
n4_d64_r2,4,64,2,14,0.001,0.5002653738483787,0.5078265964984894,0.24531983298948035
n4_d64_r2,4,64,2,15,0.001,0.4994991833809763,0.5068749338388443,0.24579491699114442
n4_d64_r2,4,64,2,16,0.001,0.4988820448052138,0.5072199702262878,0.28112704199156724
n4_d64_r2,4,64,2,17,0.001,0.4984528215136379,0.5065074265003204,0.25129529199330136
n4_d64_r2,4,64,2,18,0.001,0.4979816435370594,0.5061179473996162,0.2503665840195026
n4_d64_r2,4,64,2,19,0.001,0.4976830086670816,0.5061403065919876,0.2526030000008177
n4_d64_r2,4,64,2,20,0.001,0.4973904152866453,0.506350077688694,0.253623916010838
n4_d64_r2,4,64,2,21,0.001,0.49704432068392634,0.5064286291599274,0.24979608398280106
n4_d64_r2,4,64,2,22,0.001,0.4967642950359732,0.5058999583125114,0.24512070801574737
n4_d64_r2,4,64,2,23,0.001,0.49655762361362576,0.5056202188134193,0.25214483300806023
n4_d64_r2,4,64,2,24,0.001,0.496401094365865,0.5055450350046158,0.29300245799822733
n4_d64_r2,4,64,2,25,0.001,0.49622399010695517,0.5052356347441673,0.24847983301151544
n4_d64_r2,4,64,2,26,0.001,0.49602105328813195,0.5057411715388298,0.24646545900031924
n4_d64_r2,4,64,2,27,0.001,0.49600239540450275,0.5051162391901016,0.251603457989404
n4_d64_r2,4,64,2,28,0.001,0.4956518963444978,0.5045545473694801,0.24617079200106673
n4_d64_r2,4,64,2,29,0.001,0.49562993715517223,0.5053686499595642,0.24629604199435562
n4_d64_r2,4,64,2,30,0.001,0.4952848460525274,0.5051655992865562,0.24621787498472258
n4_d64_r2,4,64,2,31,0.001,0.4955169514287263,0.5052556842565536,0.2446331669925712
n4_d64_r2,4,64,2,32,0.001,0.4952664407901466,0.5049297586083412,0.2836668750096578
n4_d64_r2,4,64,2,33,0.001,0.4949824414215982,0.5046574920415878,0.24999149999348447
n4_d64_r2,4,64,2,34,0.001,0.4948837007395923,0.5047356113791466,0.24474904098315164
n4_d64_r2,4,64,2,35,0.001,0.4952120266389102,0.5051043406128883,0.2450589999789372
n4_d64_r2,4,64,2,36,0.001,0.4947207039222121,0.5041396617889404,0.2501541250094306
n4_d64_r2,4,64,2,37,0.001,0.4946428081020713,0.5047063753008842,0.2468883750261739
n4_d64_r2,4,64,2,38,0.001,0.4944881396368146,0.5039142742753029,0.24701529098092578
n4_d64_r2,4,64,2,39,0.001,0.4944772054441273,0.5051148608326912,0.24579058401286602
n4_d64_r2,4,64,2,40,0.001,0.49458551313728094,0.5039434805512428,0.2826475420151837
n4_d64_r2,4,64,2,41,0.001,0.494182858383283,0.5038235858082771,0.24780320801073685
n4_d64_r2,4,64,2,42,0.001,0.4940900066867471,0.5045529156923294,0.24495616697822697
n4_d64_r2,4,64,2,43,0.001,0.49383751349523664,0.5046527683734894,0.24527304101502523
n4_d64_r2,4,64,2,44,0.001,0.49385667219758034,0.5038138329982758,0.24438099999679253
n4_d64_r2,4,64,2,45,0.001,0.49374145991168916,0.5043496489524841,0.24476900001172908
n4_d64_r2,4,64,2,46,0.001,0.4936097657773644,0.503806434571743,0.24433879199204966
n4_d64_r2,4,64,2,47,0.001,0.4935616394504905,0.5043360441923141,0.2438585000054445
n4_d64_r2,4,64,2,48,0.001,0.49363624956458807,0.5039673894643784,0.2849513340042904
n4_d64_r2,4,64,2,49,0.001,0.4932549449149519,0.5045080110430717,0.24481116599054076
n4_d64_r2,4,64,2,50,0.001,0.4933661804534495,0.5043505430221558,0.2445324169821106
n4_d64_r2,4,64,2,51,0.001,0.4932248729746789,0.5042591765522957,0.24332791601773351
n4_d64_r2,4,64,2,52,0.001,0.49301083851605654,0.5044696107506752,0.2450627080106642
n4_d64_r2,4,64,2,53,0.001,0.4930539894849062,0.5044595673680305,0.24326324998401105
n4_d64_r2,4,64,2,54,0.001,0.49312384286895394,0.5044757649302483,0.24403091700514778
n4_d64_r2,4,64,2,55,0.0005,0.4918690116610378,0.504243440926075,0.24378183399676345
n4_d64_r2,4,64,2,56,0.0005,0.49186097807250917,0.5041267275810242,0.28501191598479636
n4_d64_r2,4,64,2,57,0.0005,0.49175336700864136,0.50432088971138,0.24488625000230968
n4_d64_r2,4,64,2,58,0.0005,0.4917548520024866,0.5041263550519943,0.24276308401022106
n4_d64_r2,4,64,2,59,0.0005,0.4917514859698713,0.5042767152190208,0.24475708298268728
n4_d64_r2,4,64,2,60,0.0005,0.4917053037788719,0.5041424483060837,0.246572541014757
n4_d64_r2,4,64,2,61,0.0005,0.49172892654314637,0.5042873695492744,0.24402104198816232
n4_d64_r2,4,64,2,62,0.0005,0.4916663009207696,0.5041712895035744,0.2452016249881126
n4_d64_r2,4,64,2,63,0.00025,0.4910736770834774,0.5043162256479263,0.2967049579892773
n4_d64_r2,4,64,2,64,0.00025,0.49095217464491725,0.5043942257761955,0.2858998749870807
n4_d64_r2,4,64,2,65,0.00025,0.4910252718254924,0.5044348016381264,0.25769229099387303
n4_d64_r2,4,64,2,66,0.00025,0.49098762427456677,0.5044095665216446,0.25221808400237933
n4_d128_r2,4,128,2,1,0.001,1.0934564680792391,0.72808738052845,0.2601889579964336
n4_d128_r2,4,128,2,2,0.001,0.6411057754885405,0.5830605626106262,0.2981477090215776
n4_d128_r2,4,128,2,3,0.001,0.5628089122474194,0.5557050853967667,0.28281979099847376
n4_d128_r2,4,128,2,4,0.001,0.5383590674027801,0.5424419492483139,0.2608643339772243
n4_d128_r2,4,128,2,5,0.001,0.5229715034365654,0.5326995253562927,0.3034139169903938
n4_d128_r2,4,128,2,6,0.001,0.5125479786656797,0.5259106010198593,0.2640825000125915
n4_d128_r2,4,128,2,7,0.001,0.5049916477873921,0.5226944535970688,0.2598031249945052
n4_d128_r2,4,128,2,8,0.001,0.5004483978264034,0.5189631432294846,0.25461916701169685
n4_d128_r2,4,128,2,9,0.001,0.49673362099565566,0.5174389109015465,0.2553979999793228
n4_d128_r2,4,128,2,10,0.001,0.4938973591197282,0.5174034535884857,0.2558670830039773
n4_d128_r2,4,128,2,11,0.001,0.49192009097896516,0.517148956656456,0.2557527089957148
n4_d128_r2,4,128,2,12,0.001,0.489696302684024,0.5157198533415794,0.29931024997495115
n4_d128_r2,4,128,2,13,0.001,0.48788724979385734,0.5165442079305649,0.26893979200394824
n4_d128_r2,4,128,2,14,0.001,0.4864420206286013,0.5162232667207718,0.3914293340058066
n4_d128_r2,4,128,2,15,0.001,0.48492016620002687,0.5162921324372292,0.35960358299780637
n4_d128_r2,4,128,2,16,0.001,0.4836275205016136,0.5187899023294449,0.4128586250008084
n4_d128_r2,4,128,2,17,0.001,0.4822383827995509,0.5183305367827415,0.27904529101215303
n4_d128_r2,4,128,2,18,0.001,0.48097442789003253,0.519333653151989,0.25667154099210165
n4_d128_r2,4,128,2,19,0.001,0.47987419413402677,0.5193780958652496,0.25600479199783877
n4_d128_r2,4,128,2,20,0.001,0.47886890009976923,0.5197586491703987,0.35825862499768846
n4_d128_r2,4,128,2,21,0.0005,0.47528812289237976,0.5193618685007095,0.2704217080026865
n4_d128_r2,4,128,2,22,0.0005,0.47452697553671896,0.5202968418598175,0.26002570800483227
n4_d128_r2,4,128,2,23,0.0005,0.4739970378577709,0.5205286666750908,0.2583098750037607
n4_d128_r2,4,128,2,24,0.0005,0.47348295291885734,0.5202447697520256,0.26158454100368544
n4_d128_r2,4,128,2,25,0.0005,0.473107275320217,0.5210822820663452,0.26254237501416355
n4_d128_r2,4,128,2,26,0.0005,0.4727040803991258,0.521553173661232,0.26756545799435116
n4_d128_r2,4,128,2,27,0.0005,0.47236057184636593,0.5215903073549271,0.26481887497357093
n4_d128_r2,4,128,2,28,0.0005,0.47195716574788094,0.5224244594573975,0.3178257920080796
n4_d128_r2,4,128,2,29,0.00025,0.47001791722141206,0.5221234634518623,0.2769059580168687
n4_d128_r2,4,128,2,30,0.00025,0.469783129170537,0.5228598266839981,0.2714815420040395
n4_d128_r2,4,128,2,31,0.00025,0.46956686908379197,0.5222186893224716,0.3021369579946622
n4_d128_r2,4,128,2,32,0.00025,0.46937878825701773,0.5227219015359879,0.3047395420144312
n4_d256_r2,4,256,2,1,0.001,0.8341787056997418,0.6113439500331879,0.27557795800385065
n4_d256_r2,4,256,2,2,0.001,0.5612536317203194,0.5602909028530121,0.27681320800911635
n4_d256_r2,4,256,2,3,0.001,0.522101970622316,0.5485747307538986,0.284887791989604
n4_d256_r2,4,256,2,4,0.001,0.5011530257761478,0.5400474816560745,0.32332108297850937
n4_d256_r2,4,256,2,5,0.001,0.4874170746188611,0.5374925434589386,0.27706058401963674
n4_d256_r2,4,256,2,6,0.001,0.4767173680011183,0.5381996780633926,0.2685360409959685
n4_d256_r2,4,256,2,7,0.001,0.46864644275046885,0.5381194725632668,0.27457458298886195
n4_d256_r2,4,256,2,8,0.001,0.4612209857441485,0.5395475476980209,0.2693838340055663
n4_d256_r2,4,256,2,9,0.001,0.4543295125477016,0.5425206571817398,0.26185387501027435
n4_d256_r2,4,256,2,10,0.001,0.448524845065549,0.5470485687255859,0.2693175829772372
n4_d256_r2,4,256,2,11,0.001,0.4422969629522413,0.5545634925365448,0.26229187499848194
n4_d256_r2,4,256,2,12,0.001,0.4362046292517334,0.557696595788002,0.30954083299729973
n4_d256_r2,4,256,2,13,0.001,0.4303051228635013,0.5620579570531845,0.258545792021323
n4_d256_r2,4,256,2,14,0.0005,0.4191316750366241,0.5651697069406509,0.2724639579828363
n4_d256_r2,4,256,2,15,0.0005,0.4155092746950686,0.5706554353237152,0.2605529580032453
n4_d256_r2,4,256,2,16,0.0005,0.4124322154093534,0.5725574940443039,0.26381104200845584
n4_d256_r2,4,256,2,17,0.0005,0.41022152872756124,0.5779859870672226,0.261580332997255
n4_d256_r2,4,256,2,18,0.0005,0.407580116763711,0.5793790221214294,0.2658090830082074
n4_d256_r2,4,256,2,19,0.0005,0.4053531512618065,0.5832790434360504,0.27482599997892976
n4_d256_r2,4,256,2,20,0.0005,0.40301042958162725,0.5861237794160843,0.46393887500744313
n4_d256_r2,4,256,2,21,0.0005,0.4004962146282196,0.5890095978975296,0.4415408749773633
n4_d256_r2,4,256,2,22,0.00025,0.39396745106205344,0.5917302817106247,0.35141741699771956
n4_d256_r2,4,256,2,23,0.00025,0.3924290263094008,0.5933274179697037,0.35253495900542475
n4_d256_r2,4,256,2,24,0.00025,0.3913314191158861,0.5959899872541428,0.2943470840109512
n4_d256_r2,4,256,2,25,0.00025,0.3902880330570042,0.5981200486421585,0.2754412920039613
n4_d512_r2,4,512,2,1,0.001,0.8508666744455695,0.6194202154874802,0.3320390410081018
n4_d512_r2,4,512,2,2,0.001,0.5412164032459259,0.5779811143875122,0.35531574999913573
n4_d512_r2,4,512,2,3,0.001,0.47213884396478534,0.5716171562671661,0.31568687499384396
n4_d512_r2,4,512,2,4,0.001,0.4303237656131387,0.5727396607398987,0.3147529999841936
n4_d512_r2,4,512,2,5,0.001,0.3967940607108176,0.5885691195726395,0.3158037920075003
n4_d512_r2,4,512,2,6,0.001,0.36496173962950706,0.6096053123474121,0.3747374590020627
n4_d512_r2,4,512,2,7,0.001,0.335433833533898,0.6314882636070251,0.3598757919971831
n4_d512_r2,4,512,2,8,0.001,0.30883677513338625,0.6577101051807404,0.34147191600641236
n4_d512_r2,4,512,2,9,0.001,0.2832675591344014,0.6848629117012024,0.336495666007977
n4_d512_r2,4,512,2,10,0.001,0.2579640345647931,0.7033372670412064,0.3706359160132706
n4_d512_r2,4,512,2,11,0.001,0.2378531649010256,0.7399184852838516,0.335846792004304
n4_d512_r2,4,512,2,12,0.0005,0.1973406170727685,0.7491772174835205,0.3548667919822037
n4_d512_r2,4,512,2,13,0.0005,0.1840744314249605,0.7709973007440567,0.3469392919796519
n4_d512_r2,4,512,2,14,0.0005,0.1749525872291997,0.7904430329799652,0.34747316598077305
n4_d512_r2,4,512,2,15,0.0005,0.1668240584549494,0.8041595220565796,0.3265051660127938
n4_d512_r2,4,512,2,16,0.0005,0.15968878951389343,0.8246306031942368,0.32993404200533405
n4_d512_r2,4,512,2,17,0.0005,0.1524998783133924,0.834401324391365,0.32624266602215357
n4_d512_r2,4,512,2,18,0.0005,0.14666385110467672,0.8465429991483688,0.3535842080018483
n4_d512_r2,4,512,2,19,0.0005,0.1411716899019666,0.8563373982906342,0.32826374997966923
n4_d512_r2,4,512,2,20,0.00025,0.12468043714761734,0.8709486126899719,0.4003704579954501
n4_d512_r2,4,512,2,21,0.00025,0.12063081545056775,0.8801093250513077,0.33792333299061283
n4_d512_r2,4,512,2,22,0.00025,0.11810708185657859,0.8867387771606445,0.3509038329939358
n4_d512_r2,4,512,2,23,0.00025,0.11558799969498068,0.8914984166622162,0.3607795420102775
n4_d1024_r2,4,1024,2,1,0.001,0.8104954804293811,0.6012274920940399,0.3840531670139171
n4_d1024_r2,4,1024,2,2,0.001,0.4593550688587129,0.592657208442688,0.39013450001948513
n4_d1024_r2,4,1024,2,3,0.001,0.344811292598024,0.6167728006839752,0.3388171249825973
n4_d1024_r2,4,1024,2,4,0.001,0.25392648484557867,0.6476145386695862,0.3285128340066876
n4_d1024_r2,4,1024,2,5,0.001,0.1740885948529467,0.6863086521625519,0.36821625000447966
n4_d1024_r2,4,1024,2,6,0.001,0.11537179548759013,0.7313965409994125,0.3446321669907775
n4_d1024_r2,4,1024,2,7,0.001,0.07509293005568907,0.750524491071701,0.38242754101520404
n4_d1024_r2,4,1024,2,8,0.001,0.05074584553949535,0.7520470023155212,0.3829806669964455
n4_d1024_r2,4,1024,2,9,0.001,0.03506220580311492,0.7655763179063797,0.4104024580155965
n4_d1024_r2,4,1024,2,10,0.001,0.026641966062015854,0.7667445540428162,0.4094797919970006
n4_d1024_r2,4,1024,2,11,0.0005,0.016274765504931565,0.7597526609897614,0.35282158298650756
n4_d1024_r2,4,1024,2,12,0.0005,0.005859357996087056,0.7649434059858322,0.3463188750029076
n4_d1024_r2,4,1024,2,13,0.0005,0.0031170837737590773,0.7668114304542542,0.3301411659922451
n4_d1024_r2,4,1024,2,14,0.0005,0.002010453112234245,0.7708639353513718,0.3327524999913294
n4_d1024_r2,4,1024,2,15,0.0005,0.0013764404079665837,0.7718846201896667,0.3458438339876011
n4_d1024_r2,4,1024,2,16,0.0005,0.0009979434335036785,0.7744776010513306,0.3458394579938613
n4_d1024_r2,4,1024,2,17,0.0005,0.0007535194122283428,0.775011420249939,0.3375376250187401
n4_d1024_r2,4,1024,2,18,0.0005,0.0006097330472130125,0.7765346169471741,0.39397033301065676
n4_d1024_r2,4,1024,2,19,0.00025,0.00043330328219326475,0.7769573032855988,0.3512383339984808
n4_d1024_r2,4,1024,2,20,0.00025,0.00026020643866786486,0.7769871950149536,0.3477750419988297
n4_d1024_r2,4,1024,2,21,0.00025,0.00020994534972373913,0.7774261385202408,0.33753354198415764
n4_d1024_r2,4,1024,2,22,0.00025,0.00018360366888714452,0.7776724398136139,0.33947008301038295
n4_d2048_r2,4,2048,2,1,0.001,0.8077638233080506,0.614404171705246,0.4349625000031665
n4_d2048_r2,4,2048,2,2,0.001,0.3264854741282761,0.6325217932462692,0.43909854200319387
n4_d2048_r2,4,2048,2,3,0.001,0.1359086915035732,0.6713156700134277,0.48718087500310503
n4_d2048_r2,4,2048,2,4,0.001,0.05416036184760742,0.6638023108243942,0.4392019580118358
n4_d2048_r2,4,2048,2,5,0.001,0.037211456467048265,0.6598719507455826,0.4171140840044245
n4_d2048_r2,4,2048,2,6,0.001,0.03505259622761514,0.6561097800731659,0.3721640839939937
n4_d2048_r2,4,2048,2,7,0.001,0.035714914149139076,0.6462322771549225,0.4077736249892041
n4_d2048_r2,4,2048,2,8,0.001,0.035438629929558374,0.6468857973814011,0.4086799170181621
n4_d2048_r2,4,2048,2,9,0.001,0.03361201331426855,0.6428694725036621,0.4230606670025736
n4_d2048_r2,4,2048,2,10,0.0005,0.0245382045104634,0.629835456609726,0.4143469169794116
n4_d2048_r2,4,2048,2,11,0.0005,0.004608643499523168,0.6299437880516052,0.38316187501186505
n4_d2048_r2,4,2048,2,12,0.0005,0.0011273230024926306,0.6292930394411087,0.39975695800967515
n4_d2048_r2,4,2048,2,13,0.0005,0.0003184803628073496,0.6297266930341721,0.37744604199542664
n4_d2048_r2,4,2048,2,14,0.0005,0.00010856076164600381,0.6294299960136414,0.42483787500532344
n4_d2048_r2,4,2048,2,15,0.0005,4.592448432561014e-05,0.6294702291488647,0.4400728330074344
n4_d2048_r2,4,2048,2,16,0.0005,2.497239822218944e-05,0.629635363817215,0.38573333399835974
n4_d2048_r2,4,2048,2,17,0.0005,1.7701942418568706e-05,0.6294443160295486,0.4147683340124786
n4_d2048_r2,4,2048,2,18,0.00025,1.3721979073011425e-05,0.6295917630195618,0.43237991601927206
n4_d2048_r2,4,2048,2,19,0.00025,2.723867835285887e-06,0.6295560300350189,0.39852966598118655
n4_d2048_r2,4,2048,2,20,0.00025,9.332447961085677e-07,0.6295582354068756,0.3867839580052532
n4_d2048_r2,4,2048,2,21,0.00025,4.3553696926768026e-07,0.6295617967844009,0.37378862500190735
n4_d4096_r2,4,4096,2,1,0.001,0.8813377059996128,0.7057521343231201,0.704766250011744
n4_d4096_r2,4,4096,2,2,0.001,0.35949912655632943,0.6710748374462128,0.5702203750261106
n4_d4096_r2,4,4096,2,3,0.001,0.12388932576868683,0.6587245166301727,0.5733031669806223
n4_d4096_r2,4,4096,2,4,0.001,0.0615263266954571,0.646085187792778,0.5942425419925712
n4_d4096_r2,4,4096,2,5,0.001,0.046908079442800954,0.6308383792638779,0.7088392500008922
n4_d4096_r2,4,4096,2,6,0.001,0.03549618422403,0.6330288946628571,0.6041319580108393
n4_d4096_r2,4,4096,2,7,0.001,0.029836356465239078,0.6272739171981812,0.6023380830010865
n4_d4096_r2,4,4096,2,8,0.001,0.026781330627272837,0.626137301325798,0.6114619580039289
n4_d4096_r2,4,4096,2,9,0.001,0.025215962377842516,0.6220562756061554,0.5652985000051558
n4_d4096_r2,4,4096,2,10,0.001,0.024591140725533478,0.6237359344959259,0.5696407080104109
n4_d4096_r2,4,4096,2,11,0.001,0.023959503494552337,0.6231378614902496,0.5715053339954466
n4_d4096_r2,4,4096,2,12,0.001,0.02418939134804532,0.6190945655107498,0.5646712910092901
n4_d4096_r2,4,4096,2,13,0.001,0.024345053359866142,0.6249303072690964,0.6074309170071501
n4_d4096_r2,4,4096,2,14,0.001,0.024318124473211356,0.6185666769742966,0.5790299579966813
n4_d4096_r2,4,4096,2,15,0.001,0.02382077442598529,0.6198164522647858,0.5617072909954004
n4_d4096_r2,4,4096,2,16,0.001,0.023524795382400043,0.6202594637870789,0.5841377500037197
n4_d4096_r2,4,4096,2,17,0.001,0.022291032117209397,0.6196197718381882,0.5876277499774005
n4_d4096_r2,4,4096,2,18,0.001,0.022565823717741296,0.6182234734296799,0.5788078339828644
n4_d4096_r2,4,4096,2,19,0.001,0.0214095912524499,0.6164817214012146,0.5841949169989675
n4_d4096_r2,4,4096,2,20,0.001,0.020839198070461862,0.6190190613269806,0.612071791983908
n4_d4096_r2,4,4096,2,21,0.001,0.0200590310851112,0.6100886166095734,0.6084407919843215
n4_d4096_r2,4,4096,2,22,0.001,0.018894425506005064,0.6135190576314926,0.6086535420035943
n4_d4096_r2,4,4096,2,23,0.001,0.018250954235554673,0.6093975305557251,0.594175832986366
n4_d4096_r2,4,4096,2,24,0.001,0.017756229775841348,0.6098712682723999,0.5698275839968119
n4_d4096_r2,4,4096,2,25,0.001,0.017798126580601092,0.6140388995409012,0.5814280830090865
n4_d4096_r2,4,4096,2,26,0.001,0.017950943336472847,0.6109441369771957,0.6532724590215366
n4_d4096_r2,4,4096,2,27,0.001,0.01848211418837309,0.6116770058870316,0.5879929999937303
n4_d4096_r2,4,4096,2,28,0.001,0.01880643330514431,0.6130177676677704,0.592837915988639
n4_d4096_r2,4,4096,2,29,0.001,0.01897264539002208,0.6078513115644455,0.6314339579839725
n4_d4096_r2,4,4096,2,30,0.001,0.01843773432483431,0.6068924069404602,0.5572293750010431
n4_d4096_r2,4,4096,2,31,0.001,0.017641060905589256,0.6097580641508102,0.6073537499760278
n4_d4096_r2,4,4096,2,32,0.001,0.01681263141654199,0.6100413948297501,0.6055873750010505
n4_d4096_r2,4,4096,2,33,0.001,0.016163327323738486,0.6077052503824234,0.6167358329985291
n4_d4096_r2,4,4096,2,34,0.001,0.015464182528376114,0.6048754155635834,0.6000930410227738
n4_d4096_r2,4,4096,2,35,0.001,0.014860911738651339,0.6085638403892517,0.6243445830186829
n4_d4096_r2,4,4096,2,36,0.001,0.014727328496519476,0.6077856719493866,0.5951974580239039
n4_d4096_r2,4,4096,2,37,0.001,0.01449981055338867,0.6030592024326324,0.6673185840190854
n4_d4096_r2,4,4096,2,38,0.001,0.014571850995707791,0.607143759727478,0.5817613750114106
n4_d4096_r2,4,4096,2,39,0.001,0.014374956626852509,0.604283943772316,0.5862749580119271
n4_d4096_r2,4,4096,2,40,0.001,0.014316593245894182,0.6043427139520645,0.5636670420062728
n4_d4096_r2,4,4096,2,41,0.001,0.014218926851754077,0.6049071401357651,0.6050252499990165
n4_d4096_r2,4,4096,2,42,0.001,0.014303892538009677,0.602045476436615,0.5722378749924246
n4_d4096_r2,4,4096,2,43,0.001,0.01406463095190702,0.6075333952903748,0.5790575410064775
n4_d4096_r2,4,4096,2,44,0.001,0.013757261731370818,0.604688361287117,0.637418083002558
n4_d4096_r2,4,4096,2,45,0.001,0.013661654382303823,0.6007789224386215,0.6396377500204835
n4_d4096_r2,4,4096,2,46,0.001,0.013515648897737265,0.6030198037624359,0.5941176250053104
n4_d4096_r2,4,4096,2,47,0.001,0.013368416664889082,0.6018123179674149,0.5674757499946281
n4_d4096_r2,4,4096,2,48,0.001,0.012762854486936703,0.5980187952518463,0.5876602499920409
n4_d4096_r2,4,4096,2,49,0.001,0.012620509885891806,0.6006949692964554,0.5888055840041488
n4_d4096_r2,4,4096,2,50,0.001,0.012129098096920643,0.6009593307971954,0.5880889999971259
n4_d4096_r2,4,4096,2,51,0.001,0.01163703337078914,0.5995040535926819,0.5956245000124909
n4_d4096_r2,4,4096,2,52,0.001,0.01116208906751126,0.598225012421608,0.6173165420186706
n4_d4096_r2,4,4096,2,53,0.001,0.01069913570972858,0.5986905246973038,0.5737504160206299
n4_d4096_r2,4,4096,2,54,0.001,0.010755868992418982,0.6000388711690903,0.5765766670228913
n4_d4096_r2,4,4096,2,55,0.001,0.010505884398298804,0.5995238125324249,0.5940372920013033
n4_d4096_r2,4,4096,2,56,0.001,0.010338377171137836,0.5983979254961014,0.6009773340192623
n4_d4096_r2,4,4096,2,57,0.0005,0.008714513067388907,0.5946682691574097,0.5816125829878729
n4_d4096_r2,4,4096,2,58,0.0005,0.001320564007073699,0.5943912267684937,0.5890285419882275
n4_d4096_r2,4,4096,2,59,0.0005,0.0002615612114595933,0.593971461057663,0.6443140000046697
n4_d4096_r2,4,4096,2,60,0.0005,5.9861744261979766e-05,0.5939198732376099,0.6612471250118688
n4_d4096_r2,4,4096,2,61,0.0005,1.7232875379136203e-05,0.5939302444458008,0.6161400410055649
n4_d4096_r2,4,4096,2,62,0.0005,6.713401837998845e-06,0.593977227807045,0.586022666975623
n4_d4096_r2,4,4096,2,63,0.0005,3.606528945709897e-06,0.5939744710922241,0.5906538339913823
n4_d4096_r2,4,4096,2,64,0.0005,2.808020118649779e-06,0.5939645618200302,0.593241875001695
n4_d4096_r2,4,4096,2,65,0.0005,2.7300085827519638e-06,0.5939543694257736,0.608019958017394
n4_d4096_r2,4,4096,2,66,0.0005,4.10896906544167e-06,0.593911349773407,0.5735178750182968
n4_d4096_r2,4,4096,2,67,0.0005,7.529621711910295e-06,0.5940404087305069,0.5673780840006657
n4_d4096_r2,4,4096,2,68,0.0005,1.4076002400997822e-05,0.5939307361841202,0.5988276669813786
n4_d4096_r2,4,4096,2,69,0.0005,3.067040176318869e-05,0.5938807725906372,0.5666768749943003
n4_d4096_r2,4,4096,2,70,0.0005,7.243967144177077e-05,0.5938726961612701,0.6091535839950666
n4_d4096_r2,4,4096,2,71,0.0005,0.00021004992777307052,0.5939632952213287,0.6180017500009853
n4_d4096_r2,4,4096,2,72,0.0005,0.0006468277420026425,0.5943925976753235,0.6009432910068426
n4_d4096_r2,4,4096,2,73,0.0005,0.0019461886713543208,0.5946318358182907,0.5638191670004744
n4_d4096_r2,4,4096,2,74,0.0005,0.005606085704130237,0.5979526489973068,0.5689184170041699
n4_d4096_r2,4,4096,2,75,0.0005,0.011830118346551899,0.5987261235713959,0.5645450409792829
n4_d4096_r2,4,4096,2,76,0.0005,0.014341046939080115,0.5997280776500702,0.6254022500070278
n4_d4096_r2,4,4096,2,77,0.0005,0.01011120085240691,0.5941963940858841,0.6788502499985043
n4_d4096_r2,4,4096,2,78,0.0005,0.005747925424657296,0.5966139286756516,0.5866238749877084
n4_d4096_r2,4,4096,2,79,0.00025,0.0029663991981578874,0.5927637666463852,0.5862861249770503
n4_d4096_r2,4,4096,2,80,0.00025,0.00043183783873246284,0.5927278995513916,0.5808622089971323
n4_d4096_r2,4,4096,2,81,0.00025,7.980968004517308e-05,0.592591866850853,0.6284219590015709
n4_d4096_r2,4,4096,2,82,0.00025,1.650900798466637e-05,0.5926189422607422,0.6099171670211945
n4_d4096_r2,4,4096,2,83,0.00025,3.6348362808524826e-06,0.5926302075386047,0.6116534589964431
n4_d4096_r2,4,4096,2,84,0.00025,8.012510965826891e-07,0.5926366895437241,0.6462851249962114
n4_d4096_r2,4,4096,2,85,0.00025,1.9707991272266412e-07,0.5926151722669601,0.580863541981671
n4_d4096_r2,4,4096,2,86,0.00025,5.649835410626025e-08,0.5926222652196884,0.617048457992496
n4_d4096_r2,4,4096,2,87,0.00025,2.077874158151749e-08,0.5926212817430496,0.5630583749734797
n4_d4096_r2,4,4096,2,88,0.00025,1.2130790334047292e-08,0.5926213562488556,0.5941569579881616
n4_d4096_r2,4,4096,2,89,0.00025,1.279615191931982e-08,0.5926183015108109,0.5787500410224311
n4_d4096_r2,4,4096,2,90,0.000125,1.89384428174455e-08,0.5926202535629272,0.6005449999938719
n4_d4096_r2,4,4096,2,91,0.000125,3.1427009506042325e-09,0.5926187932491302,0.6075220000057016
n4_d4096_r2,4,4096,2,92,0.000125,8.436511042715644e-10,0.592619463801384,0.6205545840202831
n4_d4096_r2,4,4096,2,93,0.000125,2.821563207145057e-10,0.5926195085048676,0.6559182079799939
n4_d4096_r2,4,4096,2,94,0.000125,1.292901835532644e-10,0.592619463801384,0.6314830420014914
n4_d4096_r2,4,4096,2,95,0.000125,8.144759942440433e-11,0.5926195085048676,0.5903156659915112
n4_d4096_r2,4,4096,2,96,0.000125,5.986476628815334e-11,0.5926192998886108,0.6521894999896176
n4_d4096_r2,4,4096,2,97,0.000125,5.618793068486302e-11,0.5926195532083511,0.6100432079983875
n4_d4096_r2,4,4096,2,98,6.25e-05,7.034737877398452e-11,0.592619463801384,0.5838855000038166
n4_d4096_r2,4,4096,2,99,6.25e-05,7.541152725266584e-12,0.5926194489002228,0.5806661669921596
n4_d4096_r2,4,4096,2,100,6.25e-05,1.4604040230713222e-12,0.5926194489002228,0.6190725839987863
n4_d4096_r2,4,4096,2,101,6.25e-05,5.79979240267618e-13,0.5926194489002228,0.5832311669946648
n4_d64_r3,4,64,3,1,0.001,0.9571967646479607,0.7141384035348892,0.2802974579972215
n4_d64_r3,4,64,3,2,0.001,0.6453678256366402,0.5703631341457367,0.2536544160102494
n4_d64_r3,4,64,3,3,0.001,0.5632965906988829,0.5400507599115372,0.25901670797611587
n4_d64_r3,4,64,3,4,0.001,0.5399701562710106,0.5237102583050728,0.2597999589925166
n4_d64_r3,4,64,3,5,0.001,0.52571981260553,0.5140253901481628,0.2524310830049217
n4_d64_r3,4,64,3,6,0.001,0.516980932559818,0.5080050230026245,0.2555925000051502
n4_d64_r3,4,64,3,7,0.001,0.5114929690025747,0.5047727599740028,0.2585753329913132
n4_d64_r3,4,64,3,8,0.001,0.5079239797778428,0.5033256560564041,0.26582904197857715
n4_d64_r3,4,64,3,9,0.001,0.5058501223102212,0.5018660202622414,0.2939873750146944
n4_d64_r3,4,64,3,10,0.001,0.5042152458336204,0.5010916814208031,0.25229358300566673
n4_d64_r3,4,64,3,11,0.001,0.5030824416317046,0.5005709752440453,0.25204525000299327
n4_d64_r3,4,64,3,12,0.001,0.5023948568850756,0.4998057708144188,0.2486522500112187
n4_d64_r3,4,64,3,13,0.001,0.501722143497318,0.4985061585903168,0.24617204201058485
n4_d64_r3,4,64,3,14,0.001,0.5012535112909973,0.4985918626189232,0.24991570800193585
n4_d64_r3,4,64,3,15,0.001,0.500673667062074,0.4983508512377739,0.24697637499775738
n4_d64_r3,4,64,3,16,0.001,0.5004896116442978,0.4973195493221283,0.28473754198057577
n4_d64_r3,4,64,3,17,0.001,0.5002388379070908,0.4981122985482216,0.2527525410114322
n4_d64_r3,4,64,3,18,0.001,0.4998193064238876,0.4979763850569725,0.24889987497590482
n4_d64_r3,4,64,3,19,0.001,0.49961354373954237,0.4980371370911598,0.2510519999777898
n4_d64_r3,4,64,3,20,0.001,0.49931497825309634,0.4986579939723015,0.2502294589939993
n4_d64_r3,4,64,3,21,0.001,0.49913345207460225,0.4971652925014496,0.25051554100355133
n4_d64_r3,4,64,3,22,0.001,0.4991273218765855,0.4976302310824394,0.24992425000527874
n4_d64_r3,4,64,3,23,0.001,0.4988255915232003,0.4979914575815201,0.24659283400978893
n4_d64_r3,4,64,3,24,0.001,0.49866799218580127,0.49750886857509613,0.29107437501079403
n4_d64_r3,4,64,3,25,0.001,0.4985401292797178,0.49747375398874283,0.24979908400564454
n4_d64_r3,4,64,3,26,0.001,0.49835371575318277,0.49666207283735275,0.247479875019053
n4_d64_r3,4,64,3,27,0.001,0.49834092729724944,0.4971642568707466,0.25073466601315886
n4_d64_r3,4,64,3,28,0.001,0.49817038676701486,0.4971763491630554,0.25337887500063516
n4_d64_r3,4,64,3,29,0.001,0.4981644239742309,0.49683960527181625,0.24870712499250658
n4_d64_r3,4,64,3,30,0.001,0.4978506360203028,0.49675700813531876,0.25648229199578054
n4_d64_r3,4,64,3,31,0.001,0.4977875321637839,0.4971850961446762,0.2504256669781171
n4_d64_r3,4,64,3,32,0.001,0.49762753932736814,0.49731262028217316,0.28635179199045524
n4_d64_r3,4,64,3,33,0.001,0.49759461963549256,0.49746546149253845,0.24838629201985896
n4_d64_r3,4,64,3,34,0.001,0.4974430180154741,0.49659742414951324,0.24902300001122057
n4_d64_r3,4,64,3,35,0.001,0.4973747655749321,0.4973386153578758,0.24682562501402572
n4_d64_r3,4,64,3,36,0.001,0.4972745741251856,0.4974224716424942,0.24602283400599845
n4_d64_r3,4,64,3,37,0.001,0.4971809149719775,0.4973725378513336,0.24576958300895058
n4_d64_r3,4,64,3,38,0.001,0.4972343095578253,0.49693208187818527,0.2482393330137711
n4_d64_r3,4,64,3,39,0.001,0.49712169892154634,0.49668776988983154,0.24466512497747317
n4_d64_r3,4,64,3,40,0.001,0.4968932920601219,0.4965919330716133,0.2862190830055624
n4_d64_r3,4,64,3,41,0.001,0.49677764996886253,0.49708639830350876,0.252051624993328
n4_d64_r3,4,64,3,42,0.001,0.49680962902493775,0.4969250336289406,0.24826070800190791
n4_d64_r3,4,64,3,43,0.001,0.496683944016695,0.4971683919429779,0.2529160830017645
n4_d64_r3,4,64,3,44,0.001,0.4966678919736296,0.49818506836891174,0.25202820799313486
n4_d64_r3,4,64,3,45,0.001,0.49663469893857837,0.4982616826891899,0.25106933401548304
n4_d64_r3,4,64,3,46,0.001,0.4965921330731362,0.4971654340624809,0.24824741701013409
n4_d64_r3,4,64,3,47,0.001,0.49637607717886567,0.49690721929073334,0.25681929200072773
n4_d64_r3,4,64,3,48,0.001,0.4962301589548588,0.49717681109905243,0.2949100000259932
n4_d64_r3,4,64,3,49,0.0005,0.4954262285027653,0.4971648082137108,0.24945679100346752
n4_d64_r3,4,64,3,50,0.0005,0.4953124856110662,0.49770215153694153,0.24635537501308136
n4_d64_r3,4,64,3,51,0.0005,0.4951686835847795,0.4976416230201721,0.24986137502128258
n4_d64_r3,4,64,3,52,0.0005,0.49519956950098276,0.497575543820858,0.24697354098316282
n4_d64_r3,4,64,3,53,0.0005,0.4951269724406302,0.49726656824350357,0.24950208302470855
n4_d64_r3,4,64,3,54,0.0005,0.4950601812452078,0.4973210543394089,0.24446074999286793
n4_d64_r3,4,64,3,55,0.0005,0.4950851344037801,0.497661255300045,0.24733474999084137
n4_d64_r3,4,64,3,56,0.0005,0.4950231700204313,0.49705636501312256,0.2869382500066422
n4_d64_r3,4,64,3,57,0.00025,0.4945038137957454,0.49733884632587433,0.24908587499521673
n4_d64_r3,4,64,3,58,0.00025,0.49446242046542466,0.49738848209381104,0.2506038330029696
n4_d64_r3,4,64,3,59,0.00025,0.4945066689979285,0.4975081607699394,0.2477533330093138
n4_d64_r3,4,64,3,60,0.00025,0.4944391360040754,0.4974500611424446,0.24544116700417362
n4_d128_r3,4,128,3,1,0.001,0.9397240406833589,0.729827806353569,0.2588349170109723
n4_d128_r3,4,128,3,2,0.001,0.6285096681676805,0.559514045715332,0.25814683400676586
n4_d128_r3,4,128,3,3,0.001,0.5469306029845029,0.5390905439853668,0.2983089170011226
n4_d128_r3,4,128,3,4,0.001,0.5270170248113573,0.5296868160367012,0.25617191698984243
n4_d128_r3,4,128,3,5,0.001,0.5145852186251432,0.5238328725099564,0.2604652080044616
n4_d128_r3,4,128,3,6,0.001,0.5066008889116347,0.5194426029920578,0.2576423340069596
n4_d128_r3,4,128,3,7,0.001,0.500991944456473,0.5164163932204247,0.2548720000195317
n4_d128_r3,4,128,3,8,0.001,0.49706645985133946,0.516446553170681,0.2549612500006333
n4_d128_r3,4,128,3,9,0.001,0.49400094617158175,0.5153817981481552,0.2581692910171114
n4_d128_r3,4,128,3,10,0.001,0.4914995024446398,0.5133261308073997,0.254494374996284
n4_d128_r3,4,128,3,11,0.001,0.4898005567956716,0.5133048892021179,0.2940635000122711
n4_d128_r3,4,128,3,12,0.001,0.48794013960286975,0.5133302211761475,0.25494945800164714
n4_d128_r3,4,128,3,13,0.001,0.48650200897827744,0.5147758275270462,0.256401291990187
n4_d128_r3,4,128,3,14,0.001,0.48506350605748594,0.517049178481102,0.25989308301359415
n4_d128_r3,4,128,3,15,0.001,0.48386011528782547,0.5164467915892601,0.2583087919920217
n4_d128_r3,4,128,3,16,0.001,0.48280182504095137,0.5176150798797607,0.2569166250177659
n4_d128_r3,4,128,3,17,0.001,0.4818602444138378,0.5194635540246964,0.25543437502346933
n4_d128_r3,4,128,3,18,0.001,0.48078096797689795,0.5185600146651268,0.28840383401256986
n4_d128_r3,4,128,3,19,0.001,0.48009983310475945,0.5180691033601761,0.2594342500087805
n4_d128_r3,4,128,3,20,0.0005,0.4766895351931453,0.5180362910032272,0.2542081660067197
n4_d128_r3,4,128,3,21,0.0005,0.4759794643614441,0.5195259973406792,0.2533818749943748
n4_d128_r3,4,128,3,22,0.0005,0.4755893100518733,0.5199089497327805,0.25953087501693517
n4_d128_r3,4,128,3,23,0.0005,0.47526655555702746,0.5201937109231949,0.2531005409837235
n4_d128_r3,4,128,3,24,0.0005,0.47503588534891605,0.5201679691672325,0.25349004101008177
n4_d128_r3,4,128,3,25,0.0005,0.47472126712091267,0.5206828266382217,0.25523416700889356
n4_d128_r3,4,128,3,26,0.0005,0.47407930134795606,0.5220043882727623,0.29273920800187625
n4_d128_r3,4,128,3,27,0.0005,0.47385066701099277,0.5218893215060234,0.26459787497879006
n4_d128_r3,4,128,3,28,0.00025,0.4721342527773231,0.5218034088611603,0.25673349999124184
n4_d128_r3,4,128,3,29,0.00025,0.47181979613378644,0.5221793353557587,0.25545950001105666
n4_d128_r3,4,128,3,30,0.00025,0.47168209846131504,0.5229725316166878,0.2543654159817379
n4_d128_r3,4,128,3,31,0.00025,0.4715219843201339,0.5230547711253166,0.25810445900424384
n4_d256_r3,4,256,3,1,0.001,0.8294017566367984,0.602730393409729,0.2692852499894798
n4_d256_r3,4,256,3,2,0.001,0.5654935254715383,0.5514378547668457,0.2605962499801535
n4_d256_r3,4,256,3,3,0.001,0.5246119115035981,0.5435110628604889,0.30054241698235273
n4_d256_r3,4,256,3,4,0.001,0.50373425334692,0.5309085100889206,0.2620254590001423
n4_d256_r3,4,256,3,5,0.001,0.48900037235580385,0.526298001408577,0.25789216699195094
n4_d256_r3,4,256,3,6,0.001,0.4785870951600373,0.5273737013339996,0.25951329100644216
n4_d256_r3,4,256,3,7,0.001,0.4699067024048418,0.5274222418665886,0.2591869169846177
n4_d256_r3,4,256,3,8,0.001,0.46253679203800857,0.5288728177547455,0.27267712500179186
n4_d256_r3,4,256,3,9,0.001,0.456075121415779,0.5354610830545425,0.26799129199935123
n4_d256_r3,4,256,3,10,0.001,0.44940903247334063,0.5344549268484116,0.29346112499479204
n4_d256_r3,4,256,3,11,0.001,0.4435687796212733,0.5385963618755341,0.2653480419830885
n4_d256_r3,4,256,3,12,0.001,0.43736458430066705,0.5449348241090775,0.2577549999987241
n4_d256_r3,4,256,3,13,0.001,0.43214192567393184,0.5485834628343582,0.2582182080077473
n4_d256_r3,4,256,3,14,0.0005,0.4200320562813431,0.5531081110239029,0.2600888749875594
n4_d256_r3,4,256,3,15,0.0005,0.4164336852263659,0.553411141037941,0.2580456660070922
n4_d256_r3,4,256,3,16,0.0005,0.41346693271771073,0.5586289763450623,0.25842200001352467
n4_d256_r3,4,256,3,17,0.0005,0.4111333005130291,0.5630201548337936,0.2615765829978045
n4_d256_r3,4,256,3,18,0.0005,0.40877009090036154,0.5636430084705353,0.2914150409924332
n4_d256_r3,4,256,3,19,0.0005,0.4062965486664325,0.567852795124054,0.2632604169775732
n4_d256_r3,4,256,3,20,0.0005,0.4041268627624959,0.5692121833562851,0.2554515000083484
n4_d256_r3,4,256,3,21,0.0005,0.4018161513376981,0.5737043619155884,0.271663334016921
n4_d256_r3,4,256,3,22,0.00025,0.395065889460966,0.5752206295728683,0.26931958299246617
n4_d256_r3,4,256,3,23,0.00025,0.39348821341991425,0.5765127241611481,0.25990212499164045
n4_d256_r3,4,256,3,24,0.00025,0.39229829842224717,0.5794801115989685,0.2540459999872837
n4_d256_r3,4,256,3,25,0.00025,0.3914412797894329,0.5804269909858704,0.25923133300966583
n4_d512_r3,4,512,3,1,0.001,0.8226831019856036,0.5749974995851517,0.3593009579926729
n4_d512_r3,4,512,3,2,0.001,0.5289048545528203,0.5409765690565109,0.31698258299729787
n4_d512_r3,4,512,3,3,0.001,0.4693266302347183,0.5426619350910187,0.3196099999768194
n4_d512_r3,4,512,3,4,0.001,0.4337831155862659,0.5427718013525009,0.3169132500188425
n4_d512_r3,4,512,3,5,0.001,0.4012836448382586,0.5573262274265289,0.31369037498370744
n4_d512_r3,4,512,3,6,0.001,0.3698465940542519,0.5794146358966827,0.31214745799661614
n4_d512_r3,4,512,3,7,0.001,0.3386390774976462,0.6183981001377106,0.3144622090039775
n4_d512_r3,4,512,3,8,0.001,0.3089855172438547,0.6413686722517014,0.3217108339886181
n4_d512_r3,4,512,3,9,0.001,0.28146278869826347,0.6697855293750763,0.3514280410017818
n4_d512_r3,4,512,3,10,0.001,0.2570003701839596,0.6995003372430801,0.31751754198921844
n4_d512_r3,4,512,3,11,0.0005,0.21359482291154563,0.7183605581521988,0.31669483400764875
n4_d512_r3,4,512,3,12,0.0005,0.19929119932930917,0.7457280158996582,0.3144420419994276
n4_d512_r3,4,512,3,13,0.0005,0.18888925446663052,0.7585662007331848,0.31390820900560357
n4_d512_r3,4,512,3,14,0.0005,0.18004035914782435,0.7809177786111832,0.3132587499858346
n4_d512_r3,4,512,3,15,0.0005,0.17160266742575914,0.7946616262197495,0.3113467090006452
n4_d512_r3,4,512,3,16,0.0005,0.1643095496110618,0.8137503415346146,0.3106413329951465
n4_d512_r3,4,512,3,17,0.0005,0.15710757969645783,0.8224719613790512,0.3524444589857012
n4_d512_r3,4,512,3,18,0.0005,0.1503993019578047,0.8341635763645172,0.31227658299030736
n4_d512_r3,4,512,3,19,0.00025,0.13370523671619594,0.8526755273342133,0.3127513750223443
n4_d512_r3,4,512,3,20,0.00025,0.1296129705151543,0.8622399270534515,0.31324170800508
n4_d512_r3,4,512,3,21,0.00025,0.1263048074906692,0.8722224533557892,0.3093021250097081
n4_d512_r3,4,512,3,22,0.00025,0.12361663591582328,0.8810442686080933,0.31035912499646656
n4_d1024_r3,4,1024,3,1,0.001,0.786413237452507,0.5927113443613052,0.33328225000877865
n4_d1024_r3,4,1024,3,2,0.001,0.45434372406452894,0.5890347212553024,0.37010258299415
n4_d1024_r3,4,1024,3,3,0.001,0.3454434231389314,0.6086041629314423,0.3291321249853354
n4_d1024_r3,4,1024,3,4,0.001,0.25204750592820346,0.6448412835597992,0.34456379199400544
n4_d1024_r3,4,1024,3,5,0.001,0.1716368580237031,0.6940111815929413,0.34544962499057874
n4_d1024_r3,4,1024,3,6,0.001,0.10934063070453703,0.7274973094463348,0.334388957999181
n4_d1024_r3,4,1024,3,7,0.001,0.06970456094131805,0.7472534030675888,0.33194375000311993
n4_d1024_r3,4,1024,3,8,0.001,0.04471709582139738,0.7691855728626251,0.3291607080027461
n4_d1024_r3,4,1024,3,9,0.001,0.03015190060250461,0.7737516611814499,0.33050599999842234
n4_d1024_r3,4,1024,3,10,0.001,0.021993961607222445,0.7777273952960968,0.37404829199658707
n4_d1024_r3,4,1024,3,11,0.0005,0.012279228591069113,0.7754700034856796,0.3281375000078697
n4_d1024_r3,4,1024,3,12,0.0005,0.004107458173166378,0.7778134793043137,0.33062183298170567
n4_d1024_r3,4,1024,3,13,0.0005,0.001976593224753742,0.7813019156455994,0.3296070829965174
n4_d1024_r3,4,1024,3,14,0.0005,0.001109026333779184,0.7848712056875229,0.32992479199310765
n4_d1024_r3,4,1024,3,15,0.0005,0.0006779786331208015,0.7867782562971115,0.32949337500031106
n4_d1024_r3,4,1024,3,16,0.0005,0.0004242349809828738,0.7876780331134796,0.33014483301667497
n4_d1024_r3,4,1024,3,17,0.0005,0.0002862878762925902,0.7889731377363205,0.35817133297678083
n4_d1024_r3,4,1024,3,18,0.0005,0.0002066922361336765,0.7895707935094833,0.33368641600827686
n4_d1024_r3,4,1024,3,19,0.00025,0.0001190673852420332,0.7895696610212326,0.3492544589971658
n4_d1024_r3,4,1024,3,20,0.00025,4.519090978760687e-05,0.7896734178066254,0.34831770800519735
n4_d1024_r3,4,1024,3,21,0.00025,2.5910955471886155e-05,0.7899186313152313,0.34683633301756345
n4_d1024_r3,4,1024,3,22,0.00025,1.7094745373924525e-05,0.7901415675878525,0.33430166699690744
n4_d2048_r3,4,2048,3,1,0.001,0.8175846547819674,0.5998156517744064,0.3953936670150142
n4_d2048_r3,4,2048,3,2,0.001,0.34492105804383755,0.6101633012294769,0.40443216598941945
n4_d2048_r3,4,2048,3,3,0.001,0.15031575527973473,0.6429176479578018,0.42383654200239107
n4_d2048_r3,4,2048,3,4,0.001,0.061755623028147966,0.6377243995666504,0.3886917079798877
n4_d2048_r3,4,2048,3,5,0.001,0.03852195975196082,0.6205106377601624,0.38904620899120346
n4_d2048_r3,4,2048,3,6,0.001,0.03245931646961253,0.6271631121635437,0.37791833298979327
n4_d2048_r3,4,2048,3,7,0.001,0.030257160236942582,0.6157661825418472,0.38640583300730214
n4_d2048_r3,4,2048,3,8,0.001,0.029852597173885442,0.6177433729171753,0.39726891700411215
n4_d2048_r3,4,2048,3,9,0.001,0.029630846620420925,0.6110807061195374,0.40007050000713207
n4_d2048_r3,4,2048,3,10,0.0005,0.02335453093110118,0.600810170173645,0.446879541996168
n4_d2048_r3,4,2048,3,11,0.0005,0.004463339062567684,0.6005343645811081,0.4271565420203842
n4_d2048_r3,4,2048,3,12,0.0005,0.0011186977126271813,0.5997433364391327,0.3841249579854775
n4_d2048_r3,4,2048,3,13,0.0005,0.00032897387336561223,0.5998727083206177,0.44103308298508637
n4_d2048_r3,4,2048,3,14,0.0005,0.00011570547712835832,0.5995380282402039,0.4363923339988105
n4_d2048_r3,4,2048,3,15,0.0005,4.948818039451908e-05,0.5997799783945084,0.393539459008025
n4_d2048_r3,4,2048,3,16,0.0005,2.874416357201426e-05,0.599758043885231,0.37564212500001304
n4_d2048_r3,4,2048,3,17,0.0005,2.0791956217180996e-05,0.5998485386371613,0.3827195419871714
n4_d2048_r3,4,2048,3,18,0.0005,2.043509343252481e-05,0.5997389554977417,0.3783028750040103
n4_d2048_r3,4,2048,3,19,0.0005,2.6785856960032106e-05,0.5996919274330139,0.4209328749857377
n4_d2048_r3,4,2048,3,20,0.0005,4.5924958456566856e-05,0.6000343412160873,0.3822755419823807
n4_d2048_r3,4,2048,3,21,0.0005,0.00010330135089020587,0.5997340530157089,0.3742367920058314
n4_d2048_r3,4,2048,3,22,0.0005,0.00029944003370019345,0.599924623966217,0.3727829590206966
n4_d2048_r3,4,2048,3,23,0.00025,0.000689693904860178,0.5995919555425644,0.373272666009143
n4_d2048_r3,4,2048,3,24,0.00025,0.00022106739947957976,0.5995200872421265,0.3778990829887334
n4_d2048_r3,4,2048,3,25,0.00025,0.00010739882571897397,0.5996475964784622,0.377379249985097
n4_d2048_r3,4,2048,3,26,0.00025,6.338314716458626e-05,0.5996875017881393,0.4062170829856768
n4_d2048_r3,4,2048,3,27,0.00025,4.5878713791580594e-05,0.5996231436729431,0.37167479100753553
n4_d2048_r3,4,2048,3,28,0.00025,4.224332251112628e-05,0.5996440798044205,0.3768487499910407
n4_d2048_r3,4,2048,3,29,0.00025,5.123860614730802e-05,0.59964320063591,0.37269854100304656
n4_d2048_r3,4,2048,3,30,0.00025,7.813401592215996e-05,0.5993947386741638,0.3752775409957394
n4_d2048_r3,4,2048,3,31,0.00025,0.00015327975444279218,0.5995014756917953,0.3762841660063714
n4_d2048_r3,4,2048,3,32,0.00025,0.0004080655354528062,0.5995172560214996,0.3722119169833604
n4_d2048_r3,4,2048,3,33,0.00025,0.001164621402949706,0.6009147018194199,0.3755790420109406
n4_d2048_r3,4,2048,3,34,0.00025,0.003501338256683084,0.6041693389415741,0.41241033299593255
n4_d2048_r3,4,2048,3,35,0.00025,0.009374834353366168,0.60332290828228,0.3747764159925282
n4_d2048_r3,4,2048,3,36,0.00025,0.016480129190313164,0.6006724834442139,0.3747976250015199
n4_d2048_r3,4,2048,3,37,0.00025,0.015849211551540066,0.5972749590873718,0.3744817920087371
n4_d2048_r3,4,2048,3,38,0.00025,0.010084589957841672,0.5967691242694855,0.3798537499969825
n4_d2048_r3,4,2048,3,39,0.00025,0.005472337459650589,0.5929537564516068,0.36739604198373854
n4_d2048_r3,4,2048,3,40,0.00025,0.003227693698136136,0.5923814028501511,0.3717277079995256
n4_d2048_r3,4,2048,3,41,0.00025,0.0020899222245134297,0.5935498178005219,0.37817362500936724
n4_d2048_r3,4,2048,3,42,0.00025,0.0015321433274948504,0.5925669372081757,0.4130054580164142
n4_d2048_r3,4,2048,3,43,0.00025,0.0013329876919669914,0.5932098180055618,0.38255583299905993
n4_d2048_r3,4,2048,3,44,0.00025,0.0013499942665475828,0.5929650813341141,0.391545499995118
n4_d2048_r3,4,2048,3,45,0.00025,0.0016306834868373699,0.5928607136011124,0.3760557920031715
n4_d2048_r3,4,2048,3,46,0.00025,0.0022568757867702516,0.5932550579309464,0.38191666698548943
n4_d2048_r3,4,2048,3,47,0.00025,0.0033761770882847486,0.593245729804039,0.4542683330073487
n4_d2048_r3,4,2048,3,48,0.00025,0.004956815790137625,0.5936146080493927,0.43632250002701767
n4_d2048_r3,4,2048,3,49,0.000125,0.005362411995520233,0.5895538926124573,0.44238300001597963
n4_d2048_r3,4,2048,3,50,0.000125,0.0009117720942413143,0.591019794344902,0.4920122920011636
n4_d2048_r3,4,2048,3,51,0.000125,0.000216765848790601,0.5907823145389557,0.45984591700835153
n4_d2048_r3,4,2048,3,52,0.000125,5.60450407931512e-05,0.5908970385789871,0.3945139170100447
n4_d2048_r3,4,2048,3,53,0.000125,1.6116646222030795e-05,0.5907912403345108,0.41300445797969587
n4_d2048_r3,4,2048,3,54,0.000125,4.984643373617814e-06,0.5907727628946304,0.448573291010689
n4_d2048_r3,4,2048,3,55,0.000125,1.7487162091711639e-06,0.5907900929450989,0.4200109999801498
n4_d2048_r3,4,2048,3,56,0.000125,7.5871006099959e-07,0.5908124446868896,0.4287102080124896
n4_d2048_r3,4,2048,3,57,0.000125,4.081558837576438e-07,0.5908060371875763,0.42891141699510626
n4_d2048_r3,4,2048,3,58,6.25e-05,2.32961207879967e-07,0.590800404548645,0.4312650409992784
n4_d2048_r3,4,2048,3,59,6.25e-05,3.9165587717437944e-08,0.5907998532056808,0.4621793330006767
n4_d2048_r3,4,2048,3,60,6.25e-05,9.125105338014805e-09,0.5907996594905853,0.4127544590155594
n4_d2048_r3,4,2048,3,61,6.25e-05,2.43824658466979e-09,0.590800553560257,0.38991016600630246
n4_d2048_r3,4,2048,3,62,6.25e-05,6.999523270018182e-10,0.5907993465662003,0.39026829198701307
n4_d2048_r3,4,2048,3,63,6.25e-05,2.2139665708381662e-10,0.5907997488975525,0.3773065829882398
n4_d2048_r3,4,2048,3,64,6.25e-05,7.749495194316579e-11,0.5907995849847794,0.375856875005411
n4_d2048_r3,4,2048,3,65,6.25e-05,3.0188468302309694e-11,0.5907996892929077,0.3809480420022737
n4_d2048_r3,4,2048,3,66,3.125e-05,1.1900130281682596e-11,0.5907997339963913,0.39257008300046436
n4_d2048_r3,4,2048,3,67,3.125e-05,6.261022719700714e-12,0.5907997637987137,0.46159779201843776
n4_d2048_r3,4,2048,3,68,3.125e-05,4.617989756429918e-12,0.5907997190952301,0.48354808302246965
n4_d2048_r3,4,2048,3,69,3.125e-05,3.5976816847293753e-12,0.5907997190952301,0.4604773330211174
n4_d4096_r3,4,4096,3,1,0.001,0.90977698052302,0.7300516068935394,0.7295074580179062
n4_d4096_r3,4,4096,3,2,0.001,0.441788621712476,0.6393067836761475,0.5872402079985477
n4_d4096_r3,4,4096,3,3,0.001,0.18048831529449672,0.6352821588516235,0.5565752080001403
n4_d4096_r3,4,4096,3,4,0.001,0.08146400350960903,0.6341736018657684,0.5614679169957526
n4_d4096_r3,4,4096,3,5,0.001,0.05145789877860807,0.63083815574646,0.6155069590022322
n4_d4096_r3,4,4096,3,6,0.001,0.03924940024444368,0.6209655553102493,0.5889241250115447
n4_d4096_r3,4,4096,3,7,0.001,0.03178926576219965,0.6240510493516922,0.566879959020298
n4_d4096_r3,4,4096,3,8,0.001,0.027672443247865885,0.6206854581832886,0.5725665409991052
n4_d4096_r3,4,4096,3,9,0.001,0.024698861729120836,0.6165153533220291,0.5686264579999261
n4_d4096_r3,4,4096,3,10,0.001,0.02249963838403346,0.6175887733697891,0.567345541989198
n4_d4096_r3,4,4096,3,11,0.001,0.02245038349792594,0.6169445067644119,0.5640594169963151
n4_d4096_r3,4,4096,3,12,0.001,0.02230845189478714,0.6161245256662369,0.6246839999803342
n4_d4096_r3,4,4096,3,13,0.001,0.022718668667948805,0.6139982789754868,0.5674103749915957
n4_d4096_r3,4,4096,3,14,0.001,0.022918783644854557,0.6149456351995468,0.5569762499944773
n4_d4096_r3,4,4096,3,15,0.001,0.022569154520169832,0.6133042275905609,0.5536948330118321
n4_d4096_r3,4,4096,3,16,0.001,0.02277030484401621,0.6168328523635864,0.5576556669839192
n4_d4096_r3,4,4096,3,17,0.001,0.022942032795981504,0.6137504130601883,0.5597470839857124
n4_d4096_r3,4,4096,3,18,0.001,0.023125573759898543,0.6104215234518051,0.5607614170003217
n4_d4096_r3,4,4096,3,19,0.001,0.022345970617607236,0.6122704893350601,0.5622539579926524
n4_d4096_r3,4,4096,3,20,0.001,0.020887464575935155,0.6133477091789246,0.608137875009561
n4_d4096_r3,4,4096,3,21,0.001,0.019508152814523783,0.6071647554636002,0.5752113750204444
n4_d4096_r3,4,4096,3,22,0.001,0.019021283282199875,0.6091140806674957,0.5565979999955744
n4_d4096_r3,4,4096,3,23,0.001,0.0176831275166478,0.6082790642976761,0.5550049170269631
n4_d4096_r3,4,4096,3,24,0.001,0.016223584105318878,0.6045392006635666,0.5511808750161435
n4_d4096_r3,4,4096,3,25,0.001,0.015230963057547342,0.6081486493349075,0.5588762499974109
n4_d4096_r3,4,4096,3,26,0.001,0.015023771054984536,0.6056796163320541,0.5640796659863554
n4_d4096_r3,4,4096,3,27,0.001,0.014425932669837493,0.6044555902481079,0.5623047919943929
n4_d4096_r3,4,4096,3,28,0.001,0.014197177493770141,0.6099356412887573,0.5682581249857321
n4_d4096_r3,4,4096,3,29,0.001,0.014345156247145496,0.6029814779758453,0.6059172920067795
n4_d4096_r3,4,4096,3,30,0.001,0.015233053076372016,0.6034004092216492,0.5666042500233743
n4_d4096_r3,4,4096,3,31,0.001,0.01542736196279293,0.6027564257383347,0.557076833996689
n4_d4096_r3,4,4096,3,32,0.001,0.015898224592092447,0.6044324338436127,0.561275874992134
n4_d4096_r3,4,4096,3,33,0.001,0.01654271441657329,0.6044131070375443,0.5611699589935597
n4_d4096_r3,4,4096,3,34,0.001,0.016814819013234228,0.6021445691585541,0.554064040974481
n4_d4096_r3,4,4096,3,35,0.001,0.016515932395122945,0.605381116271019,0.5580477500043344
n4_d4096_r3,4,4096,3,36,0.001,0.015733285807073116,0.5972191840410233,0.5897187500086147
n4_d4096_r3,4,4096,3,37,0.001,0.014983375142037403,0.6088066697120667,0.564476083003683
n4_d4096_r3,4,4096,3,38,0.001,0.014295322027464863,0.5955836027860641,0.55797550000716
n4_d4096_r3,4,4096,3,39,0.001,0.013986350015329663,0.6028173118829727,0.5651860840152949
n4_d4096_r3,4,4096,3,40,0.001,0.013487271215126384,0.5992343872785568,0.5634281669917982
n4_d4096_r3,4,4096,3,41,0.001,0.012538769849925302,0.5986674278974533,0.560997166991001
n4_d4096_r3,4,4096,3,42,0.001,0.012161878279584926,0.596502348780632,0.5830199589836411
n4_d4096_r3,4,4096,3,43,0.001,0.012133094431192148,0.5937894284725189,0.5700223330059089
n4_d4096_r3,4,4096,3,44,0.001,0.01170253364398377,0.5971433520317078,0.6018081670044921
n4_d4096_r3,4,4096,3,45,0.001,0.011107615209766664,0.5929203629493713,0.5657811660203151
n4_d4096_r3,4,4096,3,46,0.001,0.011106141151685733,0.5944816321134567,0.5636600839789025
n4_d4096_r3,4,4096,3,47,0.001,0.011429556798248086,0.5945671647787094,0.5708034999843221
n4_d4096_r3,4,4096,3,48,0.001,0.011041656958695967,0.5974573194980621,0.5605738750018645
n4_d4096_r3,4,4096,3,49,0.001,0.010735978496086318,0.5906150788068771,0.5604047499946319
n4_d4096_r3,4,4096,3,50,0.001,0.010832481610123068,0.5989601016044617,0.5563435410149395
n4_d4096_r3,4,4096,3,51,0.001,0.011170600941113662,0.5958172380924225,0.557829291006783
n4_d4096_r3,4,4096,3,52,0.001,0.011516875165398233,0.6030829101800919,0.5915075420052744
n4_d4096_r3,4,4096,3,53,0.001,0.011261151841608807,0.591923251748085,0.5666860000055749
n4_d4096_r3,4,4096,3,54,0.001,0.01066356869705487,0.5981855690479279,0.5592048749967944
n4_d4096_r3,4,4096,3,55,0.001,0.010255592362227617,0.598103865981102,0.5542289580043871
n4_d4096_r3,4,4096,3,56,0.001,0.010066308852401562,0.5994319468736649,0.5557856659870595
n4_d4096_r3,4,4096,3,57,0.001,0.010174398594244849,0.5965060889720917,0.5578052920172922
n4_d4096_r3,4,4096,3,58,0.0005,0.008674797903950093,0.5913618803024292,0.5575484590081032
n4_d4096_r3,4,4096,3,59,0.0005,0.0015853342119953595,0.5903377383947372,0.5580244169977959
n4_d4096_r3,4,4096,3,60,0.0005,0.0005013175755266275,0.5905953496694565,0.5984613749897107
n4_d4096_r3,4,4096,3,61,0.0005,0.0003027326050641932,0.5904927849769592,0.5606763749965467
n4_d4096_r3,4,4096,3,62,0.0005,0.00026217396938932325,0.590519368648529,0.5605548330058809
n4_d4096_r3,4,4096,3,63,0.0005,0.0002530013087778116,0.5904421806335449,0.5586655410006642
n4_d4096_r3,4,4096,3,64,0.0005,0.0002579622760805478,0.590529590845108,0.558687375014415
n4_d4096_r3,4,4096,3,65,0.0005,0.0002558090326232332,0.5904911160469055,0.5633923339773901
n4_d4096_r3,4,4096,3,66,0.0005,0.0002640297513494261,0.5902683287858963,0.5583145830023568
n4_d4096_r3,4,4096,3,67,0.0005,0.00028449712681322126,0.5906247645616531,0.5654913749895059
n4_d4096_r3,4,4096,3,68,0.0005,0.0003361525829177481,0.5905423164367676,0.6032910420035478
n4_d4096_r3,4,4096,3,69,0.0005,0.00041189163630406256,0.5902798622846603,0.5664081670111045
n4_d4096_r3,4,4096,3,70,0.0005,0.000545512210464949,0.5907266139984131,0.5625873749959283
n4_d4096_r3,4,4096,3,71,0.0005,0.0007810553543095011,0.5900928974151611,0.5605693329998758
n4_d4096_r3,4,4096,3,72,0.0005,0.001271810608159285,0.5904942452907562,0.5651934590132441
n4_d4096_r3,4,4096,3,73,0.0005,0.002239189103420358,0.5911233276128769,0.5560923750163056
n4_d4096_r3,4,4096,3,74,0.0005,0.003896262407579343,0.5896372944116592,0.5867247080022935
n4_d4096_r3,4,4096,3,75,0.0005,0.006187166491145035,0.5929356962442398,0.562428709003143
n4_d4096_r3,4,4096,3,76,0.0005,0.00805787345598219,0.5936102122068405,0.6062659999879543
n4_d4096_r3,4,4096,3,77,0.0005,0.008202932160202181,0.5926920026540756,0.569588250014931
n4_d4096_r3,4,4096,3,78,0.0005,0.0067124092020094395,0.5940444022417068,0.5603046249889303
n4_d4096_r3,4,4096,3,79,0.0005,0.0047520836815238,0.591300293803215,0.5619787500181701
n4_d4096_r3,4,4096,3,80,0.0005,0.00319586035766406,0.5904731899499893,0.5637755830248352
n4_d4096_r3,4,4096,3,81,0.0005,0.0023679608366364846,0.5887458771467209,0.5634245829714928
n4_d4096_r3,4,4096,3,82,0.0005,0.001888578281068476,0.590194821357727,0.5570165410172194
n4_d4096_r3,4,4096,3,83,0.0005,0.0016410973830716102,0.5901540070772171,0.5586093749734573
n4_d4096_r3,4,4096,3,84,0.0005,0.0016134425532072783,0.5903007239103317,0.5865700830181595
n4_d4096_r3,4,4096,3,85,0.0005,0.0017401157647327636,0.5896092653274536,0.6097436670097522
n4_d4096_r3,4,4096,3,86,0.0005,0.002036989145381085,0.5898101478815079,0.5672821670013946
n4_d4096_r3,4,4096,3,87,0.0005,0.0024947534420789452,0.5902538001537323,0.5592572090099566
n4_d4096_r3,4,4096,3,88,0.0005,0.0030560935392713873,0.5897432267665863,0.5628231659939047
n4_d4096_r3,4,4096,3,89,0.0005,0.0036829471537203062,0.5920056998729706,0.5562826670065988
n4_d4096_r3,4,4096,3,90,0.00025,0.003703318800035049,0.5877285301685333,0.5632355000125244
n4_d4096_r3,4,4096,3,91,0.00025,0.0006553803370934475,0.5876654237508774,0.5599479159864131
n4_d4096_r3,4,4096,3,92,0.00025,0.00024382756146223983,0.5876302868127823,0.5621375830087345
n4_d4096_r3,4,4096,3,93,0.00025,0.00017154424662635392,0.5875458121299744,0.6236201669962611
n4_d4096_r3,4,4096,3,94,0.00025,0.00015744094348946192,0.587663933634758,0.5806440000014845
n4_d4096_r3,4,4096,3,95,0.00025,0.00015483226702883712,0.5875783115625381,0.5707565410120878
n4_d4096_r3,4,4096,3,96,0.00025,0.0001552552867281065,0.5876723676919937,0.5699546660180204
n4_d4096_r3,4,4096,3,97,0.00025,0.00015562200241703295,0.5874418169260025,0.5648167500039563
n4_d4096_r3,4,4096,3,98,0.00025,0.00015939274868514985,0.5876318961381912,0.5650557499902789
n4_d4096_r3,4,4096,3,99,0.00025,0.00016385238717475659,0.5875206142663956,0.5608208749908954
n4_d4096_r3,4,4096,3,100,0.00025,0.00016918581293623447,0.5875727534294128,0.6070199579990003
n4_d4096_r3,4,4096,3,101,0.00025,0.00017855767237051623,0.5876006335020065,0.5643494589894544
n4_d4096_r3,4,4096,3,102,0.00025,0.00019854404607144716,0.5873086303472519,0.5719259170000441
n4_d4096_r3,4,4096,3,103,0.00025,0.0002445488170792487,0.5880685448646545,0.559697166987462
n4_d4096_r3,4,4096,3,104,0.00025,0.00035069494651907007,0.5871527642011642,0.5891747919959016
n4_d4096_r3,4,4096,3,105,0.00025,0.0006080434905015863,0.5877663791179657,0.5632016250165179
n4_d4096_r3,4,4096,3,106,0.00025,0.0011458023304840026,0.5883832573890686,0.5562132500053849
n4_d4096_r3,4,4096,3,107,0.00025,0.001985469191822631,0.5897925645112991,0.587685042002704
n4_d4096_r3,4,4096,3,108,0.00025,0.0025823618725553388,0.5884585678577423,0.6299759589892346
n4_d4096_r3,4,4096,3,109,0.00025,0.002423292858111381,0.5890942960977554,0.5602165419841185
n4_d4096_r3,4,4096,3,110,0.00025,0.0017455346451242804,0.5883752107620239,0.5549016250006389
n4_d4096_r3,4,4096,3,111,0.00025,0.0011084428347203357,0.5879755318164825,0.557618666003691
n4_d4096_r3,4,4096,3,112,0.00025,0.0007479659170712694,0.5879583954811096,0.5639121670101304
n4_d4096_r3,4,4096,3,113,0.000125,0.0005250951496691414,0.5876082479953766,0.5648368340043817
n4_d4096_r3,4,4096,3,114,0.000125,0.00018268164672008425,0.5877547264099121,0.5739335840044077
n4_d4096_r3,4,4096,3,115,0.000125,0.00014414037030974214,0.5877262502908707,0.5706013750168495
n4_d4096_r3,4,4096,3,116,0.000125,0.00013818828545808515,0.5877059549093246,0.6158213329908904
n4_d4096_r3,4,4096,3,117,0.000125,0.00013692450508084875,0.587736502289772,0.5775064999761526
n4_d4096_r3,4,4096,3,118,0.000125,0.00013658407360961355,0.5877126306295395,0.5899370829865802
n4_d4096_r3,4,4096,3,119,0.000125,0.00013645788550320503,0.5877163261175156,0.5676997079863213
n4_d4096_r3,4,4096,3,120,0.000125,0.00013637119873810555,0.5876878499984741,0.5582387500035111
n4_d4096_r3,4,4096,3,121,6.25e-05,0.00013623319907285492,0.587697297334671,0.5630962499999441
n4_d4096_r3,4,4096,3,122,6.25e-05,0.00013596520078018592,0.5876947194337845,0.5731977919931524
n4_d4096_r3,4,4096,3,123,6.25e-05,0.00013590960555576181,0.5877014398574829,0.6405882500112057
n4_d4096_r3,4,4096,3,124,6.25e-05,0.00013581369607518212,0.5877024680376053,0.7457666670088656
n4_d64_r4,4,64,4,1,0.001,0.9159074397757649,0.7737334966659546,0.2678968340042047
n4_d64_r4,4,64,4,2,0.001,0.6416766315232962,0.6097136288881302,0.24659429100574926
n4_d64_r4,4,64,4,3,0.001,0.5596889390144497,0.5730438232421875,0.24605279200477526
n4_d64_r4,4,64,4,4,0.001,0.5346977801527828,0.5550543069839478,0.24684591699042358
n4_d64_r4,4,64,4,5,0.001,0.5204628724604845,0.54491326212883,0.2440364589856472
n4_d64_r4,4,64,4,6,0.001,0.5118461418896914,0.5387778580188751,0.26844333301414736
n4_d64_r4,4,64,4,7,0.001,0.5061917090788484,0.5349019020795822,0.2594926659949124
n4_d64_r4,4,64,4,8,0.001,0.5029620360583067,0.5330607742071152,0.2457140840124339
n4_d64_r4,4,64,4,9,0.001,0.5008011220488697,0.530930832028389,0.2867883750004694
n4_d64_r4,4,64,4,10,0.001,0.4991644639521837,0.5308084338903427,0.24506945800385438
n4_d64_r4,4,64,4,11,0.001,0.4981335843913257,0.5292472392320633,0.2534551249991637
n4_d64_r4,4,64,4,12,0.001,0.4971374496817589,0.5292691439390182,0.25592866700026207
n4_d64_r4,4,64,4,13,0.001,0.4963637220207602,0.5287590324878693,0.2818425000004936
n4_d64_r4,4,64,4,14,0.001,0.4959352477453649,0.529108390212059,0.24609291699016467
n4_d64_r4,4,64,4,15,0.001,0.4954803944565356,0.5289961397647858,0.24443795799743384
n4_d64_r4,4,64,4,16,0.001,0.4949584773276001,0.5295217037200928,0.27844887500396
n4_d64_r4,4,64,4,17,0.001,0.49474502773955464,0.5290130376815796,0.30132099997717887
n4_d64_r4,4,64,4,18,0.001,0.494339806959033,0.5278164595365524,0.24772158300038427
n4_d64_r4,4,64,4,19,0.001,0.4940034218598157,0.5280335992574692,0.25293133402010426
n4_d64_r4,4,64,4,20,0.001,0.49384107650257647,0.5284643769264221,0.25010066700633615
n4_d64_r4,4,64,4,21,0.001,0.4935144274495542,0.5285167694091797,0.24514237500261515
n4_d64_r4,4,64,4,22,0.001,0.4934055171906948,0.5279704183340073,0.24404024999239482
n4_d64_r4,4,64,4,23,0.001,0.493165377760306,0.5286814123392105,0.24535762501182035
n4_d64_r4,4,64,4,24,0.001,0.49270062684081495,0.5287606865167618,0.28334212498157285
n4_d64_r4,4,64,4,25,0.001,0.4927136576734483,0.5288291871547699,0.24294875000487082
n4_d64_r4,4,64,4,26,0.001,0.4925553158391267,0.5298382192850113,0.24276783398818225
n4_d64_r4,4,64,4,27,0.0005,0.4913520524278283,0.5295221507549286,0.24438108401955105
n4_d64_r4,4,64,4,28,0.0005,0.49121297476813197,0.5287300795316696,0.24294574998202734
n4_d64_r4,4,64,4,29,0.0005,0.4910845027770847,0.5292204320430756,0.24297779198968783
n4_d64_r4,4,64,4,30,0.0005,0.4909913397859782,0.529074415564537,0.2422388750128448
n4_d64_r4,4,64,4,31,0.0005,0.490974479354918,0.5292141288518906,0.24465725000482053
n4_d64_r4,4,64,4,32,0.0005,0.4909596052020788,0.529453843832016,0.2804550000000745
n4_d64_r4,4,64,4,33,0.0005,0.49084068229421973,0.5292758345603943,0.24316225000075065
n4_d64_r4,4,64,4,34,0.0005,0.4907608756329864,0.529486671090126,0.24178016700898297
n4_d64_r4,4,64,4,35,0.00025,0.49009951995685697,0.529515266418457,0.24739454200607724
n4_d64_r4,4,64,4,36,0.00025,0.49002663721330464,0.5295354127883911,0.2434743749909103
n4_d64_r4,4,64,4,37,0.00025,0.4900170329492539,0.5295663923025131,0.24229020799975842
n4_d64_r4,4,64,4,38,0.00025,0.49006203562021255,0.5296360999345779,0.24197691600420512
n4_d128_r4,4,128,4,1,0.001,0.9274232969619334,0.7839868366718292,0.2906592079962138
n4_d128_r4,4,128,4,2,0.001,0.6198393742088228,0.6094602942466736,0.25947937500313856
n4_d128_r4,4,128,4,3,0.001,0.550297089619562,0.5814372450113297,0.2539575410191901
n4_d128_r4,4,128,4,4,0.001,0.5278376538772136,0.5673079639673233,0.25175420800223947
n4_d128_r4,4,128,4,5,0.001,0.5142977500800043,0.557548925280571,0.25320212499354966
n4_d128_r4,4,128,4,6,0.001,0.5055215389002115,0.5521133691072464,0.25141545801307075
n4_d128_r4,4,128,4,7,0.001,0.49952431092970073,0.5487601310014725,0.25128783300169744
n4_d128_r4,4,128,4,8,0.001,0.49487742595374584,0.5453534126281738,0.2509121659968514
n4_d128_r4,4,128,4,9,0.001,0.4916243529878557,0.5436422228813171,0.2872391249984503
n4_d128_r4,4,128,4,10,0.001,0.48955321055836976,0.5419811904430389,0.256313083023997
n4_d128_r4,4,128,4,11,0.001,0.48729523178189993,0.5420616418123245,0.2516352919919882
n4_d128_r4,4,128,4,12,0.001,0.48568133171647787,0.5416102111339569,0.25028758400003426
n4_d128_r4,4,128,4,13,0.001,0.4844169116113335,0.5412632673978806,0.25682054201024584
n4_d128_r4,4,128,4,14,0.001,0.4829688696190715,0.5422475337982178,0.2515982089971658
n4_d128_r4,4,128,4,15,0.001,0.48177018971182406,0.5409842133522034,0.24934041700907983
n4_d128_r4,4,128,4,16,0.001,0.4810106859076768,0.5422366261482239,0.2483933750190772
n4_d128_r4,4,128,4,17,0.001,0.4797925853636116,0.5414673388004303,0.28383995802141726
n4_d128_r4,4,128,4,18,0.001,0.47864917339757085,0.5420857518911362,0.25723691697930917
n4_d128_r4,4,128,4,19,0.001,0.4782424233853817,0.5424693077802658,0.25018545900820754
n4_d128_r4,4,128,4,20,0.001,0.4770850169006735,0.5429724007844925,0.2509571249829605
n4_d128_r4,4,128,4,21,0.001,0.47633931669406593,0.5425050109624863,0.2522258750104811
n4_d128_r4,4,128,4,22,0.001,0.4759031774010509,0.5439614057540894,0.2507135829946492
n4_d128_r4,4,128,4,23,0.001,0.47473555500619113,0.5439637303352356,0.25361320801312104
n4_d128_r4,4,128,4,24,0.0005,0.47205900750122964,0.5439774692058563,0.25298008299432695
n4_d128_r4,4,128,4,25,0.0005,0.4714505858719349,0.5441438406705856,0.2859171250020154
n4_d128_r4,4,128,4,26,0.0005,0.4710734882391989,0.5441811978816986,0.25692054198589176
n4_d128_r4,4,128,4,27,0.0005,0.47066966304555535,0.5449647307395935,0.2519582080130931
n4_d128_r4,4,128,4,28,0.0005,0.4704631094355136,0.5449546575546265,0.25240420797490515
n4_d128_r4,4,128,4,29,0.0005,0.4701005509123206,0.5449486970901489,0.2498928330023773
n4_d128_r4,4,128,4,30,0.0005,0.4698439189232886,0.5453293323516846,0.2507220830011647
n4_d128_r4,4,128,4,31,0.0005,0.4695137601811439,0.5460056364536285,0.2513896659947932
n4_d128_r4,4,128,4,32,0.00025,0.46772966743446887,0.5461293458938599,0.2536015000077896
n4_d128_r4,4,128,4,33,0.00025,0.46747112134471536,0.5462816655635834,0.2848141669819597
n4_d128_r4,4,128,4,34,0.00025,0.46731308847665787,0.546423003077507,0.25459141700412147
n4_d128_r4,4,128,4,35,0.00025,0.46712121553719044,0.5468188524246216,0.2533342920069117
n4_d256_r4,4,256,4,1,0.001,0.8320126566104591,0.6528869867324829,0.2591739160125144
n4_d256_r4,4,256,4,2,0.001,0.559728448279202,0.5927890539169312,0.2578100419777911
n4_d256_r4,4,256,4,3,0.001,0.5191849831026047,0.5778369158506393,0.25648312497651204
n4_d256_r4,4,256,4,4,0.001,0.4971625942271203,0.5684515684843063,0.25638608299777843
n4_d256_r4,4,256,4,5,0.001,0.48302851524204016,0.5669377446174622,0.25835933300550096
n4_d256_r4,4,256,4,6,0.001,0.4726945247966796,0.5622010678052902,0.2995320000045467
n4_d256_r4,4,256,4,7,0.001,0.46412024134770036,0.5622085779905319,0.25862012497964315
n4_d256_r4,4,256,4,8,0.001,0.4568579252809286,0.5648109018802643,0.25657716701971367
n4_d256_r4,4,256,4,9,0.001,0.4501923704519868,0.5655632466077805,0.2610759590170346
n4_d256_r4,4,256,4,10,0.001,0.4439737144857645,0.571511760354042,0.2560105840093456
n4_d256_r4,4,256,4,11,0.001,0.43815806205384433,0.5760314017534256,0.2550383750058245
n4_d256_r4,4,256,4,12,0.001,0.4329609570559114,0.5786969512701035,0.2580197500064969
n4_d256_r4,4,256,4,13,0.001,0.4272592798806727,0.5884607434272766,0.25361637500463985
n4_d256_r4,4,256,4,14,0.001,0.42230773414485157,0.5870960354804993,0.29573508398607373
n4_d256_r4,4,256,4,15,0.0005,0.40985412150621414,0.5879937559366226,0.25368945801164955
n4_d256_r4,4,256,4,16,0.0005,0.4064428582787514,0.5927434414625168,0.2649107079778332
n4_d256_r4,4,256,4,17,0.0005,0.40363145037554204,0.5958036929368973,0.26563758301199414
n4_d256_r4,4,256,4,18,0.0005,0.40167956170625985,0.6002453714609146,0.2555196250032168
n4_d256_r4,4,256,4,19,0.0005,0.3988038646057248,0.6030421853065491,0.25566087500192225
n4_d256_r4,4,256,4,20,0.0005,0.39657195401377976,0.6075925976037979,0.25488291698275134
n4_d256_r4,4,256,4,21,0.0005,0.3947169161401689,0.6101962327957153,0.25749170800554566
n4_d256_r4,4,256,4,22,0.0005,0.3928767393808812,0.6129621118307114,0.30095883301692083
n4_d256_r4,4,256,4,23,0.00025,0.38593227812089026,0.6138388365507126,0.25410341599490494
n4_d256_r4,4,256,4,24,0.00025,0.38460084330290556,0.6158024370670319,0.26047620800090954
n4_d256_r4,4,256,4,25,0.00025,0.383588406490162,0.6182864606380463,0.25570783400326036
n4_d256_r4,4,256,4,26,0.00025,0.3825613802764565,0.6199947595596313,0.2559508749982342
n4_d512_r4,4,512,4,1,0.001,0.8544200086034834,0.6396659761667252,0.31529395797406323
n4_d512_r4,4,512,4,2,0.001,0.5307332230731845,0.5822957158088684,0.31009929202264175
n4_d512_r4,4,512,4,3,0.001,0.46778986183926463,0.5783449411392212,0.3630614580179099
n4_d512_r4,4,512,4,4,0.001,0.4298597958404571,0.5893190801143646,0.3315315420040861
n4_d512_r4,4,512,4,5,0.001,0.39908649818971753,0.6021644026041031,0.31543954100925475
n4_d512_r4,4,512,4,6,0.001,0.36987062986008823,0.620116800069809,0.321063832991058
n4_d512_r4,4,512,4,7,0.001,0.34342283592559397,0.6384284794330597,0.32016549998661503
n4_d512_r4,4,512,4,8,0.001,0.3169615773949772,0.6599783450365067,0.32776700000977144
n4_d512_r4,4,512,4,9,0.001,0.2917181985685602,0.6826131045818329,0.31752537499414757
n4_d512_r4,4,512,4,10,0.001,0.26967012393288314,0.7056951820850372,0.32599912502337247
n4_d512_r4,4,512,4,11,0.001,0.24819554202258587,0.719507098197937,0.35271999999531545
n4_d512_r4,4,512,4,12,0.0005,0.21015496051404625,0.7408562302589417,0.30429604201344773
n4_d512_r4,4,512,4,13,0.0005,0.19627781782764941,0.7632501423358917,0.3086176249780692
n4_d512_r4,4,512,4,14,0.0005,0.1862369760638103,0.7805433422327042,0.3117961249954533
n4_d512_r4,4,512,4,15,0.0005,0.17821100261062384,0.7981244325637817,0.31166350000421517
n4_d512_r4,4,512,4,16,0.0005,0.1702133690705523,0.8089156299829483,0.30780750000849366
n4_d512_r4,4,512,4,17,0.0005,0.1637165752472356,0.8346584588289261,0.3034944160026498
n4_d512_r4,4,512,4,18,0.0005,0.15743203228339553,0.8456069976091385,0.3057368330191821
n4_d512_r4,4,512,4,19,0.0005,0.1510228387778625,0.8542352765798569,0.34357249998720363
n4_d512_r4,4,512,4,20,0.00025,0.13528402062365785,0.8636273443698883,0.3071607089950703
n4_d512_r4,4,512,4,21,0.00025,0.1307086551678367,0.8731629401445389,0.30311525001889095
n4_d512_r4,4,512,4,22,0.00025,0.12807342351879925,0.8825774043798447,0.3011769999866374
n4_d512_r4,4,512,4,23,0.00025,0.1252489407779649,0.8893377929925919,0.3053058749937918
n4_d1024_r4,4,1024,4,1,0.001,0.8112272913567722,0.656195729970932,0.32659329200396314
n4_d1024_r4,4,1024,4,2,0.001,0.453506268793717,0.6340779364109039,0.3184130829758942
n4_d1024_r4,4,1024,4,3,0.001,0.3350419686175883,0.6612172871828079,0.3623085830186028
n4_d1024_r4,4,1024,4,4,0.001,0.23947970825247467,0.7047392874956131,0.31925733300158754
n4_d1024_r4,4,1024,4,5,0.001,0.16228413849603385,0.7520707100629807,0.3201091670198366
n4_d1024_r4,4,1024,4,6,0.001,0.1041970326914452,0.7928146123886108,0.3205060829932336
n4_d1024_r4,4,1024,4,7,0.001,0.06793572983588092,0.8057579547166824,0.3177366250019986
n4_d1024_r4,4,1024,4,8,0.001,0.04588751643314026,0.8232168108224869,0.3441909170069266
n4_d1024_r4,4,1024,4,9,0.001,0.032344016755814664,0.8320736289024353,0.328582166985143
n4_d1024_r4,4,1024,4,10,0.001,0.026267849709256552,0.8343970477581024,0.31884929101215675
n4_d1024_r4,4,1024,4,11,0.0005,0.017124750498624053,0.8310046046972275,0.3522401669761166
n4_d1024_r4,4,1024,4,12,0.0005,0.005526842847757507,0.8312852084636688,0.32149887501145713
n4_d1024_r4,4,1024,4,13,0.0005,0.0026674632827052847,0.8364101499319077,0.3219266249798238
n4_d1024_r4,4,1024,4,14,0.0005,0.0015487127120650257,0.8385984301567078,0.32031987502705306
n4_d1024_r4,4,1024,4,15,0.0005,0.0009820599721024337,0.8417764604091644,0.32078129198634997
n4_d1024_r4,4,1024,4,16,0.0005,0.0006651595363109664,0.8426560461521149,0.31601791601860896
n4_d1024_r4,4,1024,4,17,0.0005,0.00048718721063778503,0.844411626458168,0.31983437499729916
n4_d1024_r4,4,1024,4,18,0.0005,0.00038700070672348375,0.8446994423866272,0.3818891249829903
n4_d1024_r4,4,1024,4,19,0.00025,0.00026320757751818746,0.8451040834188461,0.3235217919864226
n4_d1024_r4,4,1024,4,20,0.00025,0.0001234298005101664,0.8453228771686554,0.3191895839991048
n4_d1024_r4,4,1024,4,21,0.00025,8.828292430962392e-05,0.8456238806247711,0.3204434579820372
n4_d1024_r4,4,1024,4,22,0.00025,7.113924814916572e-05,0.8460036218166351,0.33934916599537246
n4_d2048_r4,4,2048,4,1,0.001,0.812121756374836,0.6758618503808975,0.36948491699877195
n4_d2048_r4,4,2048,4,2,0.001,0.3374152642209083,0.6632830500602722,0.3689801250002347
n4_d2048_r4,4,2048,4,3,0.001,0.14214912318857387,0.7179735898971558,0.36502329201903194
n4_d2048_r4,4,2048,4,4,0.001,0.05665360254351981,0.7106564193964005,0.40051916701486334
n4_d2048_r4,4,2048,4,5,0.001,0.0359402980102459,0.7104183435440063,0.3676290830189828
n4_d2048_r4,4,2048,4,6,0.001,0.033862894590129144,0.694712296128273,0.36299037499702536
n4_d2048_r4,4,2048,4,7,0.001,0.03362294800172094,0.7015552222728729,0.36355587499565445
n4_d2048_r4,4,2048,4,8,0.001,0.03366694648866542,0.6846745163202286,0.3680858750012703
n4_d2048_r4,4,2048,4,9,0.001,0.03260130363923963,0.6849885135889053,0.36219500002334826
n4_d2048_r4,4,2048,4,10,0.001,0.031058777138241567,0.686285600066185,0.3680796659900807
n4_d2048_r4,4,2048,4,11,0.0005,0.02288962456805166,0.6678148061037064,0.36486208299174905
n4_d2048_r4,4,2048,4,12,0.0005,0.00406640696382965,0.6722495257854462,0.40315429199836217
n4_d2048_r4,4,2048,4,13,0.0005,0.0010068695155496243,0.6707437187433243,0.3700906249869149
n4_d2048_r4,4,2048,4,14,0.0005,0.00028708259094401,0.6713409274816513,0.3637847499921918
n4_d2048_r4,4,2048,4,15,0.0005,0.0001014199189626197,0.671270415186882,0.3623824169917498
n4_d2048_r4,4,2048,4,16,0.0005,4.5239348594350304e-05,0.6712068617343903,0.37058204200002365
n4_d2048_r4,4,2048,4,17,0.0005,2.6454313136525798e-05,0.6710154861211777,0.36444508298882283
n4_d2048_r4,4,2048,4,18,0.0005,2.0029473020599653e-05,0.6711648106575012,0.3654287910030689
n4_d2048_r4,4,2048,4,19,0.00025,1.635351200235391e-05,0.671264186501503,0.4004750839958433
n4_d2048_r4,4,2048,4,20,0.00025,7.018430723704228e-06,0.6712001711130142,0.36500133300432935
n4_d2048_r4,4,2048,4,21,0.00025,5.323427125558666e-06,0.6711778491735458,0.36938195800757967
n4_d2048_r4,4,2048,4,22,0.00025,4.6240082200998955e-06,0.6711878478527069,0.3641496660129633
n4_d4096_r4,4,4096,4,1,0.001,0.8768569133244455,0.7334228456020355,0.6158824580197688
n4_d4096_r4,4,4096,4,2,0.001,0.3615794733632356,0.6730096936225891,0.5562367500097025
n4_d4096_r4,4,4096,4,3,0.001,0.11231084202881902,0.6802620440721512,0.5498693329864182
n4_d4096_r4,4,4096,4,4,0.001,0.05182201991556212,0.6541533023118973,0.549892084003659
n4_d4096_r4,4,4096,4,5,0.001,0.04080840315145906,0.6589758694171906,0.5963747500209138
n4_d4096_r4,4,4096,4,6,0.001,0.033029871206963435,0.6540180295705795,0.551839583000401
n4_d4096_r4,4,4096,4,7,0.001,0.03077118398505263,0.6516244858503342,0.5552533330046572
n4_d4096_r4,4,4096,4,8,0.001,0.029258465219754726,0.6493754982948303,0.5488226249872241
n4_d4096_r4,4,4096,4,9,0.001,0.028221403539646417,0.6478195786476135,0.5446204589970876
n4_d4096_r4,4,4096,4,10,0.001,0.027487007770105265,0.6460495591163635,0.5524855830008164
n4_d4096_r4,4,4096,4,11,0.001,0.02734537447395269,0.6445492953062057,0.590588499995647
n4_d4096_r4,4,4096,4,12,0.001,0.02696417339029722,0.642562061548233,0.576610833988525
n4_d4096_r4,4,4096,4,13,0.001,0.026317278810893185,0.6482648551464081,0.620465084008174
n4_d4096_r4,4,4096,4,14,0.001,0.026011300724348985,0.643258661031723,0.6432806669909041
n4_d4096_r4,4,4096,4,15,0.001,0.02516735839890316,0.648530513048172,0.6121409170154948
n4_d4096_r4,4,4096,4,16,0.001,0.023982654995052144,0.6389925181865692,0.5781944589980412
n4_d4096_r4,4,4096,4,17,0.001,0.023260884103365242,0.6428778171539307,0.5606179999886081
n4_d4096_r4,4,4096,4,18,0.001,0.021453700683196075,0.6407687664031982,0.5515408749924973
n4_d4096_r4,4,4096,4,19,0.001,0.02004753900837386,0.6403495073318481,0.5594008750049397
n4_d4096_r4,4,4096,4,20,0.001,0.019306345559016336,0.6408650279045105,0.5786718750023283
n4_d4096_r4,4,4096,4,21,0.001,0.01942588695237646,0.6420070081949234,0.6059886659786571
n4_d4096_r4,4,4096,4,22,0.001,0.019537267755367793,0.6377010643482208,0.5810348750092089
n4_d4096_r4,4,4096,4,23,0.001,0.019451132422545925,0.6393986791372299,0.6047812920005526
n4_d4096_r4,4,4096,4,24,0.001,0.019561288863769732,0.6410010904073715,0.6071485830179881
n4_d4096_r4,4,4096,4,25,0.001,0.019697852825629525,0.6413970440626144,0.5962592500145547
n4_d4096_r4,4,4096,4,26,0.001,0.019290292482764926,0.6415383815765381,0.5821663340029772
n4_d4096_r4,4,4096,4,27,0.001,0.01896325996494852,0.6399311423301697,0.5712612500065006
n4_d4096_r4,4,4096,4,28,0.001,0.018558697069238406,0.6392019689083099,0.5605206670006737
n4_d4096_r4,4,4096,4,29,0.001,0.0181072649647831,0.6382779777050018,0.5990567090047989
n4_d4096_r4,4,4096,4,30,0.001,0.017386722218361683,0.6368468701839447,0.5574974170012865
n4_d4096_r4,4,4096,4,31,0.001,0.01697832511854358,0.6374524533748627,0.5727217920066323
n4_d4096_r4,4,4096,4,32,0.001,0.01666184677014826,0.6360370963811874,0.5689174589933828
n4_d4096_r4,4,4096,4,33,0.001,0.017032236923114397,0.6341352611780167,0.5850314169947524
n4_d4096_r4,4,4096,4,34,0.001,0.016694689664291218,0.6344662755727768,0.6131592500023544
n4_d4096_r4,4,4096,4,35,0.001,0.016460089907923248,0.6346255391836166,0.5916632500011474
n4_d4096_r4,4,4096,4,36,0.001,0.01603899065958103,0.6371934711933136,0.6173474590177648
n4_d4096_r4,4,4096,4,37,0.001,0.015371659224911127,0.6344994902610779,0.6042286249867175
n4_d4096_r4,4,4096,4,38,0.001,0.0149406473574345,0.6354745179414749,0.5817002500116359
n4_d4096_r4,4,4096,4,39,0.001,0.014866901845380198,0.6383212506771088,0.561652625008719
n4_d4096_r4,4,4096,4,40,0.001,0.01509747908130521,0.63142529129982,0.5598019999742974
n4_d4096_r4,4,4096,4,41,0.001,0.01556189689290477,0.6365287750959396,0.5630383329989854
n4_d4096_r4,4,4096,4,42,0.001,0.01550408334878739,0.6352322846651077,0.5565589999896474
n4_d4096_r4,4,4096,4,43,0.001,0.015138096488954034,0.6320998817682266,0.5661603749904316
n4_d4096_r4,4,4096,4,44,0.001,0.014721853680384811,0.6351303160190582,0.5887954999925569
n4_d4096_r4,4,4096,4,45,0.001,0.013616683943837415,0.6345214247703552,0.5570517920132261
n4_d4096_r4,4,4096,4,46,0.001,0.012579128793731797,0.6360679715871811,0.5848628329986241
n4_d4096_r4,4,4096,4,47,0.001,0.011681395801133476,0.632695347070694,0.5637336249928921
n4_d4096_r4,4,4096,4,48,0.001,0.01127855441882275,0.6335397064685822,0.5606376669893507
n4_d4096_r4,4,4096,4,49,0.0005,0.009202906570862979,0.6296296417713165,0.5573767500172835
n4_d4096_r4,4,4096,4,50,0.0005,0.0015740534468022815,0.6284394413232803,0.5690476250019856
n4_d4096_r4,4,4096,4,51,0.0005,0.00033758765312086325,0.628827229142189,0.5639357920153998
n4_d4096_r4,4,4096,4,52,0.0005,8.148073521851984e-05,0.6284774988889694,0.5997137090016622
n4_d4096_r4,4,4096,4,53,0.0005,2.706051783007979e-05,0.6285758912563324,0.5831505840178579
n4_d4096_r4,4,4096,4,54,0.0005,1.4089603268985229e-05,0.62850621342659,0.5799005410226528
n4_d4096_r4,4,4096,4,55,0.0005,1.0721312264649896e-05,0.628538966178894,0.5601942499924917
n4_d4096_r4,4,4096,4,56,0.0005,1.0216938475693382e-05,0.6285212486982346,0.5777275419968646
n4_d4096_r4,4,4096,4,57,0.0005,1.04635546360754e-05,0.6285665780305862,0.5828819579910487
n4_d4096_r4,4,4096,4,58,0.0005,9.504460940057413e-06,0.6285547912120819,0.6374831249995623
n4_d4096_r4,4,4096,4,59,0.00025,1.0150221324778386e-05,0.628537654876709,0.5707600830064621
n4_d4096_r4,4,4096,4,60,0.00025,7.529824091134785e-06,0.6285643875598907,0.5677002499869559
n4_d4096_r4,4,4096,4,61,0.00025,7.099860798720492e-06,0.6285540610551834,0.6012053750164341
n4_d4096_r4,4,4096,4,62,0.00025,6.96481414091954e-06,0.6285598278045654,0.5863083750009537
n4_d4096_r4,4,4096,4,63,0.00025,6.927778994619133e-06,0.6285582333803177,0.6062351659929845
n4_d4096_r4,4,4096,4,64,0.00025,6.913711383157994e-06,0.6285578012466431,0.6268014580127783
n4_d4096_r4,4,4096,4,65,0.00025,6.907406898171847e-06,0.6285578161478043,0.5755150829791091
n4_d4096_r4,4,4096,4,66,0.00025,6.904424638212031e-06,0.6285576671361923,0.5704967499768827
n4_d4096_r4,4,4096,4,67,0.000125,6.902500079444471e-06,0.628558024764061,0.5639815000176895
n4_d4096_r4,4,4096,4,68,0.000125,6.889731888824226e-06,0.6285586953163147,0.6052838330215309
n4_d4096_r4,4,4096,4,69,0.000125,6.8878162031338515e-06,0.6285584270954132,0.5663999170064926
n4_d4096_r4,4,4096,4,70,0.000125,6.884421421609872e-06,0.6285586059093475,0.5662594160239678
n4_d64_r5,4,64,5,1,0.001,1.0291102989576757,0.8187442272901535,0.260751750000054
n4_d64_r5,4,64,5,2,0.001,0.7081901784986258,0.6211875528097153,0.25081608298933133
n4_d64_r5,4,64,5,3,0.001,0.5865876232273877,0.5622419863939285,0.25006770802428946
n4_d64_r5,4,64,5,4,0.001,0.5521403991151601,0.54273821413517,0.25276308399043046
n4_d64_r5,4,64,5,5,0.001,0.5337448185309768,0.5309981256723404,0.24777200000244193
n4_d64_r5,4,64,5,6,0.001,0.5217668153345585,0.5232788473367691,0.24815724999643862
n4_d64_r5,4,64,5,7,0.001,0.514437333215028,0.5192831158638,0.2473288750043139
n4_d64_r5,4,64,5,8,0.001,0.5099977543577552,0.5172225683927536,0.24710149999009445
n4_d64_r5,4,64,5,9,0.001,0.5073430491611362,0.5156970471143723,0.28176137499394827
n4_d64_r5,4,64,5,10,0.001,0.5053924780804664,0.5148044526576996,0.2429018749971874
n4_d64_r5,4,64,5,11,0.001,0.5041307364590466,0.5137979835271835,0.24452908299281262
n4_d64_r5,4,64,5,12,0.001,0.5031926669180393,0.5134904086589813,0.2509221660147887
n4_d64_r5,4,64,5,13,0.001,0.5023642431478947,0.5135356187820435,0.2566098750103265
n4_d64_r5,4,64,5,14,0.001,0.5018926882185042,0.5131082236766815,0.2448121669876855
n4_d64_r5,4,64,5,15,0.001,0.5013016578741372,0.5130570530891418,0.24614350000047125
n4_d64_r5,4,64,5,16,0.001,0.5008084534201771,0.5130709856748581,0.2820220419962425
n4_d64_r5,4,64,5,17,0.001,0.5004923033993691,0.5126488506793976,0.2486841249919962
n4_d64_r5,4,64,5,18,0.001,0.49997219955548644,0.5123828798532486,0.2507239580154419
n4_d64_r5,4,64,5,19,0.001,0.49987179413437843,0.5124551653862,0.24375183397205546
n4_d64_r5,4,64,5,20,0.001,0.4994975964073092,0.5118806511163712,0.2471522910054773
n4_d64_r5,4,64,5,21,0.001,0.4992552869953215,0.5123667120933533,0.24930658302037045
n4_d64_r5,4,64,5,22,0.001,0.49920056224800646,0.5119787007570267,0.2468265840143431
n4_d64_r5,4,64,5,23,0.001,0.4988418354187161,0.511944979429245,0.25332999997772276
n4_d64_r5,4,64,5,24,0.001,0.4985678300727159,0.512102410197258,0.28553950000787154
n4_d64_r5,4,64,5,25,0.001,0.49834536970593035,0.5123447775840759,0.24701633301447146
n4_d64_r5,4,64,5,26,0.001,0.49821428768336773,0.5123901963233948,0.24577429200871848
n4_d64_r5,4,64,5,27,0.001,0.497990230564028,0.5128453224897385,0.2451342080021277
n4_d64_r5,4,64,5,28,0.001,0.49795444519259036,0.5118047222495079,0.24442437500692904
n4_d64_r5,4,64,5,29,0.001,0.4977480412926525,0.5119004994630814,0.24517449998529628
n4_d64_r5,4,64,5,30,0.001,0.49755453574471176,0.5122473537921906,0.24191204199451022
n4_d64_r5,4,64,5,31,0.001,0.49751921463757753,0.5125235319137573,0.2439773329824675
n4_d64_r5,4,64,5,32,0.001,0.49720039614476264,0.5127924680709839,0.282447042001877
n4_d64_r5,4,64,5,33,0.001,0.49714139802381396,0.5125226825475693,0.24421249999431893
n4_d64_r5,4,64,5,34,0.001,0.49709666590206325,0.5125732421875,0.24308020799071528
n4_d64_r5,4,64,5,35,0.001,0.4969098144210875,0.5132358819246292,0.2458237920072861
n4_d64_r5,4,64,5,36,0.001,0.49682257580570877,0.512407511472702,0.26546895800856873
n4_d64_r5,4,64,5,37,0.0005,0.49569121724925935,0.512503057718277,0.24342279200209305
n4_d64_r5,4,64,5,38,0.0005,0.49573127226904035,0.5126429200172424,0.24304725002730265
n4_d64_r5,4,64,5,39,0.0005,0.49554075323976576,0.5125612765550613,0.24434533299063332
n4_d64_r5,4,64,5,40,0.0005,0.49564041988924146,0.5124642103910446,0.28146220798953436
n4_d64_r5,4,64,5,41,0.0005,0.49554882338270545,0.5127360671758652,0.24512554201646708
n4_d64_r5,4,64,5,42,0.0005,0.4954631032887846,0.5125474333763123,0.24353270800202154
n4_d64_r5,4,64,5,43,0.0005,0.4953802402596921,0.5124921202659607,0.24302841699682176
n4_d64_r5,4,64,5,44,0.0005,0.4953511778730899,0.5127837359905243,0.26186425000196323
n4_d64_r5,4,64,5,45,0.00025,0.49484141101129353,0.5128473788499832,0.24466612498508766
n4_d64_r5,4,64,5,46,0.00025,0.49477215111255646,0.5127221494913101,0.2460807500174269
n4_d64_r5,4,64,5,47,0.00025,0.49475787836126983,0.5127035975456238,0.2530753329920117
n4_d64_r5,4,64,5,48,0.00025,0.4947410363238305,0.5127496421337128,0.3029569999780506
n4_d128_r5,4,128,5,1,0.001,0.8095527356490493,0.6244987398386002,0.2646044580033049
n4_d128_r5,4,128,5,2,0.001,0.5825512749142945,0.5725829899311066,0.26012087499839254
n4_d128_r5,4,128,5,3,0.001,0.5475052793044597,0.5514861941337585,0.259286291024182
n4_d128_r5,4,128,5,4,0.001,0.5279966245871037,0.539293646812439,0.2583865000051446
n4_d128_r5,4,128,5,5,0.001,0.5156957330182195,0.5310074537992477,0.25952291599242017
n4_d128_r5,4,128,5,6,0.001,0.5082825031131506,0.5264774262905121,0.2966574580059387
n4_d128_r5,4,128,5,7,0.001,0.502668468747288,0.5239220559597015,0.3368720000144094
n4_d128_r5,4,128,5,8,0.001,0.4986019891221076,0.5232490748167038,0.2625393750204239
n4_d128_r5,4,128,5,9,0.001,0.49563309899531305,0.5229071229696274,0.2868453330011107
n4_d128_r5,4,128,5,10,0.001,0.49327131058089435,0.5209661722183228,0.28965599997900426
n4_d128_r5,4,128,5,11,0.001,0.49092150619253516,0.522050753235817,0.2805505830037873
n4_d128_r5,4,128,5,12,0.001,0.4894027109257877,0.5221295207738876,0.2882124589814339
n4_d128_r5,4,128,5,13,0.001,0.48787695774808526,0.5234043300151825,0.27271166699938476
n4_d128_r5,4,128,5,14,0.001,0.4864968897309154,0.5233870148658752,0.26565083299647085
n4_d128_r5,4,128,5,15,0.001,0.4854051556903869,0.5254903584718704,0.3129530409933068
n4_d128_r5,4,128,5,16,0.001,0.4840480668935925,0.5237266272306442,0.2624899169895798
n4_d128_r5,4,128,5,17,0.001,0.48281535250134766,0.5252778232097626,0.2683558330172673
n4_d128_r5,4,128,5,18,0.001,0.4819842001888901,0.5244340300559998,0.2639107499853708
n4_d128_r5,4,128,5,19,0.0005,0.47857615700922906,0.5252035409212112,0.2636833750002552
n4_d128_r5,4,128,5,20,0.0005,0.4778567797038704,0.5255522429943085,0.26326350000454113
n4_d128_r5,4,128,5,21,0.0005,0.47730792639777064,0.5264580994844437,0.2714454160013702
n4_d128_r5,4,128,5,22,0.0005,0.47691455902531743,0.5273952931165695,0.26319966599112377
n4_d128_r5,4,128,5,23,0.0005,0.47637555934488773,0.5268653929233551,0.3048677500046324
n4_d128_r5,4,128,5,24,0.0005,0.47604267694987357,0.5277246683835983,0.26492704200791195
n4_d128_r5,4,128,5,25,0.0005,0.47556824306957424,0.5285420566797256,0.26733950001653284
n4_d128_r5,4,128,5,26,0.0005,0.4753346936777234,0.5286785066127777,0.2647181669890415
n4_d128_r5,4,128,5,27,0.00025,0.47343845083378255,0.5287080407142639,0.2653536249999888
n4_d128_r5,4,128,5,28,0.00025,0.47304957755841315,0.5294351428747177,0.2642625419830438
n4_d128_r5,4,128,5,29,0.00025,0.47288856748491526,0.5295436084270477,0.286703083984321
n4_d128_r5,4,128,5,30,0.00025,0.4727652627043426,0.529867023229599,0.3025528749858495
n4_d256_r5,4,256,5,1,0.001,0.8181436522863805,0.6156736314296722,0.27872850000858307
n4_d256_r5,4,256,5,2,0.001,0.5629191447515041,0.5667748004198074,0.28438858297886327
n4_d256_r5,4,256,5,3,0.001,0.5247158135753125,0.5525716543197632,0.28906558398739435
n4_d256_r5,4,256,5,4,0.001,0.5031783820595592,0.5451932400465012,0.3518408750242088
n4_d256_r5,4,256,5,5,0.001,0.48927675862796605,0.5429904162883759,0.2744665000063833
n4_d256_r5,4,256,5,6,0.001,0.47886566282249987,0.5446191877126694,0.27333695799461566
n4_d256_r5,4,256,5,7,0.001,0.4704472958110273,0.5418432950973511,0.3148286250070669
n4_d256_r5,4,256,5,8,0.001,0.4635527767241001,0.5430206805467606,0.3279858749883715
n4_d256_r5,4,256,5,9,0.001,0.45663539902307093,0.5459995865821838,0.2849572910054121
n4_d256_r5,4,256,5,10,0.001,0.45054686488583684,0.5478104799985886,0.28822658298304304
n4_d256_r5,4,256,5,11,0.001,0.4442639311309904,0.5547441691160202,0.26784225000301376
n4_d256_r5,4,256,5,12,0.001,0.43833069619722664,0.5577433556318283,0.2627067919820547
n4_d256_r5,4,256,5,13,0.001,0.433075200766325,0.5577258318662643,0.261537334008608
n4_d256_r5,4,256,5,14,0.001,0.4283541280310601,0.5690835118293762,0.3188522089913022
n4_d256_r5,4,256,5,15,0.001,0.42375771794468164,0.5676268935203552,0.46632845798740163
n4_d256_r5,4,256,5,16,0.0005,0.4112747171893716,0.5717666298151016,0.40459766701678745
n4_d256_r5,4,256,5,17,0.0005,0.40792187908664346,0.5751719623804092,0.3728057499974966
n4_d256_r5,4,256,5,18,0.0005,0.405482841655612,0.5784232020378113,0.46697583398781717
n4_d256_r5,4,256,5,19,0.0005,0.40316625661216676,0.5815029591321945,0.3301165419979952
n4_d256_r5,4,256,5,20,0.0005,0.40073266136460006,0.5860244929790497,0.2861495830002241
n4_d256_r5,4,256,5,21,0.0005,0.39861815073527396,0.5891139358282089,0.29086570799699984
n4_d256_r5,4,256,5,22,0.0005,0.39664548146538436,0.5904644727706909,0.28753612498985603
n4_d256_r5,4,256,5,23,0.0005,0.3948788915295154,0.5930895954370499,0.32335804202011786
n4_d256_r5,4,256,5,24,0.00025,0.3879467009101063,0.595467746257782,0.2854119169933256
n4_d256_r5,4,256,5,25,0.00025,0.3865063877310604,0.5971013456583023,0.33852933399612084
n4_d256_r5,4,256,5,26,0.00025,0.3855951901059598,0.5988745391368866,0.499007000005804
n4_d256_r5,4,256,5,27,0.00025,0.38459157780744135,0.6009319126605988,0.5016643749841023
n4_d512_r5,4,512,5,1,0.001,0.8908456899225712,0.6352096796035767,0.5334412090014666
n4_d512_r5,4,512,5,2,0.001,0.5407315220218152,0.5655400305986404,0.3909562500193715
n4_d512_r5,4,512,5,3,0.001,0.4702864168211818,0.5659966170787811,0.35627862499677576
n4_d512_r5,4,512,5,4,0.001,0.43308131746016443,0.5704610049724579,0.3817350000026636
n4_d512_r5,4,512,5,5,0.001,0.40170335583388805,0.5838480293750763,0.3292790000268724
n4_d512_r5,4,512,5,6,0.001,0.37128821457736194,0.6003716140985489,0.37426779200905
n4_d512_r5,4,512,5,7,0.001,0.3414616195950657,0.627488523721695,0.3418077499954961
n4_d512_r5,4,512,5,8,0.001,0.3127749674022198,0.6514095962047577,0.3398546249954961
n4_d512_r5,4,512,5,9,0.001,0.28642831987235695,0.674287885427475,0.3198696250037756
n4_d512_r5,4,512,5,10,0.001,0.26021919620689005,0.705370157957077,0.32640708301914856
n4_d512_r5,4,512,5,11,0.0005,0.21809261513408273,0.7222063392400742,0.32507774999248795
n4_d512_r5,4,512,5,12,0.0005,0.20249503408558667,0.7431917935609818,0.3824017499864567
n4_d512_r5,4,512,5,13,0.0005,0.19183777400758117,0.7567632347345352,0.34987491701031104
n4_d512_r5,4,512,5,14,0.0005,0.18202414771076292,0.7711151540279388,0.4405204170034267
n4_d512_r5,4,512,5,15,0.0005,0.1735079945065081,0.789444237947464,0.32640900000114925
n4_d512_r5,4,512,5,16,0.0005,0.16588683554437011,0.8033423125743866,0.32255691700265743
n4_d512_r5,4,512,5,17,0.0005,0.15838567988248542,0.8171419352293015,0.3303041250037495
n4_d512_r5,4,512,5,18,0.0005,0.15119642805075273,0.8327680677175522,0.327436374995159
n4_d512_r5,4,512,5,19,0.00025,0.13473217136925086,0.8427958786487579,0.32245112501550466
n4_d512_r5,4,512,5,20,0.00025,0.13004478311631829,0.8532926589250565,0.3614156660041772
n4_d512_r5,4,512,5,21,0.00025,0.12707658595172688,0.8599026799201965,0.3248722920252476
n4_d512_r5,4,512,5,22,0.00025,0.12432117678690702,0.8669350445270538,0.3277584159804974
n4_d1024_r5,4,1024,5,1,0.001,0.814971269108355,0.6137657761573792,0.3434942910098471
n4_d1024_r5,4,1024,5,2,0.001,0.4581690535414964,0.5997302383184433,0.3472014580038376
n4_d1024_r5,4,1024,5,3,0.001,0.33807773026637733,0.6276837289333344,0.36352066599647515
n4_d1024_r5,4,1024,5,4,0.001,0.2386950763175264,0.6658076792955399,0.34790445800172165
n4_d1024_r5,4,1024,5,5,0.001,0.15727209311444312,0.7076751887798309,0.3778305839805398
n4_d1024_r5,4,1024,5,6,0.001,0.09996620024321601,0.7444946318864822,0.3359848749823868
n4_d1024_r5,4,1024,5,7,0.001,0.06208418690948747,0.7578673809766769,0.35780779097694904
n4_d1024_r5,4,1024,5,8,0.001,0.04102108617371414,0.7725519090890884,0.3442920839879662
n4_d1024_r5,4,1024,5,9,0.001,0.02853343787137419,0.7807673662900925,0.32755016698502004
n4_d1024_r5,4,1024,5,10,0.001,0.022663668598397635,0.7726629674434662,0.33107679200475104
n4_d1024_r5,4,1024,5,11,0.0005,0.014558653761923779,0.7690195441246033,0.3410002919845283
n4_d1024_r5,4,1024,5,12,0.0005,0.004698178738181014,0.775970920920372,0.33356833399739116
n4_d1024_r5,4,1024,5,13,0.0005,0.0022361073206411675,0.7770265191793442,0.3770696669816971
n4_d1024_r5,4,1024,5,14,0.0005,0.0012785163535227184,0.7804393023252487,0.3458813749894034
n4_d1024_r5,4,1024,5,15,0.0005,0.0008013771412151982,0.7817939668893814,0.3346588339773007
n4_d1024_r5,4,1024,5,16,0.0005,0.0005480413835812215,0.7825179100036621,0.33563250000588596
n4_d1024_r5,4,1024,5,17,0.0005,0.0003948134600477715,0.7838490009307861,0.3379559169989079
n4_d1024_r5,4,1024,5,18,0.0005,0.0003090146199156152,0.7845667004585266,0.33568433398613706
n4_d1024_r5,4,1024,5,19,0.00025,0.00021179347891120415,0.7842325419187546,0.33537862499360926
n4_d1024_r5,4,1024,5,20,0.00025,0.00010323983687499094,0.7845463454723358,0.33895937498891726
n4_d1024_r5,4,1024,5,21,0.00025,7.41135253434777e-05,0.7846676856279373,0.37351545799174346
n4_d1024_r5,4,1024,5,22,0.00025,6.007562802778921e-05,0.7848855555057526,0.3387724999920465
n4_d2048_r5,4,2048,5,1,0.001,0.8170243450440466,0.6403865367174149,0.3828027500130702
n4_d2048_r5,4,2048,5,2,0.001,0.33460146747529507,0.6479363739490509,0.3740382079849951
n4_d2048_r5,4,2048,5,3,0.001,0.14202308777021244,0.6956838965415955,0.3938066670089029
n4_d2048_r5,4,2048,5,4,0.001,0.05669011932332069,0.6874342113733292,0.38185266699292697
n4_d2048_r5,4,2048,5,5,0.001,0.036751764608197846,0.6852933168411255,0.3786370830202941
n4_d2048_r5,4,2048,5,6,0.001,0.03486389260797296,0.6723033636808395,0.3831603750004433
n4_d2048_r5,4,2048,5,7,0.001,0.03577555302763358,0.6714347749948502,0.4404096250073053
n4_d2048_r5,4,2048,5,8,0.001,0.0363655974942958,0.6612959951162338,0.3873677909723483
n4_d2048_r5,4,2048,5,9,0.001,0.033718683742336,0.6617135405540466,0.3831281250168104
n4_d2048_r5,4,2048,5,10,0.0005,0.025282186004915275,0.6432797461748123,0.37820479201036505
n4_d2048_r5,4,2048,5,11,0.0005,0.004413626727910014,0.6456889808177948,0.38847045798320323
n4_d2048_r5,4,2048,5,12,0.0005,0.0010693262584027252,0.6460380405187607,0.38122412501252256
n4_d2048_r5,4,2048,5,13,0.0005,0.0003116014455599725,0.6461590528488159,0.3856540840060916
n4_d2048_r5,4,2048,5,14,0.0005,0.00010818953052194047,0.6461485475301743,0.4151993749837857
n4_d2048_r5,4,2048,5,15,0.0005,4.700043517402719e-05,0.6461502909660339,0.39276395802153274
n4_d2048_r5,4,2048,5,16,0.0005,2.6975545601715112e-05,0.6461167931556702,0.3888021250022575
n4_d2048_r5,4,2048,5,17,0.0005,2.0944989636006994e-05,0.6461420506238937,0.3829722919908818
n4_d2048_r5,4,2048,5,18,0.00025,1.8435422575180382e-05,0.6461955457925797,0.384119666996412
n4_d2048_r5,4,2048,5,19,0.00025,4.529684781928722e-06,0.6461856812238693,0.3825958750094287
n4_d2048_r5,4,2048,5,20,0.00025,2.1684337219163297e-06,0.6461824476718903,0.41329316701740026
n4_d2048_r5,4,2048,5,21,0.00025,1.4055174510918533e-06,0.6461759209632874,0.44453937499201857
n4_d4096_r5,4,4096,5,1,0.001,0.8641336406581104,0.6944840252399445,0.8488289169908967
n4_d4096_r5,4,4096,5,2,0.001,0.3575235391035676,0.6522781401872635,0.5700274590053596
n4_d4096_r5,4,4096,5,3,0.001,0.1243408159352839,0.6568365097045898,0.598633957997663
n4_d4096_r5,4,4096,5,4,0.001,0.0610253450286109,0.6388071328401566,0.5646644160151482
n4_d4096_r5,4,4096,5,5,0.001,0.04315372239216231,0.6400122344493866,0.6118511250242591
n4_d4096_r5,4,4096,5,6,0.001,0.03255337048904039,0.6262907981872559,0.5704661250056233
n4_d4096_r5,4,4096,5,7,0.001,0.026851961985812522,0.6279756724834442,0.563877250009682
n4_d4096_r5,4,4096,5,8,0.001,0.02346868030144833,0.6201712042093277,0.5718475419853348
n4_d4096_r5,4,4096,5,9,0.001,0.021226960030617192,0.6227325052022934,0.6388384579913691
n4_d4096_r5,4,4096,5,10,0.001,0.019232437989558093,0.6223195344209671,0.6456682090065442
n4_d4096_r5,4,4096,5,11,0.001,0.01853518643474672,0.6173481643199921,0.6283624999923632
n4_d4096_r5,4,4096,5,12,0.001,0.01889585316530429,0.6195971518754959,0.5956055830174591
n4_d4096_r5,4,4096,5,13,0.001,0.019363555154995993,0.6177943795919418,0.6528435419895686
n4_d4096_r5,4,4096,5,14,0.001,0.01949969519773731,0.6204186975955963,0.6492402080039028
n4_d4096_r5,4,4096,5,15,0.001,0.02046296415210236,0.620026484131813,0.5935643329867162
n4_d4096_r5,4,4096,5,16,0.001,0.02052227819513064,0.6189865320920944,0.6249882089905441
n4_d4096_r5,4,4096,5,17,0.001,0.0204580211211578,0.6164648830890656,0.6444531670131255
n4_d4096_r5,4,4096,5,18,0.001,0.02047358353593154,0.6152465343475342,0.6024327919876669
n4_d4096_r5,4,4096,5,19,0.001,0.019512540791765787,0.614653930068016,0.5823057499947026
n4_d4096_r5,4,4096,5,20,0.001,0.018259361262607854,0.6126556247472763,0.5975259999977425
n4_d4096_r5,4,4096,5,21,0.001,0.017164267825137358,0.6175851076841354,0.5770181250118185
n4_d4096_r5,4,4096,5,22,0.001,0.01587804676091764,0.6157009154558182,0.5700537500088103
n4_d4096_r5,4,4096,5,23,0.001,0.01479391846805811,0.6121793836355209,0.5818380420096219
n4_d4096_r5,4,4096,5,24,0.001,0.014523297337291297,0.6131383329629898,0.576432375004515
n4_d4096_r5,4,4096,5,25,0.001,0.013949793756182771,0.6137256473302841,0.6208708340127487
n4_d4096_r5,4,4096,5,26,0.001,0.013902944236178882,0.6120496690273285,0.5737072500050999
n4_d4096_r5,4,4096,5,27,0.001,0.014154169890389312,0.6092265397310257,0.5736387920042034
n4_d4096_r5,4,4096,5,28,0.001,0.014600451591832098,0.6110932976007462,0.5606157089932822
n4_d4096_r5,4,4096,5,29,0.001,0.014928803444490768,0.6177513301372528,0.5555168339924421
n4_d4096_r5,4,4096,5,30,0.001,0.015393014262372162,0.6138134896755219,0.590936790977139
n4_d4096_r5,4,4096,5,31,0.001,0.01515785876836162,0.6101577132940292,0.56246449999162
n4_d4096_r5,4,4096,5,32,0.001,0.014562070828105789,0.6099092215299606,0.6078763330006041
n4_d4096_r5,4,4096,5,33,0.001,0.013695275665668305,0.6079971343278885,0.590433875011513
n4_d4096_r5,4,4096,5,34,0.001,0.013278698228532448,0.609889030456543,0.5687847090011928
n4_d4096_r5,4,4096,5,35,0.001,0.01267016761994455,0.6085357069969177,0.5781470829970203
n4_d4096_r5,4,4096,5,36,0.001,0.012560865456180181,0.610744446516037,0.5640250830037985
n4_d4096_r5,4,4096,5,37,0.001,0.012562510673888028,0.6152773052453995,0.5670215419959277
n4_d4096_r5,4,4096,5,38,0.001,0.012293528983718716,0.6110095977783203,0.569719624996651
n4_d4096_r5,4,4096,5,39,0.001,0.011926651059184223,0.6087988764047623,0.5584632919926662
n4_d4096_r5,4,4096,5,40,0.001,0.012006265875243116,0.6101250648498535,0.5960078749922104
n4_d4096_r5,4,4096,5,41,0.001,0.012155917174823117,0.6048388928174973,0.5585996669833548
n4_d4096_r5,4,4096,5,42,0.001,0.012071569013642147,0.6082422882318497,0.5609778749931138
n4_d4096_r5,4,4096,5,43,0.001,0.011350487766321748,0.6059240996837616,0.5658744169923011
n4_d4096_r5,4,4096,5,44,0.001,0.011103031691163778,0.60712830722332,0.5636723329953384
n4_d4096_r5,4,4096,5,45,0.001,0.010528097154747229,0.6067437529563904,0.5968384169973433
n4_d4096_r5,4,4096,5,46,0.001,0.010346963092160877,0.6056941002607346,0.5673798749921843
n4_d4096_r5,4,4096,5,47,0.001,0.009946657643013168,0.6057616025209427,0.5648759169853292
n4_d4096_r5,4,4096,5,48,0.001,0.009817050264246063,0.6076638102531433,0.6230689169897232
n4_d4096_r5,4,4096,5,49,0.001,0.009696565979538718,0.6065613329410553,0.566994082997553
n4_d4096_r5,4,4096,5,50,0.0005,0.00811534354579635,0.6019745171070099,0.5638245000154711
n4_d4096_r5,4,4096,5,51,0.0005,0.001258023519312701,0.6019503772258759,0.5672032500151545
n4_d4096_r5,4,4096,5,52,0.0005,0.0002888414676363027,0.601302906870842,0.5646208750258666
n4_d4096_r5,4,4096,5,53,0.0005,0.00010945822162966579,0.6017100661993027,0.5598679579852615
n4_d4096_r5,4,4096,5,54,0.0005,6.870029062611138e-05,0.6016100645065308,0.5581510409829207
n4_d4096_r5,4,4096,5,55,0.0005,5.764678348896268e-05,0.6016542017459869,0.5600076660048217
n4_d4096_r5,4,4096,5,56,0.0005,5.539979694901831e-05,0.601581946015358,0.5624524999875575
n4_d4096_r5,4,4096,5,57,0.0005,6.190862885091519e-05,0.6015568524599075,0.5960836249869317
n4_d4096_r5,4,4096,5,58,0.0005,6.863028559678241e-05,0.6018006056547165,0.5574172920023557
n4_d4096_r5,4,4096,5,59,0.0005,8.963595702482507e-05,0.6016402095556259,0.6047757909982465
n4_d4096_r5,4,4096,5,60,0.0005,0.0001239963444845671,0.6016038507223129,0.5598025840008631
n4_d4096_r5,4,4096,5,61,0.00025,0.0001485487989612011,0.6015415042638779,0.5704425000003539
n4_d4096_r5,4,4096,5,62,0.00025,5.004658125074002e-05,0.6015951186418533,0.5565553749911487
n4_d4096_r5,4,4096,5,63,0.00025,3.38439185032513e-05,0.6015765964984894,0.5878549169865437
n4_d4096_r5,4,4096,5,64,0.00025,2.9765248199531413e-05,0.6016298085451126,0.5989794170018286
n4_d4096_r5,4,4096,5,65,0.00025,2.861328714676148e-05,0.6015866696834564,0.5627007500152104
n4_d4096_r5,4,4096,5,66,0.00025,2.8269542852843443e-05,0.6016274839639664,0.5574884169909637
n4_d4096_r5,4,4096,5,67,0.00025,2.8092594210438193e-05,0.6016189157962799,0.556623957992997
n4_d4096_r5,4,4096,5,68,0.00025,2.7888507935447393e-05,0.6016217321157455,0.5767644580046181
n4_d4096_r5,4,4096,5,69,0.000125,2.800287567428228e-05,0.6016483902931213,0.5666458329942543
n4_d4096_r5,4,4096,5,70,0.000125,2.6692707590592057e-05,0.6016460806131363,0.5659159589849878
n4_d4096_r5,4,4096,5,71,0.000125,2.6469850289034813e-05,0.6016596108675003,0.5706564580032136
n4_d4096_r5,4,4096,5,72,0.000125,2.6343469605311087e-05,0.6016623824834824,0.6065474169736262
n4_d64_r6,4,64,6,1,0.001,1.1524081574752927,0.9250756949186325,0.2595331249758601
n4_d64_r6,4,64,6,2,0.001,0.7746805800125003,0.6707654446363449,0.24789512497955002
n4_d64_r6,4,64,6,3,0.001,0.5996259704697877,0.5788789093494415,0.2486656669934746
n4_d64_r6,4,64,6,4,0.001,0.5526080504059792,0.5532079339027405,0.24642304200096987
n4_d64_r6,4,64,6,5,0.001,0.5335751625243574,0.5391449853777885,0.24726695800200105
n4_d64_r6,4,64,6,6,0.001,0.5220185937359929,0.530768021941185,0.24740550000569783
n4_d64_r6,4,64,6,7,0.001,0.5152665507048368,0.5245976373553276,0.24709533399436623
n4_d64_r6,4,64,6,8,0.001,0.5109725261572748,0.5207801312208176,0.24582758301403373
n4_d64_r6,4,64,6,9,0.001,0.508147549116984,0.5181079804897308,0.28538891702191904
n4_d64_r6,4,64,6,10,0.001,0.5062119921203703,0.5164752900600433,0.24629983300110325
n4_d64_r6,4,64,6,11,0.001,0.5045488239265978,0.5143411085009575,0.24883058300474659
n4_d64_r6,4,64,6,12,0.001,0.503521274542436,0.5134663879871368,0.2494806670001708
n4_d64_r6,4,64,6,13,0.001,0.5026492401957512,0.512770265340805,0.24519920800230466
n4_d64_r6,4,64,6,14,0.001,0.5015651506837457,0.5119752213358879,0.2453572500089649
n4_d64_r6,4,64,6,15,0.001,0.5012314880732447,0.5116643607616425,0.24672762499540113
n4_d64_r6,4,64,6,16,0.001,0.5006309340242296,0.5107304751873016,0.2770337499969173
n4_d64_r6,4,64,6,17,0.001,0.5000691879540682,0.5111865252256393,0.251012416993035
n4_d64_r6,4,64,6,18,0.001,0.49963534623384476,0.5102916806936264,0.2435340840020217
n4_d64_r6,4,64,6,19,0.001,0.4994357277173549,0.5113972872495651,0.2444787500135135
n4_d64_r6,4,64,6,20,0.001,0.4989944819826633,0.5097310692071915,0.24876533399219625
n4_d64_r6,4,64,6,21,0.001,0.49861982744187117,0.510223925113678,0.24834262501099147
n4_d64_r6,4,64,6,22,0.001,0.49825513921678066,0.5101281255483627,0.24854795800638385
n4_d64_r6,4,64,6,23,0.001,0.4980649340432137,0.5097686052322388,0.24797299999045208
n4_d64_r6,4,64,6,24,0.001,0.49762380006723106,0.5104039534926414,0.28977454200503416
n4_d64_r6,4,64,6,25,0.001,0.4976108158007264,0.5096628069877625,0.24709354099468328
n4_d64_r6,4,64,6,26,0.001,0.49736443627625704,0.5099149644374847,0.25413379102246836
n4_d64_r6,4,64,6,27,0.001,0.49710052041336894,0.5104706436395645,0.25287674998980947
n4_d64_r6,4,64,6,28,0.001,0.49699024646542966,0.5098913982510567,0.24455425000633113
n4_d64_r6,4,64,6,29,0.001,0.4967000389005989,0.5104078724980354,0.24828387500019744
n4_d64_r6,4,64,6,30,0.001,0.49633072852157056,0.510627493262291,0.2481694169982802
n4_d64_r6,4,64,6,31,0.001,0.4961902075447142,0.5108698606491089,0.26559737499337643
n4_d64_r6,4,64,6,32,0.001,0.4961669568438083,0.5103381499648094,0.28905862499959767
n4_d64_r6,4,64,6,33,0.001,0.49590136716142297,0.5108393877744675,0.2477041670063045
n4_d64_r6,4,64,6,34,0.0005,0.49468710855580866,0.5108896344900131,0.253140542015899
n4_d64_r6,4,64,6,35,0.0005,0.4945195617619902,0.5109052807092667,0.24818391699227504
n4_d64_r6,4,64,6,36,0.0005,0.49449700536206365,0.5109737813472748,0.2955154169758316
n4_d64_r6,4,64,6,37,0.0005,0.4944073387887329,0.511499673128128,0.2958973339991644
n4_d64_r6,4,64,6,38,0.0005,0.49432989954948425,0.5113260298967361,0.25504208300844766
n4_d64_r6,4,64,6,39,0.0005,0.494247775292024,0.5111389979720116,0.2674963340105023
n4_d64_r6,4,64,6,40,0.0005,0.49414085363969207,0.511401504278183,0.31008191700675525
n4_d64_r6,4,64,6,41,0.0005,0.4940824802033603,0.5118966847658157,0.27290524999261834
n4_d64_r6,4,64,6,42,0.00025,0.49346228572539985,0.5117357075214386,0.2746320830192417
n4_d64_r6,4,64,6,43,0.00025,0.4933645536657423,0.5115757584571838,0.25790562498150393
n4_d64_r6,4,64,6,44,0.00025,0.4933696901425719,0.5115809589624405,0.2556977499916684
n4_d64_r6,4,64,6,45,0.00025,0.49333224445581436,0.5117902755737305,0.26395658298861235
n4_d128_r6,4,128,6,1,0.001,0.8616978158243,0.6568218171596527,0.2805840829969384
n4_d128_r6,4,128,6,2,0.001,0.5954242085572332,0.5579967945814133,0.30238495802041143
n4_d128_r6,4,128,6,3,0.001,0.5482456642203033,0.5374124348163605,0.2709060409979429
n4_d128_r6,4,128,6,4,0.001,0.528187622781843,0.528395339846611,0.2640950829954818
n4_d128_r6,4,128,6,5,0.001,0.5155250567477196,0.5222497582435608,0.2671034169907216
n4_d128_r6,4,128,6,6,0.001,0.5076348257716745,0.5199653133749962,0.2649007920117583
n4_d128_r6,4,128,6,7,0.001,0.5022605918347836,0.5174800902605057,0.2792392080009449
n4_d128_r6,4,128,6,8,0.001,0.49813863658346236,0.5161912739276886,0.3219385829870589
n4_d128_r6,4,128,6,9,0.001,0.4951084943022579,0.5157885253429413,0.29276266699889675
n4_d128_r6,4,128,6,10,0.001,0.4926270595751703,0.5161756873130798,0.30027041598805226
n4_d128_r6,4,128,6,11,0.001,0.49032723042182624,0.5154084488749504,0.3034781670139637
n4_d128_r6,4,128,6,12,0.001,0.48893045098520815,0.5184695273637772,0.2676550419710111
n4_d128_r6,4,128,6,13,0.001,0.48671940015628934,0.5173561275005341,0.2658944580180105
n4_d128_r6,4,128,6,14,0.001,0.4854448023252189,0.5183926522731781,0.2646028749877587
n4_d128_r6,4,128,6,15,0.001,0.48389603570103645,0.5192260518670082,0.26747945899842307
n4_d128_r6,4,128,6,16,0.001,0.48255930352024734,0.5199045985937119,0.2650351670163218
n4_d128_r6,4,128,6,17,0.001,0.4811835603322834,0.5201582610607147,0.26605741601088084
n4_d128_r6,4,128,6,18,0.001,0.4802149529568851,0.5218222588300705,0.2991427500091959
n4_d128_r6,4,128,6,19,0.001,0.4793626132886857,0.5228846073150635,0.2700681669812184
n4_d128_r6,4,128,6,20,0.0005,0.47559326258488,0.5225920528173447,0.2579595829884056
n4_d128_r6,4,128,6,21,0.0005,0.4749727190937847,0.5225731432437897,0.2573502500017639
n4_d128_r6,4,128,6,22,0.0005,0.4745404669083655,0.5231982618570328,0.26321804098552093
n4_d128_r6,4,128,6,23,0.0005,0.4740803954191506,0.5232809036970139,0.2645965419942513
n4_d128_r6,4,128,6,24,0.0005,0.47354353521950543,0.5236636698246002,0.26177495799493045
n4_d128_r6,4,128,6,25,0.0005,0.4732350429985672,0.5241048038005829,0.2615491670148913
n4_d128_r6,4,128,6,26,0.0005,0.4727715931367129,0.5242106318473816,0.2939264159940649
n4_d128_r6,4,128,6,27,0.0005,0.472267656121403,0.5247277319431305,0.2641820419812575
n4_d128_r6,4,128,6,28,0.00025,0.47050645598210394,0.5248810201883316,0.25673012499464676
n4_d128_r6,4,128,6,29,0.00025,0.470185432350263,0.5252653360366821,0.26557120800134726
n4_d128_r6,4,128,6,30,0.00025,0.470053801080212,0.525499165058136,0.2612428750144318
n4_d128_r6,4,128,6,31,0.00025,0.46988752973265946,0.525614008307457,0.2621763750212267
n4_d256_r6,4,256,6,1,0.001,0.8351161708123982,0.6285209506750107,0.2676294159900863
n4_d256_r6,4,256,6,2,0.001,0.5605664558243006,0.5602682083845139,0.27008437499171123
n4_d256_r6,4,256,6,3,0.001,0.5200005755759776,0.5495128929615021,0.31439579199650325
n4_d256_r6,4,256,6,4,0.001,0.49820981663651764,0.5423010736703873,0.2646164170000702
n4_d256_r6,4,256,6,5,0.001,0.48426928161643445,0.5396665036678314,0.2720754999900237
n4_d256_r6,4,256,6,6,0.001,0.4731320694554597,0.5393932312726974,0.2633864999806974
n4_d256_r6,4,256,6,7,0.001,0.4646392816212028,0.5393117219209671,0.2630809999827761
n4_d256_r6,4,256,6,8,0.001,0.45672180713154376,0.5440698862075806,0.25968504199408926
n4_d256_r6,4,256,6,9,0.001,0.4499542589765042,0.5457736700773239,0.26761795798665844
n4_d256_r6,4,256,6,10,0.001,0.4437289529014379,0.5502244383096695,0.2672618750075344
n4_d256_r6,4,256,6,11,0.001,0.43744171177968383,0.5583529025316238,0.3176128329942003
n4_d256_r6,4,256,6,12,0.001,0.43155735405161977,0.5600835382938385,0.28799883398460224
n4_d256_r6,4,256,6,13,0.001,0.4263040970545262,0.5692586600780487,0.28744983300566673
n4_d256_r6,4,256,6,14,0.001,0.4210970434360206,0.5759171545505524,0.27861958302673884
n4_d256_r6,4,256,6,15,0.001,0.41625519120134413,0.5810910761356354,0.2723804170091171
n4_d256_r6,4,256,6,16,0.0005,0.4039797147270292,0.5801094174385071,0.26553004200104624
n4_d256_r6,4,256,6,17,0.0005,0.4008193479385227,0.5836871117353439,0.2660594580229372
n4_d256_r6,4,256,6,18,0.0005,0.39821640006266534,0.5888291895389557,0.2597461670229677
n4_d256_r6,4,256,6,19,0.0005,0.39603175851516426,0.5914755463600159,0.31747629202436656
n4_d256_r6,4,256,6,20,0.0005,0.39341574371792376,0.5958392471075058,0.2651651670166757
n4_d256_r6,4,256,6,21,0.0005,0.3919198252260685,0.5977665185928345,0.25859662500442937
n4_d256_r6,4,256,6,22,0.0005,0.3896206396166235,0.6012115776538849,0.26732641700073145
n4_d256_r6,4,256,6,23,0.0005,0.38777241413481534,0.6050666868686676,0.2622359169763513
n4_d256_r6,4,256,6,24,0.00025,0.38116410840302706,0.6064168810844421,0.2724544170196168
n4_d256_r6,4,256,6,25,0.00025,0.37979270494543016,0.6086296588182449,0.27995450000162236
n4_d256_r6,4,256,6,26,0.00025,0.37889929465018213,0.6109627038240433,0.26841258400236256
n4_d256_r6,4,256,6,27,0.00025,0.3780928715132177,0.61215940117836,0.3161173749831505
n4_d512_r6,4,512,6,1,0.001,0.8618538305163383,0.6358774900436401,0.31538204100797884
n4_d512_r6,4,512,6,2,0.001,0.5405091566499323,0.5815917253494263,0.3155499999993481
n4_d512_r6,4,512,6,3,0.001,0.4729322511702776,0.579355001449585,0.32521608399110846
n4_d512_r6,4,512,6,4,0.001,0.43293180223554373,0.5814366042613983,0.31607220898149535
n4_d512_r6,4,512,6,5,0.001,0.39950998057611287,0.5933469086885452,0.31650841698865406
n4_d512_r6,4,512,6,6,0.001,0.368663985747844,0.6136851012706757,0.31718708301195875
n4_d512_r6,4,512,6,7,0.001,0.3397282666992396,0.6392550766468048,0.3788665839820169
n4_d512_r6,4,512,6,8,0.001,0.3118710693670437,0.6621918976306915,0.3114311250101309
n4_d512_r6,4,512,6,9,0.001,0.28664231149014086,0.6861712485551834,0.31628816699958406
n4_d512_r6,4,512,6,10,0.001,0.2630169403273612,0.7081323862075806,0.30976595799438655
n4_d512_r6,4,512,6,11,0.001,0.24247980338986963,0.7354904860258102,0.313327791984193
n4_d512_r6,4,512,6,12,0.0005,0.2028494905680418,0.7551935315132141,0.31010137501289137
n4_d512_r6,4,512,6,13,0.0005,0.1888711346546188,0.772124394774437,0.3133294580038637
n4_d512_r6,4,512,6,14,0.0005,0.18003806890919805,0.7885926067829132,0.30944587499834597
n4_d512_r6,4,512,6,15,0.0005,0.17176381219178438,0.8019034713506699,0.3620132500072941
n4_d512_r6,4,512,6,16,0.0005,0.16479719313792884,0.820828452706337,0.3150802080053836
n4_d512_r6,4,512,6,17,0.0005,0.15858571731951088,0.8318353742361069,0.31157599997823127
n4_d512_r6,4,512,6,18,0.0005,0.15183282812358811,0.8426739126443863,0.32030716599547304
n4_d512_r6,4,512,6,19,0.0005,0.14610229199752212,0.8574910759925842,0.31052912498125806
n4_d512_r6,4,512,6,20,0.00025,0.1298500900156796,0.8672550767660141,0.3102061250247061
n4_d512_r6,4,512,6,21,0.00025,0.12562152522150427,0.8775164633989334,0.31460749998223037
n4_d512_r6,4,512,6,22,0.00025,0.12276625301456079,0.8857132196426392,0.3454678750131279
n4_d512_r6,4,512,6,23,0.00025,0.12026260606944561,0.8937313854694366,0.31703912501689047
n4_d1024_r6,4,1024,6,1,0.001,0.9057832048274577,0.6553224623203278,0.32995312500861473
n4_d1024_r6,4,1024,6,2,0.001,0.4822687543928623,0.601444274187088,0.3304601249983534
n4_d1024_r6,4,1024,6,3,0.001,0.3522944226861,0.6291983872652054,0.32573795900680125
n4_d1024_r6,4,1024,6,4,0.001,0.25779808941297233,0.6560253202915192,0.3261746669886634
n4_d1024_r6,4,1024,6,5,0.001,0.1797268282971345,0.7149701416492462,0.326687791995937
n4_d1024_r6,4,1024,6,6,0.001,0.1191378339426592,0.7339474260807037,0.3276301249861717
n4_d1024_r6,4,1024,6,7,0.001,0.07681929963291623,0.7592419683933258,0.3656794999842532
n4_d1024_r6,4,1024,6,8,0.001,0.05147698969813064,0.7796448469161987,0.33069491700734943
n4_d1024_r6,4,1024,6,9,0.001,0.03552607314486522,0.7841900289058685,0.3237914159835782
n4_d1024_r6,4,1024,6,10,0.001,0.026410069956909865,0.7984743267297745,0.326273166021565
n4_d1024_r6,4,1024,6,11,0.0005,0.016490370806423016,0.7896142601966858,0.32734383398201317
n4_d1024_r6,4,1024,6,12,0.0005,0.005938525478995871,0.7932712286710739,0.33458650001557544
n4_d1024_r6,4,1024,6,13,0.0005,0.003183463666573516,0.7986781597137451,0.32605204201536253
n4_d1024_r6,4,1024,6,14,0.0005,0.0020170997058812645,0.800923615694046,0.32763670801068656
n4_d1024_r6,4,1024,6,15,0.0005,0.0013562244844251836,0.8038413822650909,0.36633133300347254
n4_d1024_r6,4,1024,6,16,0.0005,0.000963716998739983,0.8045544326305389,0.326638833998004
n4_d1024_r6,4,1024,6,17,0.0005,0.0007250350615777279,0.8057478070259094,0.3325834170100279
n4_d1024_r6,4,1024,6,18,0.0005,0.0005881135473373433,0.8069646060466766,0.3304621249844786
n4_d1024_r6,4,1024,6,19,0.00025,0.00040383113389452774,0.8076855391263962,0.3223402500152588
n4_d1024_r6,4,1024,6,20,0.00025,0.00020673458942610523,0.8080665171146393,0.32539929199265316
n4_d1024_r6,4,1024,6,21,0.00025,0.0001546473811231408,0.8086449801921844,0.323383416980505
n4_d1024_r6,4,1024,6,22,0.00025,0.00012685849708304886,0.8088733404874802,0.358749999984866
n4_d2048_r6,4,2048,6,1,0.001,0.8090043268166482,0.6204489022493362,0.3816628339991439
n4_d2048_r6,4,2048,6,2,0.001,0.3333866037428379,0.630578875541687,0.3732961659843568
n4_d2048_r6,4,2048,6,3,0.001,0.14136633381713182,0.6768779158592224,0.3822611670184415
n4_d2048_r6,4,2048,6,4,0.001,0.057393649651203305,0.6783042997121811,0.3708775830164086
n4_d2048_r6,4,2048,6,5,0.001,0.03817775411880575,0.6700630187988281,0.3868965840083547
n4_d2048_r6,4,2048,6,6,0.001,0.03501806933491025,0.6735987216234207,0.38136233398108743
n4_d2048_r6,4,2048,6,7,0.001,0.034449525861418806,0.6563854515552521,0.3765061250014696
n4_d2048_r6,4,2048,6,8,0.001,0.03372076428786386,0.6626650243997574,0.4170937500020955
n4_d2048_r6,4,2048,6,9,0.001,0.03236755952821113,0.6494657099246979,0.3718171250075102
n4_d2048_r6,4,2048,6,10,0.0005,0.02454664856486488,0.6376514732837677,0.3671098329941742
n4_d2048_r6,4,2048,6,11,0.0005,0.004604448589816457,0.6385742872953415,0.39317508300882764
n4_d2048_r6,4,2048,6,12,0.0005,0.00114526407151061,0.6382102519273758,0.4023971669957973
n4_d2048_r6,4,2048,6,13,0.0005,0.0003243937052275214,0.6388257145881653,0.37609820801299065
n4_d2048_r6,4,2048,6,14,0.0005,0.00011305967740327105,0.6385896652936935,0.38159366699983366
n4_d2048_r6,4,2048,6,15,0.0005,4.6839362738637647e-05,0.6388112157583237,0.37715983399539255
n4_d2048_r6,4,2048,6,16,0.0005,2.5584658970956298e-05,0.6388546973466873,0.417668332986068
n4_d2048_r6,4,2048,6,17,0.0005,1.8766817923676626e-05,0.638685867190361,0.3775695830117911
n4_d2048_r6,4,2048,6,18,0.00025,1.4863429754541357e-05,0.638790488243103,0.36935312498826534
n4_d2048_r6,4,2048,6,19,0.00025,2.736854916918219e-06,0.6387481391429901,0.37756079199607484
n4_d2048_r6,4,2048,6,20,0.00025,9.081372587260717e-07,0.6387585252523422,0.3714099999924656
n4_d2048_r6,4,2048,6,21,0.00025,4.17809544017711e-07,0.6387529373168945,0.37305958301294595
n4_d4096_r6,4,4096,6,1,0.001,0.8760841516777873,0.7230187356472015,0.5992047500039916
n4_d4096_r6,4,4096,6,2,0.001,0.33762417268007994,0.6713544577360153,0.5988988750032149
n4_d4096_r6,4,4096,6,3,0.001,0.0953457661671564,0.6689355969429016,0.55719037502422
n4_d4096_r6,4,4096,6,4,0.001,0.05127750927931629,0.6559681296348572,0.6463160419953056
n4_d4096_r6,4,4096,6,5,0.001,0.04167626713751815,0.6491736173629761,0.6272527919791173
n4_d4096_r6,4,4096,6,6,0.001,0.034737982859951444,0.6436925977468491,0.5948917499918025
n4_d4096_r6,4,4096,6,7,0.001,0.030239844796597026,0.6401610374450684,0.7142076669842936
n4_d4096_r6,4,4096,6,8,0.001,0.02927360155445058,0.6371723562479019,0.6086799160111696
n4_d4096_r6,4,4096,6,9,0.001,0.02734182300628163,0.6375821977853775,0.5647390420199372
n4_d4096_r6,4,4096,6,10,0.001,0.02584238280542195,0.633857861161232,0.6000698329880834
n4_d4096_r6,4,4096,6,11,0.001,0.025512232197797857,0.6338315606117249,0.6145944170129951
n4_d4096_r6,4,4096,6,12,0.001,0.024839957943186164,0.6306901574134827,0.5709926249983255
n4_d4096_r6,4,4096,6,13,0.001,0.02358601008018013,0.6265719830989838,0.5639863340184093
n4_d4096_r6,4,4096,6,14,0.001,0.023359522674581967,0.6299275904893875,0.5821002919983584
n4_d4096_r6,4,4096,6,15,0.001,0.023282586960704066,0.6295943558216095,0.5733634170028381
n4_d4096_r6,4,4096,6,16,0.001,0.023249899124493822,0.62431600689888,0.5690104580135085
n4_d4096_r6,4,4096,6,17,0.001,0.0223591137182666,0.6271503120660782,0.5658576249843463
n4_d4096_r6,4,4096,6,18,0.001,0.021548273456573952,0.6219698041677475,0.604873874981422
n4_d4096_r6,4,4096,6,19,0.001,0.020927048026351258,0.6215243935585022,0.5727052500005811
n4_d4096_r6,4,4096,6,20,0.001,0.02025586013769498,0.6217401772737503,0.5701572499820031
n4_d4096_r6,4,4096,6,21,0.001,0.019560362125048414,0.6164642572402954,0.5636642090103123
n4_d4096_r6,4,4096,6,22,0.001,0.01882910627318779,0.6156321913003922,0.5661242909845896
n4_d4096_r6,4,4096,6,23,0.001,0.018405822840577457,0.6178255528211594,0.573122792004142
n4_d4096_r6,4,4096,6,24,0.001,0.018200875725597143,0.6197496354579926,0.5892483329807874
n4_d4096_r6,4,4096,6,25,0.001,0.018352882339968346,0.6151195019483566,0.592573458008701
n4_d4096_r6,4,4096,6,26,0.001,0.01847626089147525,0.6151481568813324,0.6159775829873979
n4_d4096_r6,4,4096,6,27,0.001,0.017971232846321072,0.6209771633148193,0.5801099160162266
n4_d4096_r6,4,4096,6,28,0.001,0.018060688431432936,0.6132405698299408,0.5834050000121351
n4_d4096_r6,4,4096,6,29,0.001,0.018122040848538745,0.6160935014486313,0.6088367080083117
n4_d4096_r6,4,4096,6,30,0.001,0.018116024235496297,0.6187261343002319,0.588840042008087
n4_d4096_r6,4,4096,6,31,0.001,0.017822412693931255,0.6128063648939133,0.5874902500072494
n4_d4096_r6,4,4096,6,32,0.001,0.01674983818520559,0.615543395280838,0.5693983329983894
n4_d4096_r6,4,4096,6,33,0.001,0.01575265575957019,0.6102236956357956,0.573849499982316
n4_d4096_r6,4,4096,6,34,0.001,0.015115893045731355,0.6136278957128525,0.6202031660068315
n4_d4096_r6,4,4096,6,35,0.001,0.014657991254352964,0.6153431981801987,0.5635980840015691
n4_d4096_r6,4,4096,6,36,0.001,0.014286220924986992,0.6093454957008362,0.566584416985279
n4_d4096_r6,4,4096,6,37,0.001,0.014104565096204169,0.6102219521999359,0.5750489589991048
n4_d4096_r6,4,4096,6,38,0.001,0.013876733217330184,0.6113096922636032,0.5840238750097342
n4_d4096_r6,4,4096,6,39,0.001,0.013932045869296417,0.6062394380569458,0.5890733749838546
n4_d4096_r6,4,4096,6,40,0.001,0.014308081779745407,0.6118561923503876,0.6336799999990035
n4_d4096_r6,4,4096,6,41,0.001,0.014515157810819801,0.6072467714548111,0.6748565000016242
n4_d4096_r6,4,4096,6,42,0.001,0.014375958722666837,0.6122914105653763,0.7674980000010692
n4_d4096_r6,4,4096,6,43,0.001,0.01499073431477882,0.6059626489877701,0.7313967090158258
n4_d4096_r6,4,4096,6,44,0.001,0.014939068219973706,0.6097911596298218,0.6377983750135172
n4_d4096_r6,4,4096,6,45,0.001,0.014004270524310414,0.607409656047821,0.6295035000075586
n4_d4096_r6,4,4096,6,46,0.001,0.013559179707954172,0.607421338558197,0.6592207499779761
n4_d4096_r6,4,4096,6,47,0.001,0.01255330480489647,0.6103859841823578,0.7056877919822
n4_d4096_r6,4,4096,6,48,0.001,0.01173206666862825,0.6058890372514725,0.6714920829981565
n4_d4096_r6,4,4096,6,49,0.001,0.011201756795344409,0.6024866849184036,0.6904836670146324
n4_d4096_r6,4,4096,6,50,0.001,0.010605316099827178,0.6109744757413864,0.6582952500029933
n4_d4096_r6,4,4096,6,51,0.001,0.010182354471908184,0.6052149683237076,0.6496599999954924
n4_d4096_r6,4,4096,6,52,0.001,0.01018728888448095,0.6044360995292664,0.6147025829995982
n4_d4096_r6,4,4096,6,53,0.001,0.010427916342450771,0.6021598875522614,0.6745303749921732
n4_d4096_r6,4,4096,6,54,0.001,0.010777930350741372,0.6056905537843704,0.5731033330084756
n4_d4096_r6,4,4096,6,55,0.001,0.011535023200849537,0.6019859164953232,0.6546272090054117
n4_d4096_r6,4,4096,6,56,0.001,0.012028317221847828,0.6050987094640732,0.6783970830147155
n4_d4096_r6,4,4096,6,57,0.001,0.011970833074883558,0.6035730242729187,0.6379248339799233
n4_d4096_r6,4,4096,6,58,0.001,0.012043690294376574,0.6036854535341263,0.7657278330007102
n4_d4096_r6,4,4096,6,59,0.001,0.011522865373990498,0.6022950857877731,0.6644566250033677
n4_d4096_r6,4,4096,6,60,0.001,0.010583284340100363,0.601814478635788,0.6622034580213949
n4_d4096_r6,4,4096,6,61,0.001,0.009920012518705335,0.6012153774499893,0.6681673339917324
n4_d4096_r6,4,4096,6,62,0.001,0.009279513007641071,0.5998988002538681,0.622009499988053
n4_d4096_r6,4,4096,6,63,0.001,0.008901708162738942,0.5981533080339432,0.6641231669927947
n4_d4096_r6,4,4096,6,64,0.001,0.008425124222412705,0.6008903831243515,0.6315037919848692
n4_d4096_r6,4,4096,6,65,0.001,0.008290185058285715,0.5995817184448242,0.6524720000161324
n4_d4096_r6,4,4096,6,66,0.001,0.008367262744286563,0.6005353629589081,0.6009173750062473
n4_d4096_r6,4,4096,6,67,0.001,0.008963239466538653,0.5990981906652451,0.6545064999954775
n4_d4096_r6,4,4096,6,68,0.001,0.009435230786039028,0.5993755459785461,0.7169794169894885
n4_d4096_r6,4,4096,6,69,0.001,0.009100385577767156,0.6012887805700302,0.6480070830148179
n4_d4096_r6,4,4096,6,70,0.001,0.008851666319969809,0.5992524772882462,0.6409153749991674
n4_d4096_r6,4,4096,6,71,0.001,0.008669437618664233,0.6024377942085266,0.5925586659868713
n4_d4096_r6,4,4096,6,72,0.0005,0.007097726695064921,0.5964072346687317,0.5822608339949511
n4_d4096_r6,4,4096,6,73,0.0005,0.0010458038536853564,0.5963632017374039,0.6012644169968553
n4_d4096_r6,4,4096,6,74,0.0005,0.0002028322843443675,0.5957604795694351,0.686729374981951
n4_d4096_r6,4,4096,6,75,0.0005,4.285021252314891e-05,0.5961307734251022,0.6256314580095932
n4_d4096_r6,4,4096,6,76,0.0005,1.2628011130999539e-05,0.5958472341299057,0.5719636249996256
n4_d4096_r6,4,4096,6,77,0.0005,4.94227669456393e-06,0.5959850996732712,0.560496541991597
n4_d4096_r6,4,4096,6,78,0.0005,2.6472172471869726e-06,0.595944806933403,0.5722807080019265
n4_d4096_r6,4,4096,6,79,0.0005,2.1299279495679002e-06,0.5959806591272354,0.5798108750022948
n4_d4096_r6,4,4096,6,80,0.0005,2.2060181152916414e-06,0.5959451198577881,0.6410704999871086
n4_d4096_r6,4,4096,6,81,0.0005,2.3106877402589987e-06,0.595986396074295,0.6693388339772355
n4_d4096_r6,4,4096,6,82,0.0005,3.2638823812547457e-06,0.5959689617156982,0.6232055839791428
n4_d4096_r6,4,4096,6,83,0.00025,5.094394447624495e-06,0.5959718078374863,0.6333348329935689
n4_d4096_r6,4,4096,6,84,0.00025,1.8879419374506767e-06,0.5959749668836594,0.6072572499979287
n4_d4096_r6,4,4096,6,85,0.00025,1.1958828034508429e-06,0.5959645956754684,0.6385267089935951
n4_d4096_r6,4,4096,6,86,0.00025,9.66083891662528e-07,0.5959662199020386,0.5961495840165298
n4_d4096_r6,4,4096,6,87,0.00025,8.836171214443578e-07,0.5959682464599609,0.5843542910006363
n4_d4096_r6,4,4096,6,88,0.00025,8.788599381304163e-07,0.5959681868553162,0.6186406250053551
n4_d4096_r6,4,4096,6,89,0.00025,9.94251540986646e-07,0.5959686785936356,0.7309381249942817
n4_d4096_r6,4,4096,6,90,0.00025,1.1656856677699778e-06,0.5959647744894028,0.6061526669946034
n4_d4096_r6,4,4096,6,91,0.000125,1.04097779807244e-06,0.5959625691175461,0.6153351669781841
n4_d4096_r6,4,4096,6,92,0.000125,7.276305185599519e-07,0.5959661453962326,0.6382132500002626
n4_d4096_r6,4,4096,6,93,0.000125,6.890001846039662e-07,0.5959651917219162,0.6486037080176175
n4_d4096_r6,4,4096,6,94,0.000125,6.779497126489439e-07,0.5959645509719849,0.5994465840049088
n4_d64_r7,4,64,7,1,0.001,1.08472709544003,0.8647550195455551,0.2897004999977071
n4_d64_r7,4,64,7,2,0.001,0.717817593831569,0.6363521665334702,0.24976537501788698
n4_d64_r7,4,64,7,3,0.001,0.5847835892345756,0.5738468021154404,0.28549883401137777
n4_d64_r7,4,64,7,4,0.001,0.5511858842801303,0.5529136210680008,0.2799418750219047
n4_d64_r7,4,64,7,5,0.001,0.5340519924648106,0.5401152819395065,0.28473691700492054
n4_d64_r7,4,64,7,6,0.001,0.5228995385114104,0.5327845066785812,0.2506975829892326
n4_d64_r7,4,64,7,7,0.001,0.5158841894008219,0.5285212099552155,0.24981858298997395
n4_d64_r7,4,64,7,8,0.001,0.5115165275055915,0.5253782570362091,0.24596758300322108
n4_d64_r7,4,64,7,9,0.001,0.508751189801842,0.5241756737232208,0.30293508400791325
n4_d64_r7,4,64,7,10,0.001,0.506981479935348,0.5220591574907303,0.2718842920148745
n4_d64_r7,4,64,7,11,0.001,0.5056720883585513,0.5213041454553604,0.29366533301072195
n4_d64_r7,4,64,7,12,0.001,0.5046476270072162,0.5217909961938858,0.27017350000096485
n4_d64_r7,4,64,7,13,0.001,0.5038861292414367,0.520822286605835,0.25957041699439287
n4_d64_r7,4,64,7,14,0.001,0.5033384603448212,0.5207264721393585,0.25497270800406113
n4_d64_r7,4,64,7,15,0.001,0.5028091433923692,0.5196807980537415,0.262123624997912
n4_d64_r7,4,64,7,16,0.001,0.5024193043354899,0.5196905732154846,0.2910089580109343
n4_d64_r7,4,64,7,17,0.001,0.5020538128446788,0.5199389755725861,0.2946757500176318
n4_d64_r7,4,64,7,18,0.001,0.5016654392238706,0.5193163752555847,0.26918987501994707
n4_d64_r7,4,64,7,19,0.001,0.5015340335667133,0.5191230624914169,0.25800545801757835
n4_d64_r7,4,64,7,20,0.001,0.5012432099319994,0.5189584493637085,0.24789754100493155
n4_d64_r7,4,64,7,21,0.001,0.5008479163516313,0.5191824436187744,0.2614924579975195
n4_d64_r7,4,64,7,22,0.001,0.5007298635318875,0.5194942057132721,0.30680283400579356
n4_d64_r7,4,64,7,23,0.001,0.5005205280613154,0.5190544724464417,0.2824792919855099
n4_d64_r7,4,64,7,24,0.001,0.5003245398402214,0.5190819054841995,0.3516849169973284
n4_d64_r7,4,64,7,25,0.001,0.5000624754466116,0.5185999870300293,0.2783869590202812
n4_d64_r7,4,64,7,26,0.001,0.4999202119652182,0.5188075602054596,0.2815370000025723
n4_d64_r7,4,64,7,27,0.001,0.4996562891174108,0.5187920331954956,0.3122667499992531
n4_d64_r7,4,64,7,28,0.001,0.49961995403282344,0.5186095386743546,0.2678681669931393
n4_d64_r7,4,64,7,29,0.001,0.49938414711505175,0.518339529633522,0.2671461660065688
n4_d64_r7,4,64,7,30,0.001,0.49939854093827307,0.5186108648777008,0.28806370799429715
n4_d64_r7,4,64,7,31,0.001,0.4991764756850898,0.5187232941389084,0.24870341701898724
n4_d64_r7,4,64,7,32,0.001,0.49898961558938026,0.5185982435941696,0.29171437499462627
n4_d64_r7,4,64,7,33,0.001,0.49886397109366953,0.5182861238718033,0.2493958749982994
n4_d64_r7,4,64,7,34,0.001,0.4987348588183522,0.5183855146169662,0.25129945899243467
n4_d64_r7,4,64,7,35,0.001,0.4986167636234313,0.5184890180826187,0.24746716700610705
n4_d64_r7,4,64,7,36,0.001,0.498648336622864,0.5190293043851852,0.25642020799568854
n4_d64_r7,4,64,7,37,0.001,0.4983218798879534,0.5187014788389206,0.29433458400308155
n4_d64_r7,4,64,7,38,0.001,0.49835713603533804,0.519063413143158,0.304382208007155
n4_d64_r7,4,64,7,39,0.001,0.4980474265757948,0.5184728801250458,0.274966333003249
n4_d64_r7,4,64,7,40,0.001,0.4981280229985714,0.5187810659408569,0.3189079580188263
n4_d64_r7,4,64,7,41,0.001,0.49790991796180606,0.5186393558979034,0.25575470898183994
n4_d64_r7,4,64,7,42,0.0005,0.4967730457428843,0.5184662789106369,0.2624865419929847
n4_d64_r7,4,64,7,43,0.0005,0.4967110746074468,0.5181180238723755,0.26123849998111837
n4_d64_r7,4,64,7,44,0.0005,0.4967188995797187,0.5183829814195633,0.2549342089914717
n4_d64_r7,4,64,7,45,0.0005,0.4965068935416639,0.5183611512184143,0.24709687501308508
n4_d64_r7,4,64,7,46,0.0005,0.49649912770837545,0.5183752030134201,0.26222862501163036
n4_d64_r7,4,64,7,47,0.0005,0.4965280774049461,0.5180507898330688,0.28064087498933077
n4_d64_r7,4,64,7,48,0.0005,0.4964490099810064,0.5181667059659958,0.28951620901352726
n4_d64_r7,4,64,7,49,0.0005,0.49640581756830215,0.5180207043886185,0.262088749994291
n4_d64_r7,4,64,7,50,0.0005,0.49635476991534233,0.518705740571022,0.26222170898108743
n4_d64_r7,4,64,7,51,0.0005,0.4962641908787191,0.5180643945932388,0.24708645799546503
n4_d64_r7,4,64,7,52,0.0005,0.49646837124601007,0.5181908309459686,0.2456364170066081
n4_d64_r7,4,64,7,53,0.0005,0.49620226584374905,0.5181267112493515,0.24788295797770843
n4_d64_r7,4,64,7,54,0.0005,0.49623956880532205,0.5182422697544098,0.26933770801406354
n4_d64_r7,4,64,7,55,0.0005,0.49620725866407156,0.5182997435331345,0.2733055409917142
n4_d64_r7,4,64,7,56,0.0005,0.49603694793768227,0.5182285904884338,0.31009758298750967
n4_d64_r7,4,64,7,57,0.0005,0.49605372454971075,0.5183059722185135,0.2637682080094237
n4_d64_r7,4,64,7,58,0.00025,0.4955165039282292,0.5181434601545334,0.2598820420098491
n4_d64_r7,4,64,7,59,0.00025,0.49544426263310015,0.5183426886796951,0.26654308300931007
n4_d64_r7,4,64,7,60,0.00025,0.49543027696199715,0.5181156694889069,0.2513343330065254
n4_d64_r7,4,64,7,61,0.00025,0.4954001670703292,0.5181359350681305,0.2745515829883516
n4_d64_r7,4,64,7,62,0.00025,0.4954026050399989,0.5181509256362915,0.26803833298617974
n4_d64_r7,4,64,7,63,0.00025,0.49538866546936333,0.5181402266025543,0.30458291701506823
n4_d64_r7,4,64,7,64,0.00025,0.4953751261346042,0.5182679742574692,0.27284379201591946
n4_d64_r7,4,64,7,65,0.00025,0.49530781339854,0.5180745124816895,0.2774432910082396
n4_d64_r7,4,64,7,66,0.000125,0.4949947146233171,0.5179713517427444,0.3003874580026604
n4_d64_r7,4,64,7,67,0.000125,0.49496801011264324,0.5181030929088593,0.2751363750139717
n4_d64_r7,4,64,7,68,0.000125,0.4949729717336595,0.5180749297142029,0.2529066249844618
n4_d64_r7,4,64,7,69,0.000125,0.4949589434545487,0.5179954320192337,0.25305954201030545
n4_d64_r7,4,64,7,70,0.000125,0.4949569199234247,0.5181149393320084,0.24832712500938214
n4_d64_r7,4,64,7,71,0.000125,0.4949600959662348,0.5181184858083725,0.2481890420021955
n4_d64_r7,4,64,7,72,0.000125,0.49492688034661114,0.5180503278970718,0.2859073329891544
n4_d64_r7,4,64,7,73,0.000125,0.49491876270622015,0.5179862529039383,0.2458926249819342
n4_d64_r7,4,64,7,74,0.000125,0.4949089752044529,0.5180629193782806,0.24594179200357758
n4_d64_r7,4,64,7,75,6.25e-05,0.49475253839045763,0.5180710703134537,0.2492110830207821
n4_d64_r7,4,64,7,76,6.25e-05,0.49473813688382506,0.5180774331092834,0.24744079101947136
n4_d64_r7,4,64,7,77,6.25e-05,0.4947334127500653,0.5180559009313583,0.2708766660070978
n4_d64_r7,4,64,7,78,6.25e-05,0.4947308171540499,0.5180746167898178,0.28748012500000186
n4_d64_r7,4,64,7,79,6.25e-05,0.4947281344793737,0.5180312544107437,0.3036473340180237
n4_d64_r7,4,64,7,80,6.25e-05,0.49471798329614103,0.5180220752954483,0.2637123750173487
n4_d64_r7,4,64,7,81,6.25e-05,0.4947245696093887,0.5180156081914902,0.26116120800725184
n4_d64_r7,4,64,7,82,6.25e-05,0.49472276447340846,0.5180081129074097,0.26596933300606906
n4_d64_r7,4,64,7,83,3.125e-05,0.49462996353395283,0.5180067867040634,0.30134274999727495
n4_d64_r7,4,64,7,84,3.125e-05,0.494625506689772,0.5180156230926514,0.2916515840042848
n4_d64_r7,4,64,7,85,3.125e-05,0.4946247960906476,0.5180216729640961,0.298937957995804
n4_d64_r7,4,64,7,86,3.125e-05,0.49462144868448377,0.5179979354143143,0.2634938750125002
n4_d128_r7,4,128,7,1,0.001,0.9351371577940881,0.7422289997339249,0.3360375829797704
n4_d128_r7,4,128,7,2,0.001,0.6267556175589561,0.5840591937303543,0.2805760830233339
n4_d128_r7,4,128,7,3,0.001,0.5561963515356183,0.5623248964548111,0.2823448749841191
n4_d128_r7,4,128,7,4,0.001,0.5343873149249703,0.5474713742733002,0.29539325000951067
n4_d128_r7,4,128,7,5,0.001,0.5211727416608483,0.5414519309997559,0.3044002079986967
n4_d128_r7,4,128,7,6,0.001,0.512336737010628,0.5365429073572159,0.3830542080104351
n4_d128_r7,4,128,7,7,0.001,0.5065259172115475,0.5333936214447021,0.30606049997732043
n4_d128_r7,4,128,7,8,0.001,0.5020872897002846,0.5321699529886246,0.34909154201159254
n4_d128_r7,4,128,7,9,0.001,0.49910635384730995,0.5312716662883759,0.33266958300373517
n4_d128_r7,4,128,7,10,0.001,0.4963705609552562,0.5317431092262268,0.31788854097248986
n4_d128_r7,4,128,7,11,0.001,0.4948131092824042,0.5297393202781677,0.29121320802369155
n4_d128_r7,4,128,7,12,0.001,0.4929553291294724,0.5311069786548615,0.2712891249975655
n4_d128_r7,4,128,7,13,0.001,0.49125069635920227,0.5304591506719589,0.28051262500230223
n4_d128_r7,4,128,7,14,0.001,0.48999764025211334,0.5299772620201111,0.26835591698181815
n4_d128_r7,4,128,7,15,0.001,0.4885985958389938,0.5303083509206772,0.2661857499915641
n4_d128_r7,4,128,7,16,0.001,0.48731019301339984,0.5308780521154404,0.3503048339916859
n4_d128_r7,4,128,7,17,0.001,0.4863038251642138,0.5319904088973999,0.2924615419760812
n4_d128_r7,4,128,7,18,0.001,0.4853762690909207,0.5319115519523621,0.3201473749941215
n4_d128_r7,4,128,7,19,0.001,0.48421481158584356,0.532075434923172,0.31158974999561906
n4_d128_r7,4,128,7,20,0.0005,0.4809969197958708,0.5321056991815567,0.2985386660147924
n4_d128_r7,4,128,7,21,0.0005,0.48049668641760945,0.5328164249658585,0.29444395800237544
n4_d128_r7,4,128,7,22,0.0005,0.47991827712394297,0.5329068154096603,0.282732624997152
n4_d128_r7,4,128,7,23,0.0005,0.47963001346215606,0.5334905833005905,0.28655545800575055
n4_d128_r7,4,128,7,24,0.0005,0.4791435163933784,0.5344521105289459,0.3285240840050392
n4_d128_r7,4,128,7,25,0.0005,0.4789209554437548,0.5343303680419922,0.28565645901835524
n4_d128_r7,4,128,7,26,0.0005,0.478387305745855,0.534703716635704,0.2878727909992449
n4_d128_r7,4,128,7,27,0.0005,0.4779149277601391,0.5350121259689331,0.2710088340099901
n4_d128_r7,4,128,7,28,0.00025,0.47628683084622025,0.5351448208093643,0.322830791992601
n4_d128_r7,4,128,7,29,0.00025,0.47606069035828114,0.535346731543541,0.28726208402076736
n4_d128_r7,4,128,7,30,0.00025,0.47583651379682124,0.5354513078927994,0.3069190840178635
n4_d128_r7,4,128,7,31,0.00025,0.47563409083522856,0.5359231680631638,0.29065366700524464
n4_d256_r7,4,256,7,1,0.001,0.8881852612830698,0.6676464229822159,0.3717251249763649
n4_d256_r7,4,256,7,2,0.001,0.5754043178167194,0.5874479413032532,0.28039512498071417
n4_d256_r7,4,256,7,3,0.001,0.5300021364819258,0.5715683698654175,0.2825862909958232
n4_d256_r7,4,256,7,4,0.001,0.507478651124984,0.5652102828025818,0.27192491697496735
n4_d256_r7,4,256,7,5,0.001,0.49253607890568674,0.5630378574132919,0.2739681249950081
n4_d256_r7,4,256,7,6,0.001,0.48121938784606755,0.5614605695009232,0.29518450002069585
n4_d256_r7,4,256,7,7,0.001,0.472617773571983,0.5591112375259399,0.28490054098074324
n4_d256_r7,4,256,7,8,0.001,0.4652293371036649,0.560439720749855,0.2750219590088818
n4_d256_r7,4,256,7,9,0.001,0.45909803500398993,0.5605730265378952,0.31231795900384896
n4_d256_r7,4,256,7,10,0.001,0.45262200967408717,0.5647408068180084,0.2671202909841668
n4_d256_r7,4,256,7,11,0.001,0.4467940020840615,0.5674816071987152,0.2855899170099292
n4_d256_r7,4,256,7,12,0.001,0.44145710463635623,0.5762156397104263,0.2812406249868218
n4_d256_r7,4,256,7,13,0.001,0.4368754345923662,0.5758314281702042,0.2724419169826433
n4_d256_r7,4,256,7,14,0.001,0.4322097939439118,0.5814470648765564,0.292382165993331
n4_d256_r7,4,256,7,15,0.001,0.4277347072493285,0.5856979042291641,0.2921855420281645
n4_d256_r7,4,256,7,16,0.0005,0.41621409240178764,0.588031679391861,0.26674612500937656
n4_d256_r7,4,256,7,17,0.0005,0.4127204406540841,0.5915109217166901,0.321050207974622
n4_d256_r7,4,256,7,18,0.0005,0.41023707017302513,0.5953082293272018,0.26609862499753945
n4_d256_r7,4,256,7,19,0.0005,0.4080338024068624,0.5972074121236801,0.27536062500439584
n4_d256_r7,4,256,7,20,0.0005,0.40588360489346087,0.6010671257972717,0.27461925000534393
n4_d256_r7,4,256,7,21,0.0005,0.403911872766912,0.6041276007890701,0.27203466702485457
n4_d256_r7,4,256,7,22,0.0005,0.40255666291341186,0.6059761494398117,0.27136195902130567
n4_d256_r7,4,256,7,23,0.0005,0.40079146553762257,0.608674094080925,0.27737904101377353
n4_d256_r7,4,256,7,24,0.00025,0.3941024944651872,0.6104677617549896,0.27213379100430757
n4_d256_r7,4,256,7,25,0.00025,0.3928235948551446,0.6123045235872269,0.31974737500422634
n4_d256_r7,4,256,7,26,0.00025,0.3915942432358861,0.613904595375061,0.26339804197777994
n4_d256_r7,4,256,7,27,0.00025,0.39089220738969743,0.6155988872051239,0.2641962500056252
n4_d512_r7,4,512,7,1,0.001,0.879477946087718,0.6593344360589981,0.3230872080021072
n4_d512_r7,4,512,7,2,0.001,0.5547066426370293,0.6055329442024231,0.3169542910181917
n4_d512_r7,4,512,7,3,0.001,0.47845729207620025,0.5915578305721283,0.31543337501352653
n4_d512_r7,4,512,7,4,0.001,0.43477124883793294,0.5972755402326584,0.37139220800600015
n4_d512_r7,4,512,7,5,0.001,0.4002357521094382,0.6087457537651062,0.35725137501140125
n4_d512_r7,4,512,7,6,0.001,0.36857187771238387,0.6232327818870544,0.3149514170072507
n4_d512_r7,4,512,7,7,0.001,0.3410289597231895,0.6461380273103714,0.3190442500053905
n4_d512_r7,4,512,7,8,0.001,0.3134372904896736,0.6655724942684174,0.3184482090000529
n4_d512_r7,4,512,7,9,0.001,0.28727761562913656,0.6850353330373764,0.3182446659775451
n4_d512_r7,4,512,7,10,0.001,0.26538081269245595,0.7201362252235413,0.3277180420118384
n4_d512_r7,4,512,7,11,0.001,0.24501563096418977,0.7422907501459122,0.32576108298962936
n4_d512_r7,4,512,7,12,0.0005,0.20478886121418327,0.7585398405790329,0.36426370800472796
n4_d512_r7,4,512,7,13,0.0005,0.1906314066145569,0.7757735699415207,0.3299784169939812
n4_d512_r7,4,512,7,14,0.0005,0.18141038541216403,0.7923372387886047,0.33681487501598895
n4_d512_r7,4,512,7,15,0.0005,0.17397574591450393,0.8073838353157043,0.3213278749899473
n4_d512_r7,4,512,7,16,0.0005,0.1666492853546515,0.8198367804288864,0.32940895899082534
n4_d512_r7,4,512,7,17,0.0005,0.15889373066602275,0.8361600488424301,0.34047041699523106
n4_d512_r7,4,512,7,18,0.0005,0.1529609167482704,0.8492692857980728,0.3916462089982815
n4_d512_r7,4,512,7,19,0.0005,0.14682638621889055,0.8621548712253571,0.3418119999987539
n4_d512_r7,4,512,7,20,0.00025,0.13009161915397272,0.8764402270317078,0.33722037498955615
n4_d512_r7,4,512,7,21,0.00025,0.12555743590928614,0.8872294872999191,0.3604112500033807
n4_d512_r7,4,512,7,22,0.00025,0.1226873136474751,0.8988539576530457,0.4101074580103159
n4_d512_r7,4,512,7,23,0.00025,0.12009540566941723,0.8992547690868378,0.3552444170054514
n4_d1024_r7,4,1024,7,1,0.001,0.808947816491127,0.6217929869890213,0.3829563750186935
n4_d1024_r7,4,1024,7,2,0.001,0.455788457300514,0.6202697157859802,0.3604187080054544
n4_d1024_r7,4,1024,7,3,0.001,0.33743715519085526,0.643701896071434,0.33674962501390837
n4_d1024_r7,4,1024,7,4,0.001,0.24007164395879954,0.6871472001075745,0.3393321250041481
n4_d1024_r7,4,1024,7,5,0.001,0.15798981516854838,0.7419695258140564,0.40009429201018065
n4_d1024_r7,4,1024,7,6,0.001,0.10017449402948841,0.7759992629289627,0.3389941669884138
n4_d1024_r7,4,1024,7,7,0.001,0.06466260217712261,0.7887379378080368,0.344189166004071
n4_d1024_r7,4,1024,7,8,0.001,0.042306574585381895,0.8136545866727829,0.3887367080023978
n4_d1024_r7,4,1024,7,9,0.001,0.029520439929910935,0.8134056180715561,0.36524795801960863
n4_d1024_r7,4,1024,7,10,0.001,0.023520899369032122,0.824259489774704,0.4690278329944704
n4_d1024_r7,4,1024,7,11,0.0005,0.015266288974089548,0.8159834444522858,0.4194565420038998
n4_d1024_r7,4,1024,7,12,0.0005,0.004751518603370641,0.8190538883209229,0.3611522499995772
n4_d1024_r7,4,1024,7,13,0.0005,0.0022051422856748104,0.8211199939250946,0.41888041599304415
n4_d1024_r7,4,1024,7,14,0.0005,0.0012419906638569955,0.8247563689947128,0.48275929197552614
n4_d1024_r7,4,1024,7,15,0.0005,0.0007565379582956666,0.8256540596485138,0.39183725000475533
n4_d1024_r7,4,1024,7,16,0.0005,0.0005027910895023524,0.8264095187187195,0.34995720797451213
n4_d1024_r7,4,1024,7,17,0.0005,0.0003576174891577466,0.8279176354408264,0.4008300420246087
n4_d1024_r7,4,1024,7,18,0.0005,0.0002842061345518232,0.8283964544534683,0.407818458013935
n4_d1024_r7,4,1024,7,19,0.00025,0.00019205314492865,0.8287770450115204,0.38589624999440275
n4_d1024_r7,4,1024,7,20,0.00025,8.069094974416657e-05,0.8288574069738388,0.36266679101390764
n4_d1024_r7,4,1024,7,21,0.00025,5.268955513315632e-05,0.8293838798999786,0.468498832982732
n4_d1024_r7,4,1024,7,22,0.00025,3.9863839738529805e-05,0.8294734954833984,0.38634420800372027
n4_d2048_r7,4,2048,7,1,0.001,0.8172474843449891,0.6409045308828354,0.4666092919942457
n4_d2048_r7,4,2048,7,2,0.001,0.3348606259096414,0.6512047201395035,0.5026542080158833
n4_d2048_r7,4,2048,7,3,0.001,0.14067529881140217,0.6807121932506561,0.4526014589937404
n4_d2048_r7,4,2048,7,4,0.001,0.05717146210372448,0.676886186003685,0.4406111249991227
n4_d2048_r7,4,2048,7,5,0.001,0.037255195071338676,0.6615423262119293,0.4233377499913331
n4_d2048_r7,4,2048,7,6,0.001,0.03467643179465085,0.6702307015657425,0.43742708399076946
n4_d2048_r7,4,2048,7,7,0.001,0.034607796667842194,0.654924288392067,0.43672033300390467
n4_d2048_r7,4,2048,7,8,0.001,0.034559731095214374,0.6538124978542328,0.41407679198891856
n4_d2048_r7,4,2048,7,9,0.001,0.03302435464865994,0.6480100154876709,0.37302887500845827
n4_d2048_r7,4,2048,7,10,0.0005,0.025590077610104345,0.6358108073472977,0.3770224580075592
n4_d2048_r7,4,2048,7,11,0.0005,0.00461603019539325,0.6382361203432083,0.37291591698885895
n4_d2048_r7,4,2048,7,12,0.0005,0.0011421534622968466,0.6370101571083069,0.4019233750004787
n4_d2048_r7,4,2048,7,13,0.0005,0.0003302197362700099,0.637137308716774,0.3740283749939408
n4_d2048_r7,4,2048,7,14,0.0005,0.0001117903424301403,0.6373932510614395,0.49151429199264385
n4_d2048_r7,4,2048,7,15,0.0005,4.915335398436582e-05,0.6373284459114075,0.45535125001333654
n4_d2048_r7,4,2048,7,16,0.0005,2.9298927927357e-05,0.6372823268175125,0.42731733398977667
n4_d2048_r7,4,2048,7,17,0.0005,2.2209931444194808e-05,0.6373370885848999,0.40207304200157523
n4_d2048_r7,4,2048,7,18,0.0005,2.475796325995816e-05,0.6373497545719147,0.39034858299419284
n4_d2048_r7,4,2048,7,19,0.00025,3.1229116181918926e-05,0.6371763050556183,0.3798573329986539
n4_d2048_r7,4,2048,7,20,0.00025,6.950415935236265e-06,0.6373116821050644,0.38693562502157874
n4_d2048_r7,4,2048,7,21,0.00025,2.6932586862926655e-06,0.637264296412468,0.4099702500097919
n4_d2048_r7,4,2048,7,22,0.00025,9.251495836082313e-07,0.6372917592525482,0.3765187500102911
n4_d2048_r7,4,2048,7,23,0.00025,4.636415252834425e-07,0.6372836828231812,0.37574275000952184
n4_d2048_r7,4,2048,7,24,0.00025,2.9633695169950514e-07,0.6372653841972351,0.3803527080162894
n4_d2048_r7,4,2048,7,25,0.00025,1.9742610868345167e-07,0.6372799575328827,0.3770958750101272
n4_d2048_r7,4,2048,7,26,0.00025,1.7385260270286196e-07,0.637268915772438,0.3760792079847306
n4_d2048_r7,4,2048,7,27,0.000125,2.0873885439587347e-07,0.6372786909341812,0.37245341698871925
n4_d2048_r7,4,2048,7,28,0.000125,3.622855590523777e-08,0.6372728198766708,0.39400266599841416
n4_d2048_r7,4,2048,7,29,0.000125,1.0122179476546034e-08,0.6372736692428589,0.44658879199414514
n4_d2048_r7,4,2048,7,30,0.000125,3.656714639421743e-09,0.6372712999582291,0.468649499991443
n4_d4096_r7,4,4096,7,1,0.001,0.8741292762570083,0.7279545664787292,0.69314004201442
n4_d4096_r7,4,4096,7,2,0.001,0.3743483435828239,0.6629158407449722,0.6349924999813084
n4_d4096_r7,4,4096,7,3,0.001,0.11981123208533973,0.6551728397607803,0.6084426250017714
n4_d4096_r7,4,4096,7,4,0.001,0.054040716582676396,0.6396290510892868,0.562415583000984
n4_d4096_r7,4,4096,7,5,0.001,0.04112162903766148,0.6434007883071899,0.6680163340060972
n4_d4096_r7,4,4096,7,6,0.001,0.034062649254337884,0.6254887580871582,0.6439321670040954
n4_d4096_r7,4,4096,7,7,0.001,0.030127304431516677,0.6380879282951355,0.7551938749966212
n4_d4096_r7,4,4096,7,8,0.001,0.027461396879516542,0.627959132194519,0.6263109580031596
n4_d4096_r7,4,4096,7,9,0.001,0.02640649554086849,0.6321213394403458,0.6269615830096882
n4_d4096_r7,4,4096,7,10,0.001,0.02580278171808459,0.629199430346489,0.6074331249983516
n4_d4096_r7,4,4096,7,11,0.001,0.025828049168922007,0.6308891475200653,0.5625375829986297
n4_d4096_r7,4,4096,7,12,0.001,0.025877568215946667,0.6273670047521591,0.6761013749928679
n4_d4096_r7,4,4096,7,13,0.001,0.025983148720115423,0.6212884336709976,0.6882203750137705
n4_d4096_r7,4,4096,7,14,0.001,0.02498400121112354,0.623997375369072,0.6448958749824669
n4_d4096_r7,4,4096,7,15,0.001,0.023747009981889278,0.6298650354146957,0.709600624977611
n4_d4096_r7,4,4096,7,16,0.001,0.023130990375648253,0.6251674294471741,0.6704323329904582
n4_d4096_r7,4,4096,7,17,0.001,0.023423920109053142,0.6249929815530777,0.6373454999993555
n4_d4096_r7,4,4096,7,18,0.001,0.022910515632247552,0.6204213947057724,0.6493123750260565
n4_d4096_r7,4,4096,7,19,0.001,0.02201849034463521,0.6211135238409042,0.6852440839866176
n4_d4096_r7,4,4096,7,20,0.001,0.02147925042663701,0.6233209669589996,0.6143827920022886
n4_d4096_r7,4,4096,7,21,0.001,0.01960002318082843,0.621479794383049,0.5903635419963393
n4_d4096_r7,4,4096,7,22,0.001,0.019379745761398226,0.6197744309902191,0.7071111249970272
n4_d4096_r7,4,4096,7,23,0.001,0.019156054164341185,0.6177060008049011,0.5827570840192493
n4_d4096_r7,4,4096,7,24,0.001,0.018762735300697386,0.6184962689876556,0.6135723330080509
n4_d4096_r7,4,4096,7,25,0.001,0.01835421549185412,0.6202290505170822,0.6209401249943767
n4_d4096_r7,4,4096,7,26,0.001,0.017974603186303284,0.6215867400169373,0.6099617909931112
n4_d4096_r7,4,4096,7,27,0.001,0.017646323431108613,0.621410608291626,0.5977568340022117
n4_d4096_r7,4,4096,7,28,0.001,0.01785757100151386,0.6181673258543015,0.5676581660227384
n4_d4096_r7,4,4096,7,29,0.001,0.01770110944926273,0.6172175109386444,0.6475760000175796
n4_d4096_r7,4,4096,7,30,0.001,0.017050896771252155,0.6149033606052399,0.6106642910162918
n4_d4096_r7,4,4096,7,31,0.001,0.016851017891895026,0.6164248883724213,0.5993856249842793
n4_d4096_r7,4,4096,7,32,0.001,0.016503881153766997,0.621555894613266,0.5921317499887664
n4_d4096_r7,4,4096,7,33,0.001,0.01625401601631893,0.617822989821434,0.6375655420124531
n4_d4096_r7,4,4096,7,34,0.001,0.016231696485192515,0.6166191548109055,0.6095181659911759
n4_d4096_r7,4,4096,7,35,0.001,0.016220329016505275,0.617523193359375,0.6387090419884771
n4_d4096_r7,4,4096,7,36,0.001,0.016035218366596382,0.6194438338279724,0.5846127499826252
n4_d4096_r7,4,4096,7,37,0.001,0.01581884104234632,0.6160695552825928,0.5795493749901652
n4_d4096_r7,4,4096,7,38,0.001,0.015253810997819528,0.6159936636686325,0.6294744579936378
n4_d4096_r7,4,4096,7,39,0.0005,0.012201272242236882,0.6097621321678162,0.6541321249969769
n4_d4096_r7,4,4096,7,40,0.0005,0.0018661030308066984,0.6102571487426758,0.6621857910067774
n4_d4096_r7,4,4096,7,41,0.0005,0.000365142622968051,0.6101526767015457,0.6435242909938097
n4_d4096_r7,4,4096,7,42,0.0005,8.788822913174954e-05,0.6096857786178589,0.6680072089948226
n4_d4096_r7,4,4096,7,43,0.0005,2.5016167455760296e-05,0.6098982691764832,0.6414956669905223
n4_d4096_r7,4,4096,7,44,0.0005,1.0323294596048527e-05,0.6098646521568298,0.6615625830017962
n4_d4096_r7,4,4096,7,45,0.0005,6.287476994160102e-06,0.6098542809486389,0.6991894170059822
n4_d4096_r7,4,4096,7,46,0.0005,3.919648463579506e-06,0.6098345965147018,0.7154326250019949
n4_d4096_r7,4,4096,7,47,0.0005,3.612110581308059e-06,0.6098775267601013,0.6656599159759935
n4_d4096_r7,4,4096,7,48,0.0005,3.53185298962444e-06,0.6098385900259018,0.640333165996708
n4_d4096_r7,4,4096,7,49,0.0005,4.785412215824181e-06,0.6098814308643341,0.6238294579961803
n4_d4096_r7,4,4096,7,50,0.0005,9.378566137030475e-06,0.6097972542047501,0.5912349999998696
n4_d4096_r7,4,4096,7,51,0.00025,1.8880692636003005e-05,0.609909325838089,0.5584280829934869
n4_d4096_r7,4,4096,7,52,0.00025,5.394781639189716e-06,0.6098741143941879,0.6139810000022408
n4_d4096_r7,4,4096,7,53,0.00025,2.8852932194567416e-06,0.6098728328943253,0.5692342920228839
n4_d4096_r7,4,4096,7,54,0.00025,2.1106268803805506e-06,0.6098611205816269,0.6119396660069469
n4_d4096_r7,4,4096,7,55,0.00025,1.9027421668260658e-06,0.6098486334085464,0.5733987079875078
n4_d4096_r7,4,4096,7,56,0.00025,1.9127501108551215e-06,0.6098495721817017,0.5732304169796407
n4_d4096_r7,4,4096,7,57,0.00025,2.0295038593021175e-06,0.609869122505188,0.5738768750161398
n4_d4096_r7,4,4096,7,58,0.00025,2.6440536029515016e-06,0.6098539680242538,0.5717874169931747
n4_d4096_r7,4,4096,7,59,0.000125,4.094196078385792e-06,0.6098706424236298,0.548186791012995
n4_d4096_r7,4,4096,7,60,0.000125,1.6361665526876124e-06,0.6098580211400986,0.5515617080091033
n4_d4096_r7,4,4096,7,61,0.000125,1.2815083454409404e-06,0.6098608821630478,0.5518147499824408
n4_d4096_r7,4,4096,7,62,0.000125,1.2019740075405738e-06,0.60985466837883,0.6385010000085458
n4_d64_r8,4,64,8,1,0.001,0.9464435679838061,0.7944993376731873,0.25705324998125434
n4_d64_r8,4,64,8,2,0.001,0.6554069826379418,0.5633381456136703,0.2448605000099633
n4_d64_r8,4,64,8,3,0.001,0.5530624780803919,0.5293175578117371,0.24418699997477233
n4_d64_r8,4,64,8,4,0.001,0.5342508705798537,0.5196647197008133,0.24491091599338688
n4_d64_r8,4,64,8,5,0.001,0.5252313890960068,0.5143776386976242,0.2431631249783095
n4_d64_r8,4,64,8,6,0.001,0.5199859116692096,0.5119572132825851,0.26943912499700673
n4_d64_r8,4,64,8,7,0.001,0.51658960361965,0.5097386986017227,0.26443325000582263
n4_d64_r8,4,64,8,8,0.001,0.5143755332101136,0.5087346211075783,0.2643983330053743
n4_d64_r8,4,64,8,9,0.001,0.5128367294091731,0.5080430209636688,0.3035931669874117
n4_d64_r8,4,64,8,10,0.001,0.5114583014510572,0.5076176449656487,0.27097808397957124
n4_d64_r8,4,64,8,11,0.001,0.5106452340260148,0.5074991658329964,0.25842337499489076
n4_d64_r8,4,64,8,12,0.001,0.5096754434052855,0.5074363946914673,0.24709062502370216
n4_d64_r8,4,64,8,13,0.001,0.509100952418521,0.5071903169155121,0.26215891700121574
n4_d64_r8,4,64,8,14,0.001,0.5085279506165534,0.5065206289291382,0.2659823749854695
n4_d64_r8,4,64,8,15,0.001,0.5079324396792799,0.5067677572369576,0.2595969589892775
n4_d64_r8,4,64,8,16,0.001,0.5076303719542921,0.5068656802177429,0.28453012500540353
n4_d64_r8,4,64,8,17,0.001,0.5071952864527702,0.5068533420562744,0.2617937909963075
n4_d64_r8,4,64,8,18,0.001,0.5066734694410115,0.5071990564465523,0.2640938330150675
n4_d64_r8,4,64,8,19,0.001,0.5065682455897331,0.5067438632249832,0.26567229098873213
n4_d64_r8,4,64,8,20,0.001,0.5060039642266929,0.5067941918969154,0.30399687500903383
n4_d64_r8,4,64,8,21,0.001,0.5056383297778666,0.5071278735995293,0.25286520799272694
n4_d64_r8,4,64,8,22,0.001,0.5054924497380853,0.5066873952746391,0.26271237499895506
n4_d64_r8,4,64,8,23,0.0005,0.5042588249780238,0.5072884783148766,0.24736566698993556
n4_d64_r8,4,64,8,24,0.0005,0.5041511172894388,0.5071841031312943,0.28326799999922514
n4_d64_r8,4,64,8,25,0.0005,0.5038760255556554,0.5074233338236809,0.2465444999979809
n4_d64_r8,4,64,8,26,0.0005,0.5037806527689099,0.5078303962945938,0.24440308299381286
n4_d64_r8,4,64,8,27,0.0005,0.5037378661800176,0.5076005309820175,0.243498208001256
n4_d64_r8,4,64,8,28,0.0005,0.5034944689832628,0.5074639618396759,0.24375983298523352
n4_d64_r8,4,64,8,29,0.0005,0.503384887939319,0.5074689239263535,0.24448366701835766
n4_d64_r8,4,64,8,30,0.0005,0.5032532098703086,0.5077354833483696,0.2431091659818776
n4_d64_r8,4,64,8,31,0.00025,0.5027170663233846,0.5077084451913834,0.24626174999866635
n4_d64_r8,4,64,8,32,0.00025,0.502595464931801,0.5078246966004372,0.28132687500328757
n4_d64_r8,4,64,8,33,0.00025,0.5025832033716142,0.5079378709197044,0.2463847920007538
n4_d64_r8,4,64,8,34,0.00025,0.5025124354287982,0.5079308450222015,0.2450341660005506
n4_d128_r8,4,128,8,1,0.001,1.0047018406912684,0.7729072421789169,0.2596795420104172
n4_d128_r8,4,128,8,2,0.001,0.6402529024053365,0.5718977749347687,0.2576312499877531
n4_d128_r8,4,128,8,3,0.001,0.5586966113187373,0.5469182729721069,0.25267062499187887
n4_d128_r8,4,128,8,4,0.001,0.5381792010739446,0.5359767973423004,0.2517084999999497
n4_d128_r8,4,128,8,5,0.001,0.5252403316553682,0.5275546610355377,0.25335524999536574
n4_d128_r8,4,128,8,6,0.001,0.5165879530832171,0.5225856751203537,0.28895354201085865
n4_d128_r8,4,128,8,7,0.001,0.5105705237947404,0.5189481377601624,0.25467004199163057
n4_d128_r8,4,128,8,8,0.001,0.5064441205468029,0.517430305480957,0.2501232920039911
n4_d128_r8,4,128,8,9,0.001,0.5036600329913199,0.5154607892036438,0.25218770900391974
n4_d128_r8,4,128,8,10,0.001,0.5010154678020626,0.515998125076294,0.250481041992316
n4_d128_r8,4,128,8,11,0.001,0.498802860500291,0.5164002925157547,0.2530334169859998
n4_d128_r8,4,128,8,12,0.001,0.496835007565096,0.5155875384807587,0.2488739580148831
n4_d128_r8,4,128,8,13,0.001,0.49559128168039024,0.5157672166824341,0.28375883400440216
n4_d128_r8,4,128,8,14,0.001,0.49411512399092317,0.5151802897453308,0.2562425840005744
n4_d128_r8,4,128,8,15,0.001,0.49280144344083965,0.5161469280719757,0.2538222919974942
n4_d128_r8,4,128,8,16,0.001,0.49132605735212564,0.5178838223218918,0.2548476659867447
n4_d128_r8,4,128,8,17,0.001,0.49032484856434166,0.5172960162162781,0.25706995799555443
n4_d128_r8,4,128,8,18,0.001,0.48942681099288166,0.517790898680687,0.25504512499901466
n4_d128_r8,4,128,8,19,0.001,0.48813144373707473,0.5192007720470428,0.25662404199829325
n4_d128_r8,4,128,8,20,0.001,0.4872873118147254,0.5203379243612289,0.25604520802153274
n4_d128_r8,4,128,8,21,0.001,0.4863271329086274,0.5207036435604095,0.2882819169899449
n4_d128_r8,4,128,8,22,0.001,0.48540721694007516,0.5212700068950653,0.26124404100119136
n4_d128_r8,4,128,8,23,0.0005,0.48209567088633776,0.5210853815078735,0.2566887080029119
n4_d128_r8,4,128,8,24,0.0005,0.4812391931191087,0.5214191973209381,0.25593374998425134
n4_d128_r8,4,128,8,25,0.0005,0.48096153256483376,0.5219281315803528,0.25664350000442937
n4_d128_r8,4,128,8,26,0.0005,0.4805254687089473,0.5222633183002472,0.2569718750019092
n4_d128_r8,4,128,8,27,0.0005,0.4802265134640038,0.5226719379425049,0.2553227079915814
n4_d128_r8,4,128,8,28,0.0005,0.47985842381604016,0.523248702287674,0.25180829101009294
n4_d128_r8,4,128,8,29,0.0005,0.4793042689561844,0.5236441791057587,0.2894734169822186
n4_d128_r8,4,128,8,30,0.0005,0.47905390965752304,0.5241358727216721,0.28399045899277553
n4_d128_r8,4,128,8,31,0.00025,0.47718526725657284,0.5242674201726913,0.2598129170073662
n4_d128_r8,4,128,8,32,0.00025,0.4769143199082464,0.5248478800058365,0.2551149589999113
n4_d128_r8,4,128,8,33,0.00025,0.47669727075845003,0.5249163955450058,0.2565891249978449
n4_d128_r8,4,128,8,34,0.00025,0.4765268717892468,0.5256808251142502,0.25661375001072884
n4_d256_r8,4,256,8,1,0.001,0.8101351209916174,0.6220957636833191,0.25748537498293445
n4_d256_r8,4,256,8,2,0.001,0.5740652377717197,0.5649540424346924,0.28938433300936595
n4_d256_r8,4,256,8,3,0.001,0.5346705145202577,0.5512060672044754,0.25873362499987707
n4_d256_r8,4,256,8,4,0.001,0.5118119600228965,0.5441370606422424,0.2543847079796251
n4_d256_r8,4,256,8,5,0.001,0.4971813678275794,0.5429136604070663,0.25355933301034383
n4_d256_r8,4,256,8,6,0.001,0.48593790153972805,0.5427847355604172,0.25928500000736676
n4_d256_r8,4,256,8,7,0.001,0.47689398704096675,0.5418093800544739,0.2575852090085391
n4_d256_r8,4,256,8,8,0.001,0.46953022945672274,0.5418674498796463,0.2587194580119103
n4_d256_r8,4,256,8,9,0.001,0.46239633299410343,0.5501105338335037,0.2527456250099931
n4_d256_r8,4,256,8,10,0.001,0.4564915308728814,0.5535463094711304,0.2900424590043258
n4_d256_r8,4,256,8,11,0.001,0.4510899691376835,0.5574055314064026,0.2601241249940358
n4_d256_r8,4,256,8,12,0.001,0.4454253332223743,0.5632790625095367,0.25370904098963365
n4_d256_r8,4,256,8,13,0.001,0.44041931559331715,0.5641815811395645,0.2524126670032274
n4_d256_r8,4,256,8,14,0.001,0.43533505499362946,0.5710712373256683,0.2524368749873247
n4_d256_r8,4,256,8,15,0.001,0.43035760638304055,0.5767377763986588,0.2604755420179572
n4_d256_r8,4,256,8,16,0.0005,0.41779399872757494,0.578778475522995,0.26676237501669675
n4_d256_r8,4,256,8,17,0.0005,0.41442563803866506,0.580981582403183,0.25375691600493155
n4_d256_r8,4,256,8,18,0.0005,0.41195795009844005,0.584854006767273,0.28640304200234823
n4_d256_r8,4,256,8,19,0.0005,0.4091020964551717,0.5905373990535736,0.2558785830042325
n4_d256_r8,4,256,8,20,0.0005,0.4070113848429173,0.5915534943342209,0.25185458300984465
n4_d256_r8,4,256,8,21,0.0005,0.4047647179104388,0.5971492528915405,0.25276512498385273
n4_d256_r8,4,256,8,22,0.0005,0.4029995449818671,0.6002171039581299,0.2521717910130974
n4_d256_r8,4,256,8,23,0.0005,0.4008672053460032,0.6027478128671646,0.253953499981435
n4_d256_r8,4,256,8,24,0.00025,0.39404061483219266,0.6049037575721741,0.2513065410021227
n4_d256_r8,4,256,8,25,0.00025,0.39262630813755095,0.6063209474086761,0.252075959026115
n4_d256_r8,4,256,8,26,0.00025,0.39162971801124513,0.6073119938373566,0.2524154169950634
n4_d256_r8,4,256,8,27,0.00025,0.3905384046956897,0.6097692102193832,0.29003500001272187
n4_d512_r8,4,512,8,1,0.001,0.9870909661985934,0.7497443109750748,0.30855641700327396
n4_d512_r8,4,512,8,2,0.001,0.5896955409552902,0.5656117498874664,0.30526887500309385
n4_d512_r8,4,512,8,3,0.001,0.49058984662406147,0.5564009249210358,0.3064555000164546
n4_d512_r8,4,512,8,4,0.001,0.4466414104681462,0.5635918229818344,0.3099397920013871
n4_d512_r8,4,512,8,5,0.001,0.41268010227940977,0.570435494184494,0.3065825419907924
n4_d512_r8,4,512,8,6,0.001,0.3813928768504411,0.5745771378278732,0.30351012499886565
n4_d512_r8,4,512,8,7,0.001,0.35184440575540066,0.6030139923095703,0.3472729579953011
n4_d512_r8,4,512,8,8,0.001,0.3233787880744785,0.6240427792072296,0.30364995799027383
n4_d512_r8,4,512,8,9,0.001,0.29781839449424297,0.6452108472585678,0.3129673340008594
n4_d512_r8,4,512,8,10,0.001,0.2745119467144832,0.6596369296312332,0.30650645901914686
n4_d512_r8,4,512,8,11,0.001,0.2529781658668071,0.6853854656219482,0.31624383298913017
n4_d512_r8,4,512,8,12,0.0005,0.21353119960986078,0.7026501297950745,0.3038616660051048
n4_d512_r8,4,512,8,13,0.0005,0.19815256539732218,0.723973959684372,0.3112495839886833
n4_d512_r8,4,512,8,14,0.0005,0.18873223545961082,0.7394165545701981,0.30652416599332355
n4_d512_r8,4,512,8,15,0.0005,0.1805337715195492,0.7474865019321442,0.34460212499834597
n4_d512_r8,4,512,8,16,0.0005,0.17238584533333778,0.7661271542310715,0.30774570800713263
n4_d512_r8,4,512,8,17,0.0005,0.16473375319037586,0.7767652571201324,0.30339625000488013
n4_d512_r8,4,512,8,18,0.0005,0.1582349943346344,0.7895191162824631,0.30949916600366123
n4_d512_r8,4,512,8,19,0.0005,0.15172607358545065,0.8019656091928482,0.3087516659870744
n4_d512_r8,4,512,8,20,0.00025,0.13536708313040435,0.8094716668128967,0.30891887500183657
n4_d512_r8,4,512,8,21,0.00025,0.13061288761673495,0.8190909028053284,0.3070030829985626
n4_d512_r8,4,512,8,22,0.00025,0.1275089977425523,0.824888750910759,0.34651383402524516
n4_d512_r8,4,512,8,23,0.00025,0.12479368888307363,0.8352663964033127,0.31134208300500177
n4_d1024_r8,4,1024,8,1,0.001,0.8139035664498806,0.6120342761278152,0.3218668329936918
n4_d1024_r8,4,1024,8,2,0.001,0.4670251163188368,0.5939386337995529,0.3297181669913698
n4_d1024_r8,4,1024,8,3,0.001,0.35129383276216686,0.620690330862999,0.3240453749895096
n4_d1024_r8,4,1024,8,4,0.001,0.2551934333750978,0.6718705594539642,0.32451066697831266
n4_d1024_r8,4,1024,8,5,0.001,0.1725177903426811,0.725958451628685,0.3235371250193566
n4_d1024_r8,4,1024,8,6,0.001,0.11296587763354182,0.756464421749115,0.32022887500352226
n4_d1024_r8,4,1024,8,7,0.001,0.07174760816269554,0.7809606045484543,0.36433495799428783
n4_d1024_r8,4,1024,8,8,0.001,0.047589164751116186,0.7983999848365784,0.32312300000921823
n4_d1024_r8,4,1024,8,9,0.001,0.03379685270192567,0.8115576803684235,0.3233497499895748
n4_d1024_r8,4,1024,8,10,0.001,0.026508335300604813,0.8089524656534195,0.3198505420004949
n4_d1024_r8,4,1024,8,11,0.0005,0.01637869113619672,0.8054347336292267,0.3247292499872856
n4_d1024_r8,4,1024,8,12,0.0005,0.005455610065837391,0.8122716844081879,0.31762225000420585
n4_d1024_r8,4,1024,8,13,0.0005,0.002666235928700189,0.8149662762880325,0.3199050409893971
n4_d1024_r8,4,1024,8,14,0.0005,0.0015060068617458455,0.8170111030340195,0.3253124160110019
n4_d1024_r8,4,1024,8,15,0.0005,0.0009430631894247199,0.8188779801130295,0.36355454099248163
n4_d1024_r8,4,1024,8,16,0.0005,0.0006261057026222261,0.8198928087949753,0.32305354200070724
n4_d1024_r8,4,1024,8,17,0.0005,0.0004419504798534035,0.8212059885263443,0.32449575001373887
n4_d1024_r8,4,1024,8,18,0.0005,0.00034380490603780345,0.8220893144607544,0.3232303750119172
n4_d1024_r8,4,1024,8,19,0.00025,0.00021442473325805622,0.8222057372331619,0.32200600000214763
n4_d1024_r8,4,1024,8,20,0.00025,8.324859916797323e-05,0.8228344470262527,0.3197810839919839
n4_d1024_r8,4,1024,8,21,0.00025,4.9246465223973246e-05,0.8231624215841293,0.34267712497967295
n4_d1024_r8,4,1024,8,22,0.00025,3.404145971330763e-05,0.8231260925531387,0.3561358750157524
n4_d2048_r8,4,2048,8,1,0.001,0.8277664105407894,0.6427197009325027,0.3749647499935236
n4_d2048_r8,4,2048,8,2,0.001,0.31676459102891386,0.6559657454490662,0.36681383301038295
n4_d2048_r8,4,2048,8,3,0.001,0.12366412079427391,0.6961650848388672,0.3587000829866156
n4_d2048_r8,4,2048,8,4,0.001,0.0496441644791048,0.6930951625108719,0.3664479580183979
n4_d2048_r8,4,2048,8,5,0.001,0.035492062466801144,0.6962162256240845,0.36079645800055005
n4_d2048_r8,4,2048,8,6,0.001,0.036070764472242445,0.6805575340986252,0.3693251670047175
n4_d2048_r8,4,2048,8,7,0.001,0.0387502317171311,0.683572456240654,0.36460287499357946
n4_d2048_r8,4,2048,8,8,0.001,0.0392712275206577,0.6682877689599991,0.3994713750144001
n4_d2048_r8,4,2048,8,9,0.001,0.0373123408498941,0.6699593812227249,0.36331666697515175
n4_d2048_r8,4,2048,8,10,0.0005,0.027685202527209185,0.6513038128614426,0.3608707920066081
n4_d2048_r8,4,2048,8,11,0.0005,0.0048302864543074975,0.6525305509567261,0.361532916984288
n4_d2048_r8,4,2048,8,12,0.0005,0.0011712437581081758,0.6529677659273148,0.3800075830076821
n4_d2048_r8,4,2048,8,13,0.0005,0.00034703184769568907,0.6533915251493454,0.3648305000097025
n4_d2048_r8,4,2048,8,14,0.0005,0.0001407016073358136,0.6531183421611786,0.3660569580097217
n4_d2048_r8,4,2048,8,15,0.0005,7.63310515168314e-05,0.6534455269575119,0.36528033297508955
n4_d2048_r8,4,2048,8,16,0.0005,5.3573267891238174e-05,0.6533680558204651,0.402192167006433
n4_d2048_r8,4,2048,8,17,0.0005,4.6083952376818615e-05,0.6535560190677643,0.3680081659986172
n4_d2048_r8,4,2048,8,18,0.00025,4.2380041847422945e-05,0.6535061150789261,0.36374912501196377
n4_d2048_r8,4,2048,8,19,0.00025,2.947216555870824e-05,0.653542697429657,0.3663801670190878
n4_d2048_r8,4,2048,8,20,0.00025,2.7519097906880674e-05,0.6535264104604721,0.3850099580013193
n4_d2048_r8,4,2048,8,21,0.00025,2.689425968360748e-05,0.6535388678312302,0.3673932910023723
n4_d4096_r8,4,4096,8,1,0.001,0.924192737787962,0.75826495885849,0.5936970420007128
n4_d4096_r8,4,4096,8,2,0.001,0.4372714755591005,0.6602836698293686,0.5973447499854956
n4_d4096_r8,4,4096,8,3,0.001,0.1612646064022556,0.6602340489625931,0.551235999999335
n4_d4096_r8,4,4096,8,4,0.001,0.0655006737797521,0.6367477923631668,0.5739901250053663
n4_d4096_r8,4,4096,8,5,0.001,0.042130288304178976,0.6361590027809143,0.5506099170015659
n4_d4096_r8,4,4096,8,6,0.001,0.03201082244049758,0.6286354809999466,0.5869899999815971
n4_d4096_r8,4,4096,8,7,0.001,0.027412369192461483,0.6276794672012329,0.55140041699633
n4_d4096_r8,4,4096,8,8,0.001,0.026463004265679047,0.6238363832235336,0.5463225839775987
n4_d4096_r8,4,4096,8,9,0.001,0.026322319405153394,0.6252292692661285,0.5445373750117142
n4_d4096_r8,4,4096,8,10,0.001,0.026518108148593456,0.6249671578407288,0.5916960840113461
n4_d4096_r8,4,4096,8,11,0.001,0.02554844197584316,0.6229648292064667,0.5465897499816492
n4_d4096_r8,4,4096,8,12,0.001,0.02470830871607177,0.6271286308765411,0.556387624994386
n4_d4096_r8,4,4096,8,13,0.001,0.024846039799740538,0.6266045272350311,0.5478437079873402
n4_d4096_r8,4,4096,8,14,0.001,0.023993559094378725,0.6235629469156265,0.5455949169991072
n4_d4096_r8,4,4096,8,15,0.001,0.023474370638723485,0.6232713311910629,0.54335587497917
n4_d4096_r8,4,4096,8,16,0.001,0.022761865679058246,0.6235086917877197,0.5466991669964045
n4_d4096_r8,4,4096,8,17,0.001,0.021049913309980184,0.624598890542984,0.5518651659949683
n4_d4096_r8,4,4096,8,18,0.001,0.019991193155874498,0.623785525560379,0.6095574999926612
n4_d4096_r8,4,4096,8,19,0.001,0.01931435075675836,0.6205756366252899,0.5517635829746723
n4_d4096_r8,4,4096,8,20,0.001,0.018987873670994304,0.6203636527061462,0.5513793339778204
n4_d4096_r8,4,4096,8,21,0.001,0.018495366879506037,0.6200577169656754,0.5578128749912139
n4_d4096_r8,4,4096,8,22,0.001,0.018682816007640213,0.6263703256845474,0.6114104999869596
n4_d4096_r8,4,4096,8,23,0.001,0.01903634062182391,0.6164924055337906,0.5743572089995723
n4_d4096_r8,4,4096,8,24,0.001,0.01882701788417762,0.6226283609867096,0.5588979589811061
n4_d4096_r8,4,4096,8,25,0.001,0.018559419113444164,0.6187580525875092,0.5513640829885844
n4_d4096_r8,4,4096,8,26,0.001,0.01849651787779294,0.6212166547775269,0.5960151249892078
n4_d4096_r8,4,4096,8,27,0.001,0.018404772301437333,0.6233553290367126,0.5635360410087742
n4_d4096_r8,4,4096,8,28,0.001,0.018184954424214084,0.6164453625679016,0.5503518340119626
n4_d4096_r8,4,4096,8,29,0.001,0.01776350262662163,0.6180495321750641,0.5595309589989483
n4_d4096_r8,4,4096,8,30,0.001,0.01686952762247529,0.6150209754705429,0.5517601249739528
n4_d4096_r8,4,4096,8,31,0.001,0.015866424568230286,0.6165824383497238,0.5471890830085613
n4_d4096_r8,4,4096,8,32,0.001,0.015059507197292987,0.6178631335496902,0.5461852499865927
n4_d4096_r8,4,4096,8,33,0.001,0.014758362449356355,0.6141177117824554,0.5612965830077883
n4_d4096_r8,4,4096,8,34,0.001,0.014359451975906268,0.6118639260530472,0.5962214999890421
n4_d4096_r8,4,4096,8,35,0.001,0.013819766754750162,0.6097365170717239,0.5582655409816653
n4_d4096_r8,4,4096,8,36,0.001,0.013860634055163246,0.6148068606853485,0.549491499987198
n4_d4096_r8,4,4096,8,37,0.001,0.014096623104705941,0.6127961874008179,0.5650800830044318
n4_d4096_r8,4,4096,8,38,0.001,0.014628862147219479,0.6093218475580215,0.5683442500012461
n4_d4096_r8,4,4096,8,39,0.001,0.014480097313935403,0.6137091368436813,0.5679631670063827
n4_d4096_r8,4,4096,8,40,0.001,0.01413906310335733,0.6109099835157394,0.5559483329998329
n4_d4096_r8,4,4096,8,41,0.001,0.014221727156837005,0.6139808893203735,0.5525477089977358
n4_d4096_r8,4,4096,8,42,0.001,0.014166388107696548,0.6109368056058884,0.595218250004109
n4_d4096_r8,4,4096,8,43,0.001,0.01367502942594001,0.6113135367631912,0.5550415420148056
n4_d4096_r8,4,4096,8,44,0.001,0.013367185776587576,0.6111902445554733,0.5543186670111027
n4_d4096_r8,4,4096,8,45,0.001,0.013041197446000297,0.6080974638462067,0.5517075000097975
n4_d4096_r8,4,4096,8,46,0.001,0.012761063720972743,0.6126080602407455,0.5572279590123799
n4_d4096_r8,4,4096,8,47,0.001,0.012076699029421434,0.6074926108121872,0.5552713750221301
n4_d4096_r8,4,4096,8,48,0.001,0.011488607044157106,0.6073299199342728,0.54979237500811
n4_d4096_r8,4,4096,8,49,0.001,0.01062973271109513,0.6099966168403625,0.6055404579965398
n4_d4096_r8,4,4096,8,50,0.001,0.010109996743267402,0.6058461368083954,0.5569253339781426
n4_d4096_r8,4,4096,8,51,0.001,0.010042370638984721,0.6068794876337051,0.5534367919899523
n4_d4096_r8,4,4096,8,52,0.001,0.010390427232778165,0.6083158403635025,0.5470388749963604
n4_d4096_r8,4,4096,8,53,0.001,0.01070957068077405,0.6063676625490189,0.5654435000033118
n4_d4096_r8,4,4096,8,54,0.001,0.010941466272925027,0.6096303015947342,0.5565609580080491
n4_d4096_r8,4,4096,8,55,0.001,0.01116144415573217,0.6107907295227051,0.5656713340140413
n4_d4096_r8,4,4096,8,56,0.001,0.011046426436223555,0.611848771572113,0.5595992500020657
n4_d4096_r8,4,4096,8,57,0.001,0.011102716263849288,0.6093610376119614,0.5972860410111025
n4_d4096_r8,4,4096,8,58,0.001,0.011436355889600236,0.6076197326183319,0.5578873750055209
n4_d4096_r8,4,4096,8,59,0.0005,0.009333154899650253,0.6024142056703568,0.5630308339896146
n4_d4096_r8,4,4096,8,60,0.0005,0.0015589048416586593,0.6026903390884399,0.5598216250073165
n4_d4096_r8,4,4096,8,61,0.0005,0.0003920610939758262,0.6024692207574844,0.5616137089964468
n4_d4096_r8,4,4096,8,62,0.0005,0.0001756926242251211,0.6026904582977295,0.5891051660000812
n4_d4096_r8,4,4096,8,63,0.0005,0.0001276354908554822,0.6025546938180923,0.5789465839916375
n4_d4096_r8,4,4096,8,64,0.0005,0.00011480212854309002,0.6027220785617828,0.5541421250090934
n4_d4096_r8,4,4096,8,65,0.0005,0.00011262556774127574,0.6026894897222519,0.5658449580078013
n4_d4096_r8,4,4096,8,66,0.0005,0.00011231744104378549,0.6027604192495346,0.6087959589785896
n4_d4096_r8,4,4096,8,67,0.0005,0.0001106432665238799,0.6028354614973068,0.5748205829877406
n4_d4096_r8,4,4096,8,68,0.00025,0.00011243258411752777,0.6027557253837585,0.5550550829793792
n4_d4096_r8,4,4096,8,69,0.00025,8.919552539587983e-05,0.6028493642807007,0.6015536250197329
n4_d4096_r8,4,4096,8,70,0.00025,8.502191876980092e-05,0.6028528660535812,0.6222976249991916
n4_d4096_r8,4,4096,8,71,0.00025,8.385993598802877e-05,0.6028592735528946,0.5829577499825973
n4_d4096_r8,4,4096,8,72,0.00025,8.329620388414227e-05,0.6028917133808136,0.5992873749928549
n4_d4096_r8,4,4096,8,73,0.00025,8.289983778986265e-05,0.6029116213321686,0.6001507079927251
n4_d4096_r8,4,4096,8,74,0.00025,8.235658825972436e-05,0.6029057949781418,0.6046371249831282
n4_d4096_r8,4,4096,8,75,0.00025,8.187434401030202e-05,0.6029529571533203,0.6385661670065019
n4_d4096_r8,4,4096,8,76,0.000125,8.119002450590607e-05,0.602961465716362,0.5960052500013262
n4_d4096_r8,4,4096,8,77,0.000125,8.064991434075797e-05,0.6029750853776932,0.598125209013233
n4_d4096_r8,4,4096,8,78,0.000125,8.034455286315412e-05,0.6029944121837616,0.6419169580040034
n4_d4096_r8,4,4096,8,79,0.000125,8.0098462988204e-05,0.6030106544494629,0.5937930409854744
n4_d64_r9,4,64,9,1,0.001,0.8981895768083632,0.7374720424413681,0.27289824999752454
n4_d64_r9,4,64,9,2,0.001,0.6398159780073911,0.6191213876008987,0.25821329100290313
n4_d64_r9,4,64,9,3,0.001,0.5735099229495972,0.5850276350975037,0.2627228329947684
n4_d64_r9,4,64,9,4,0.001,0.5453032432124019,0.5636579692363739,0.257416208012728
n4_d64_r9,4,64,9,5,0.001,0.5278567615896463,0.5498843491077423,0.26766312500694767
n4_d64_r9,4,64,9,6,0.001,0.5172652541659772,0.5413074344396591,0.26505449999240227
n4_d64_r9,4,64,9,7,0.001,0.5104935446288437,0.5356431901454926,0.27776475000428036
n4_d64_r9,4,64,9,8,0.001,0.5062197248917073,0.5320831835269928,0.2623291249910835
n4_d64_r9,4,64,9,9,0.001,0.5038921430241317,0.5303357094526291,0.2944610830163583
n4_d64_r9,4,64,9,10,0.001,0.5020148956682533,0.5294179767370224,0.2505642090109177
n4_d64_r9,4,64,9,11,0.001,0.500879171770066,0.5285896807909012,0.25490041699958965
n4_d64_r9,4,64,9,12,0.001,0.49994242400862277,0.5271768122911453,0.2995757079916075
n4_d64_r9,4,64,9,13,0.001,0.49897220078855753,0.5269299745559692,0.30095162498764694
n4_d64_r9,4,64,9,14,0.001,0.4982168464921415,0.5270092710852623,0.26774333301000297
n4_d64_r9,4,64,9,15,0.001,0.49786324240267277,0.5265518724918365,0.2584489169821609
n4_d64_r9,4,64,9,16,0.001,0.497384212911129,0.5266041830182076,0.30520533298840746
n4_d64_r9,4,64,9,17,0.001,0.4970242050476372,0.526510015130043,0.2671699999773409
n4_d64_r9,4,64,9,18,0.001,0.4968360655475408,0.5256406739354134,0.250509833014803
n4_d64_r9,4,64,9,19,0.001,0.49631242942996323,0.5255677178502083,0.24589037499390543
n4_d64_r9,4,64,9,20,0.001,0.4960912065580487,0.5261876210570335,0.24582700000610203
n4_d64_r9,4,64,9,21,0.001,0.495749038644135,0.5272277295589447,0.24942499998724088
n4_d64_r9,4,64,9,22,0.001,0.4955475190654397,0.5268334075808525,0.24670891699497588
n4_d64_r9,4,64,9,23,0.001,0.49525464489124715,0.5265084505081177,0.2471417089982424
n4_d64_r9,4,64,9,24,0.001,0.494922996731475,0.5264532044529915,0.2865707500022836
n4_d64_r9,4,64,9,25,0.001,0.49478244851343334,0.5270819962024689,0.2545415420026984
n4_d64_r9,4,64,9,26,0.001,0.494637125171721,0.5267497152090073,0.2993007079930976
n4_d64_r9,4,64,9,27,0.001,0.494290083181113,0.5273008495569229,0.26412579099996947
n4_d64_r9,4,64,9,28,0.0005,0.4931269942317158,0.5268446505069733,0.2753203749889508
n4_d64_r9,4,64,9,29,0.0005,0.49299471639096737,0.5270663797855377,0.2518954999977723
n4_d64_r9,4,64,9,30,0.0005,0.49295988818630576,0.5270510241389275,0.25063895800849423
n4_d64_r9,4,64,9,31,0.0005,0.49282337818294764,0.5270077586174011,0.2835639590048231
n4_d64_r9,4,64,9,32,0.0005,0.4928064721170813,0.5270957052707672,0.3073158329934813
n4_d64_r9,4,64,9,33,0.0005,0.49268153263255954,0.5269457250833511,0.25658554199617356
n4_d64_r9,4,64,9,34,0.0005,0.4925509465392679,0.5273713767528534,0.3007937500078697
n4_d64_r9,4,64,9,35,0.0005,0.49262630520388484,0.5272690951824188,0.2670085830031894
n4_d64_r9,4,64,9,36,0.00025,0.49189908523112535,0.5271416455507278,0.25772583301295526
n4_d64_r9,4,64,9,37,0.00025,0.49183475598692894,0.5272116586565971,0.2605882080097217
n4_d64_r9,4,64,9,38,0.00025,0.49187866132706404,0.5271173939108849,0.3154889169964008
n4_d64_r9,4,64,9,39,0.00025,0.4918181288521737,0.5271580591797829,0.2895699579967186
n4_d128_r9,4,128,9,1,0.001,0.9045068840496242,0.6874783933162689,0.36064074997557327
n4_d128_r9,4,128,9,2,0.001,0.5945584850851446,0.5689969956874847,0.3175895829917863
n4_d128_r9,4,128,9,3,0.001,0.5433627301827073,0.5512467175722122,0.309245042008115
n4_d128_r9,4,128,9,4,0.001,0.5253549977205694,0.5416930615901947,0.2829200830019545
n4_d128_r9,4,128,9,5,0.001,0.5132142400834709,0.5358113944530487,0.2770947079989128
n4_d128_r9,4,128,9,6,0.001,0.5056347518693656,0.5333862155675888,0.27295145799871534
n4_d128_r9,4,128,9,7,0.001,0.5003718328662217,0.5307471305131912,0.2613807920133695
n4_d128_r9,4,128,9,8,0.001,0.4963117307052016,0.529812216758728,0.2897341669886373
n4_d128_r9,4,128,9,9,0.001,0.4936902492772788,0.5284861624240875,0.259999500005506
n4_d128_r9,4,128,9,10,0.001,0.4915895399171859,0.5286122113466263,0.25526870900648646
n4_d128_r9,4,128,9,11,0.001,0.4898374720942229,0.5296366810798645,0.25254508398938924
n4_d128_r9,4,128,9,12,0.001,0.4882645304314792,0.5287681967020035,0.25025441698380746
n4_d128_r9,4,128,9,13,0.001,0.4867906451690942,0.529928669333458,0.2529885830008425
n4_d128_r9,4,128,9,14,0.001,0.4853946981020272,0.5294341742992401,0.2516736669931561
n4_d128_r9,4,128,9,15,0.001,0.4842298540752381,0.5308198928833008,0.2520270000095479
n4_d128_r9,4,128,9,16,0.001,0.48303760634735227,0.5299842953681946,0.29117787498398684
n4_d128_r9,4,128,9,17,0.001,0.48214299138635397,0.5308056324720383,0.2709073339938186
n4_d128_r9,4,128,9,18,0.0005,0.47900616913102567,0.5305000692605972,0.2672326249885373
n4_d128_r9,4,128,9,19,0.0005,0.47827753936871886,0.5311842113733292,0.2564700419898145
n4_d128_r9,4,128,9,20,0.0005,0.47790241707116365,0.5315366983413696,0.2966671669855714
n4_d128_r9,4,128,9,21,0.0005,0.4773290492594242,0.531714916229248,0.2864909160125535
n4_d128_r9,4,128,9,22,0.0005,0.4770442850422114,0.5320693552494049,0.2755747089977376
n4_d128_r9,4,128,9,23,0.0005,0.47639165818691254,0.5323829799890518,0.2798344999901019
n4_d128_r9,4,128,9,24,0.0005,0.4761455487459898,0.5327032804489136,0.31268295901827514
n4_d128_r9,4,128,9,25,0.0005,0.47568853897973895,0.5329872220754623,0.2814172910002526
n4_d128_r9,4,128,9,26,0.00025,0.47404147288762033,0.5328744500875473,0.28114429200650193
n4_d128_r9,4,128,9,27,0.00025,0.4736781280953437,0.5332760810852051,0.25668537500314415
n4_d128_r9,4,128,9,28,0.00025,0.47345568891614676,0.5336210131645203,0.2536992499954067
n4_d128_r9,4,128,9,29,0.00025,0.4733093094546348,0.5336781293153763,0.3082087920047343
n4_d256_r9,4,256,9,1,0.001,0.8451105006970465,0.6503664255142212,0.26881416598916985
n4_d256_r9,4,256,9,2,0.001,0.5702239833772182,0.5934636890888214,0.31866424999316223
n4_d256_r9,4,256,9,3,0.001,0.531016519293189,0.5750417709350586,0.27423870799248107
n4_d256_r9,4,256,9,4,0.001,0.5071870640385896,0.5657821148633957,0.26189354198868386
n4_d256_r9,4,256,9,5,0.001,0.4910123646259308,0.5629199296236038,0.26090900000417605
n4_d256_r9,4,256,9,6,0.001,0.47843980067409575,0.5606734901666641,0.266573500004597
n4_d256_r9,4,256,9,7,0.001,0.46948127215728164,0.5619428008794785,0.26151425001444295
n4_d256_r9,4,256,9,8,0.001,0.46052168565802276,0.5643289983272552,0.2554913329950068
n4_d256_r9,4,256,9,9,0.001,0.4545784087385982,0.5645685791969299,0.2640337499906309
n4_d256_r9,4,256,9,10,0.001,0.4480533346068114,0.5706330835819244,0.29368012500344776
n4_d256_r9,4,256,9,11,0.001,0.44210692984052,0.5725358873605728,0.2626318750262726
n4_d256_r9,4,256,9,12,0.001,0.4366477015428245,0.5769960731267929,0.2611215409997385
n4_d256_r9,4,256,9,13,0.001,0.43172145495191216,0.5823643058538437,0.26809345799847506
n4_d256_r9,4,256,9,14,0.001,0.42678877897560596,0.5894416272640228,0.261245500005316
n4_d256_r9,4,256,9,15,0.0005,0.4152095168828964,0.5898098051548004,0.30533587498939596
n4_d256_r9,4,256,9,16,0.0005,0.41172346053645015,0.5940262079238892,0.26212166700861417
n4_d256_r9,4,256,9,17,0.0005,0.40924231871031225,0.5967959463596344,0.2644484999764245
n4_d256_r9,4,256,9,18,0.0005,0.4070269751828164,0.5996770113706589,0.296173416019883
n4_d256_r9,4,256,9,19,0.0005,0.40508717321790755,0.6044925898313522,0.2771510420134291
n4_d256_r9,4,256,9,20,0.0005,0.40303074987605214,0.6093485206365585,0.26524029197753407
n4_d256_r9,4,256,9,21,0.0005,0.4007035579998046,0.6121607720851898,0.2681317090173252
n4_d256_r9,4,256,9,22,0.0005,0.3988997754640877,0.6146514862775803,0.2828328750038054
n4_d256_r9,4,256,9,23,0.00025,0.3924110527150333,0.6156570017337799,0.26656374998856336
n4_d256_r9,4,256,9,24,0.00025,0.3910103007219732,0.6187217831611633,0.26851625001290813
n4_d256_r9,4,256,9,25,0.00025,0.39010140020400286,0.620151087641716,0.2715012499829754
n4_d256_r9,4,256,9,26,0.00025,0.38897128542885184,0.6227887719869614,0.26212958301766776
n4_d512_r9,4,512,9,1,0.001,0.850406417157501,0.6363568305969238,0.32064429100137204
n4_d512_r9,4,512,9,2,0.001,0.5283575763460249,0.5897751301527023,0.31643100001383573
n4_d512_r9,4,512,9,3,0.001,0.4653416215442121,0.5887127965688705,0.3147432919940911
n4_d512_r9,4,512,9,4,0.001,0.4253510858397931,0.5975272208452225,0.3114884159876965
n4_d512_r9,4,512,9,5,0.001,0.3914531592745334,0.6116068810224533,0.320639209006913
n4_d512_r9,4,512,9,6,0.001,0.36052535637281835,0.6295452117919922,0.33593029199982993
n4_d512_r9,4,512,9,7,0.001,0.3321823482401669,0.6486521810293198,0.3815775409748312
n4_d512_r9,4,512,9,8,0.001,0.30450385226868093,0.6791927516460419,0.3987550000019837
n4_d512_r9,4,512,9,9,0.001,0.28004588827025145,0.6991148889064789,0.3384348329855129
n4_d512_r9,4,512,9,10,0.001,0.2581712723476812,0.7203020602464676,0.3158477499964647
n4_d512_r9,4,512,9,11,0.001,0.23841897025704384,0.7392036318778992,0.31194616699940525
n4_d512_r9,4,512,9,12,0.0005,0.1991839341353625,0.7657220661640167,0.31411524998839013
n4_d512_r9,4,512,9,13,0.0005,0.18508052686229348,0.7874475717544556,0.31191950000356883
n4_d512_r9,4,512,9,14,0.0005,0.17636010784190148,0.8039696514606476,0.3137128329835832
n4_d512_r9,4,512,9,15,0.0005,0.16841799556277692,0.818594753742218,0.31074479201924987
n4_d512_r9,4,512,9,16,0.0005,0.16130345046985894,0.8360291123390198,0.35347133298637345
n4_d512_r9,4,512,9,17,0.0005,0.15538489783648401,0.8513502478599548,0.3538971249945462
n4_d512_r9,4,512,9,18,0.0005,0.14947456354275346,0.864740788936615,0.35620245899190195
n4_d512_r9,4,512,9,19,0.0005,0.14350055647082627,0.8729778230190277,0.3384746660012752
n4_d512_r9,4,512,9,20,0.00025,0.1276581526035443,0.8864966779947281,0.34004000001004897
n4_d512_r9,4,512,9,21,0.00025,0.12331188621465117,0.8973443061113358,0.34843695900053717
n4_d512_r9,4,512,9,22,0.00025,0.12064672308042645,0.9051907062530518,0.34412695802166127
n4_d512_r9,4,512,9,23,0.00025,0.1181956012151204,0.9112735241651535,0.3826888330222573
n4_d1024_r9,4,1024,9,1,0.001,0.8154158354736865,0.620203360915184,0.5340873749810271
n4_d1024_r9,4,1024,9,2,0.001,0.4595206056255847,0.608483225107193,0.5883735419774894
n4_d1024_r9,4,1024,9,3,0.001,0.34057214949280024,0.6308700740337372,0.4526636250084266
n4_d1024_r9,4,1024,9,4,0.001,0.2399324371945113,0.6767476052045822,0.41117016700445674
n4_d1024_r9,4,1024,9,5,0.001,0.15976219449657947,0.7151500880718231,0.36732874999870546
n4_d1024_r9,4,1024,9,6,0.001,0.09967157419305295,0.751537635922432,0.33492708299309015
n4_d1024_r9,4,1024,9,7,0.001,0.0630018052761443,0.7706247568130493,0.33499029200174846
n4_d1024_r9,4,1024,9,8,0.001,0.04066491947742179,0.7864807546138763,0.36854358299751766
n4_d1024_r9,4,1024,9,9,0.001,0.028501753564341925,0.7962551563978195,0.3315147910034284
n4_d1024_r9,4,1024,9,10,0.001,0.021612706972518936,0.7891465574502945,0.33239091600989923
n4_d1024_r9,4,1024,9,11,0.0005,0.013357696479943115,0.7882231175899506,0.33056225001928397
n4_d1024_r9,4,1024,9,12,0.0005,0.004207289599435171,0.7932078391313553,0.3283355410094373
n4_d1024_r9,4,1024,9,13,0.0005,0.0019618041915236972,0.7956052869558334,0.3287398749962449
n4_d1024_r9,4,1024,9,14,0.0005,0.001102812950648513,0.7975918799638748,0.33059829199919477
n4_d1024_r9,4,1024,9,15,0.0005,0.0006617055244078074,0.7986749857664108,0.4089429999876302
n4_d1024_r9,4,1024,9,16,0.0005,0.0004395379919515108,0.7991361171007156,0.49462308301008306
n4_d1024_r9,4,1024,9,17,0.0005,0.00031708767846794217,0.7998394072055817,0.45833979101735167
n4_d1024_r9,4,1024,9,18,0.0005,0.00024243812072199944,0.8008437156677246,0.3471058750001248
n4_d1024_r9,4,1024,9,19,0.00025,0.0001594113173837286,0.800924077630043,0.33509287500055507
n4_d1024_r9,4,1024,9,20,0.00025,6.952358280898352e-05,0.8010746389627457,0.3303252500190865
n4_d1024_r9,4,1024,9,21,0.00025,4.7636543669682396e-05,0.801267147064209,0.32774862498627044
n4_d1024_r9,4,1024,9,22,0.00025,3.825393777390218e-05,0.8012660890817642,0.3402128749876283
n4_d2048_r9,4,2048,9,1,0.001,0.8170397109352052,0.648811936378479,0.42662612500134856
n4_d2048_r9,4,2048,9,2,0.001,0.3299618212040514,0.6554166078567505,0.39077983298921026
n4_d2048_r9,4,2048,9,3,0.001,0.13543973380001262,0.687728077173233,0.3799439590075053
n4_d2048_r9,4,2048,9,4,0.001,0.05387397963204421,0.6897570043802261,0.38749216601718217
n4_d2048_r9,4,2048,9,5,0.001,0.03614795439352747,0.6854012310504913,0.37809516600100324
n4_d2048_r9,4,2048,9,6,0.001,0.03443473645893391,0.6840605735778809,0.3811825839802623
n4_d2048_r9,4,2048,9,7,0.001,0.035321860006661154,0.6767243444919586,0.3800620830152184
n4_d2048_r9,4,2048,9,8,0.001,0.03587705262179952,0.6666234582662582,0.38718720799079165
n4_d2048_r9,4,2048,9,9,0.001,0.0339503390569007,0.6682182252407074,0.4932471250067465
n4_d2048_r9,4,2048,9,10,0.0005,0.026042415527626872,0.6548029482364655,0.4793552499904763
n4_d2048_r9,4,2048,9,11,0.0005,0.00478065617971879,0.6569380313158035,0.6350254169956315
n4_d2048_r9,4,2048,9,12,0.0005,0.00116451955454977,0.6557719856500626,0.5067337090149522
n4_d2048_r9,4,2048,9,13,0.0005,0.00033752582180568425,0.6562248915433884,0.6597105000109877
n4_d2048_r9,4,2048,9,14,0.0005,0.0001162776002274768,0.6564221233129501,0.5720942079788074
n4_d2048_r9,4,2048,9,15,0.0005,4.885401838805592e-05,0.6560892164707184,0.6148252080020029
n4_d2048_r9,4,2048,9,16,0.0005,2.724546511956305e-05,0.6562435030937195,0.7290504580014385
n4_d2048_r9,4,2048,9,17,0.0005,1.9702032801660607e-05,0.6561799794435501,0.45382429199526086
n4_d2048_r9,4,2048,9,18,0.00025,1.7058835787508997e-05,0.6561840623617172,0.3928956250019837
n4_d2048_r9,4,2048,9,19,0.00025,2.8195202874670144e-06,0.6562736481428146,0.48024450000957586
n4_d2048_r9,4,2048,9,20,0.00025,8.038867582715881e-07,0.6562556773424149,0.4235515409964137
n4_d2048_r9,4,2048,9,21,0.00025,3.0531800843114354e-07,0.6562616974115372,0.4597644170280546
n4_d4096_r9,4,4096,9,1,0.001,0.9063549973070621,0.7337458282709122,0.8460852910066023
n4_d4096_r9,4,4096,9,2,0.001,0.42432077322155237,0.6442312002182007,0.5947940409823786
n4_d4096_r9,4,4096,9,3,0.001,0.14479952194960788,0.6498101055622101,0.622447750007268
n4_d4096_r9,4,4096,9,4,0.001,0.056675860192626715,0.6340227425098419,0.5717631250154227
n4_d4096_r9,4,4096,9,5,0.001,0.042560958725516684,0.634064570069313,0.6071946250158362
n4_d4096_r9,4,4096,9,6,0.001,0.03265561013540719,0.6323994547128677,0.5768965000170283
n4_d4096_r9,4,4096,9,7,0.001,0.026757402476505376,0.6286710351705551,0.5782123749959283
n4_d4096_r9,4,4096,9,8,0.001,0.02503617506590672,0.6254194229841232,0.5652911250072066
n4_d4096_r9,4,4096,9,9,0.001,0.024873517861124128,0.6272575408220291,0.6084357909858227
n4_d4096_r9,4,4096,9,10,0.001,0.024600623815786093,0.6199305951595306,0.5821722079999745
n4_d4096_r9,4,4096,9,11,0.001,0.024838230732711963,0.6254643350839615,0.6084350419987459
n4_d4096_r9,4,4096,9,12,0.001,0.025683336294605397,0.6228076368570328,0.587668834021315
n4_d4096_r9,4,4096,9,13,0.001,0.02576405039872043,0.6186261028051376,0.5609186660149135
n4_d4096_r9,4,4096,9,14,0.001,0.025713671173434705,0.6229483783245087,0.5936757079907693
n4_d4096_r9,4,4096,9,15,0.001,0.02416195817932021,0.6215513795614243,0.579327084007673
n4_d4096_r9,4,4096,9,16,0.001,0.022833148614154197,0.6198276728391647,0.578967332985485
n4_d4096_r9,4,4096,9,17,0.001,0.021212951382040046,0.6193185895681381,0.564317625015974
n4_d4096_r9,4,4096,9,18,0.001,0.0196137302700663,0.6171481162309647,0.6098446670221165
n4_d4096_r9,4,4096,9,19,0.001,0.018868927283619996,0.6194008737802505,0.5819087499985471
n4_d4096_r9,4,4096,9,20,0.001,0.018954821600345895,0.6138755232095718,0.58384350000415
n4_d4096_r9,4,4096,9,21,0.001,0.018671384794288315,0.6196340620517731,0.6018225419975352
n4_d4096_r9,4,4096,9,22,0.001,0.018039708156720735,0.6135929822921753,0.5662312079803087
n4_d4096_r9,4,4096,9,23,0.001,0.018502369632187765,0.6198328882455826,0.5746007089910563
n4_d4096_r9,4,4096,9,24,0.001,0.018562532633950468,0.616847962141037,0.5662861669843551
n4_d4096_r9,4,4096,9,25,0.001,0.01835942872276064,0.6188170462846756,0.5719039169780444
n4_d4096_r9,4,4096,9,26,0.001,0.01873825197253609,0.6163817346096039,0.5835121670097578
n4_d4096_r9,4,4096,9,27,0.001,0.018947003183711786,0.6205389350652695,0.5983548340154812
n4_d4096_r9,4,4096,9,28,0.001,0.018853961519198492,0.617144301533699,0.5700297919975128
n4_d4096_r9,4,4096,9,29,0.001,0.017772029495972674,0.6205290853977203,0.5793807499867398
n4_d4096_r9,4,4096,9,30,0.001,0.016798342898255214,0.6150038987398148,0.5983032079820987
n4_d4096_r9,4,4096,9,31,0.0005,0.013490394194377586,0.6113331019878387,0.5875540419947356
n4_d4096_r9,4,4096,9,32,0.0005,0.0023050257941577,0.6089945286512375,0.5873071670066565
n4_d4096_r9,4,4096,9,33,0.0005,0.0005209997193560412,0.6098885536193848,0.5729782919806894
n4_d4096_r9,4,4096,9,34,0.0005,0.00016839303896176716,0.6093896180391312,0.5917261250142474
n4_d4096_r9,4,4096,9,35,0.0005,9.045398240914437e-05,0.6096198260784149,0.6155165000236593
n4_d4096_r9,4,4096,9,36,0.0005,6.742465338049897e-05,0.6094658225774765,0.5829415830085054
n4_d4096_r9,4,4096,9,37,0.0005,6.112815775694003e-05,0.6095848977565765,0.5901467080111615
n4_d4096_r9,4,4096,9,38,0.0005,5.896892052170699e-05,0.6094947755336761,0.6304067499877419
n4_d4096_r9,4,4096,9,39,0.0005,5.821267308281364e-05,0.6095256507396698,0.636985207995167
n4_d4096_r9,4,4096,9,40,0.0005,5.8075827366721455e-05,0.6094985008239746,0.7491784169978928
n4_d4096_r9,4,4096,9,41,0.00025,5.80515575148155e-05,0.609537273645401,0.6091422910103574
n4_d4096_r9,4,4096,9,42,0.00025,5.6592957447643144e-05,0.6095264106988907,0.6815579160174821
n4_d4096_r9,4,4096,9,43,0.00025,5.635248057778153e-05,0.6095236092805862,0.7006004580180161
n4_d4096_r9,4,4096,9,44,0.00025,5.626060147466416e-05,0.6095244288444519,0.6831303329963703
n4_d4096_r9,4,4096,9,45,0.00025,5.620335536427219e-05,0.6095250248908997,0.5671029170043766
n4_d4096_r9,4,4096,9,46,0.00025,5.615270560351167e-05,0.6095261573791504,0.5959688340080902
n4_d4096_r9,4,4096,9,47,0.00025,5.6102806647365805e-05,0.6095277518033981,0.5790938750142232
n4_d4096_r9,4,4096,9,48,0.00025,5.604708823974975e-05,0.6095278114080429,0.5875993749941699
n4_d4096_r9,4,4096,9,49,0.000125,5.599936644742811e-05,0.6095289438962936,0.5780736670130864
n4_d4096_r9,4,4096,9,50,0.000125,5.596762845345212e-05,0.6095299571752548,0.6085119589988608
n4_d4096_r9,4,4096,9,51,0.000125,5.5935645762241436e-05,0.6095306426286697,0.5639149589987937
n4_d4096_r9,4,4096,9,52,0.000125,5.590062735090625e-05,0.6095310747623444,0.5691407920094207
