run_identifier,n_informative,total_dim,repeat,epoch,learning_rate,train_mse,validation_mse,epoch_seconds
n1_d64_r0,1,64,0,1,0.001,1.4597097830846906,1.0754298269748688,0.5716492499923334
n1_d64_r0,1,64,0,2,0.001,0.9696172382682562,0.8867655992507935,0.30157829204108566
n1_d64_r0,1,64,0,3,0.001,0.8226117161102593,0.7615240961313248,0.29241979197831824
n1_d64_r0,1,64,0,4,0.001,0.7021282697096467,0.6499301195144653,0.22826966701541096
n1_d64_r0,1,64,0,5,0.001,0.6098217386752367,0.5786876976490021,0.22562604199629277
n1_d64_r0,1,64,0,6,0.001,0.5615624191705137,0.5474565178155899,0.2280440420145169
n1_d64_r0,1,64,0,7,0.001,0.540774537017569,0.5321020185947418,0.2631413339986466
n1_d64_r0,1,64,0,8,0.001,0.5299086060840636,0.5241712778806686,0.23165887501090765
n1_d64_r0,1,64,0,9,0.001,0.5234633337240666,0.5188176110386848,0.22645408398238942
n1_d64_r0,1,64,0,10,0.001,0.5192215964198112,0.5157089307904243,0.22683062503347173
n1_d64_r0,1,64,0,11,0.001,0.5164559683762491,0.5142481625080109,0.22593424998922274
n1_d64_r0,1,64,0,12,0.001,0.5144022277090698,0.5126655101776123,0.22541937499772757
n1_d64_r0,1,64,0,13,0.001,0.5127334778662771,0.5130118951201439,0.2247022499796003
n1_d64_r0,1,64,0,14,0.001,0.511597559787333,0.5124383568763733,0.22682070900918916
n1_d64_r0,1,64,0,15,0.001,0.5106902085244656,0.512312576174736,0.256315040984191
n1_d64_r0,1,64,0,16,0.001,0.509840052574873,0.5123442709445953,0.23565445799613371
n1_d64_r0,1,64,0,17,0.001,0.509348644176498,0.5116031318902969,0.23996762500610203
n1_d64_r0,1,64,0,18,0.001,0.5086732457857579,0.5114434435963631,0.23268558300333098
n1_d64_r0,1,64,0,19,0.001,0.5079577872529626,0.5111812651157379,0.2280685839941725
n1_d64_r0,1,64,0,20,0.001,0.5075714245904237,0.5106358826160431,0.2363095000036992
n1_d64_r0,1,64,0,21,0.001,0.5073172010015696,0.5106526762247086,0.22595841699512675
n1_d64_r0,1,64,0,22,0.001,0.5067293152678758,0.5106886327266693,0.2316114169661887
n1_d64_r0,1,64,0,23,0.001,0.506263667717576,0.5107360482215881,0.23083758301800117
n1_d64_r0,1,64,0,24,0.001,0.5060434376355261,0.5107805877923965,0.26550008403137326
n1_d64_r0,1,64,0,25,0.001,0.5058109678793699,0.5109906941652298,0.23240487498696893
n1_d64_r0,1,64,0,26,0.001,0.5053577979560941,0.5099899023771286,0.22674824995920062
n1_d64_r0,1,64,0,27,0.001,0.5051684284117073,0.5108562931418419,0.22947291698073968
n1_d64_r0,1,64,0,28,0.001,0.5050379440654069,0.5103577971458435,0.22623829200165346
n1_d64_r0,1,64,0,29,0.001,0.5046396881807595,0.5104768425226212,0.22578133299248293
n1_d64_r0,1,64,0,30,0.001,0.504640995990485,0.5103329792618752,0.22579095902619883
n1_d64_r0,1,64,0,31,0.001,0.5041882828809321,0.5095199793577194,0.26162800000747666
n1_d64_r0,1,64,0,32,0.001,0.504059276310727,0.5101877748966217,0.23200650000944734
n1_d64_r0,1,64,0,33,0.001,0.5040099762845784,0.5097714886069298,0.22616358404047787
n1_d64_r0,1,64,0,34,0.001,0.5040285286959261,0.5098355859518051,0.23457791697001085
n1_d64_r0,1,64,0,35,0.001,0.5037252444308251,0.5106206685304642,0.22857558401301503
n1_d64_r0,1,64,0,36,0.001,0.5035290759988129,0.5101436376571655,0.2266102500143461
n1_d64_r0,1,64,0,37,0.001,0.5035561351105571,0.5098883584141731,0.22729241696652025
n1_d64_r0,1,64,0,38,0.001,0.5032291158568114,0.5099962651729584,0.22582779201911762
n1_d64_r0,1,64,0,39,0.001,0.5030634312424809,0.5100415796041489,0.26051474997075275
n1_d64_r0,1,64,0,40,0.0005,0.5017973349895328,0.5096649378538132,0.23448916600318626
n1_d64_r0,1,64,0,41,0.0005,0.5017236846033484,0.5096932649612427,0.22470725001767278
n1_d64_r0,1,64,0,42,0.0005,0.5015233329031616,0.5094774514436722,0.22525683301500976
n1_d64_r0,1,64,0,43,0.0005,0.5014975634403527,0.509634792804718,0.23300787498010322
n1_d64_r0,1,64,0,44,0.0005,0.501383914379403,0.5097378343343735,0.2272304170182906
n1_d64_r0,1,64,0,45,0.0005,0.5014016639906913,0.5097996294498444,0.2263501250417903
n1_d64_r0,1,64,0,46,0.0005,0.5012300335802138,0.5097376257181168,0.22565908398246393
n1_d64_r0,1,64,0,47,0.0005,0.5013557116035372,0.5099624618887901,0.2589701660326682
n1_d64_r0,1,64,0,48,0.0005,0.5011687420774251,0.5096754282712936,0.23470345797250047
n1_d64_r0,1,64,0,49,0.0005,0.5012122157495469,0.5096832066774368,0.2252302920096554
n1_d64_r0,1,64,0,50,0.0005,0.5010989671573043,0.5097260624170303,0.22600004100240767
n1_d64_r0,1,64,0,51,0.00025,0.500338040990755,0.5097872689366341,0.22422287502558902
n1_d64_r0,1,64,0,52,0.00025,0.5003655045293272,0.5097630769014359,0.23317341698566452
n1_d64_r0,1,64,0,53,0.00025,0.5003057373687625,0.5098764300346375,0.22748841700376943
n1_d64_r0,1,64,0,54,0.00025,0.5002136228140444,0.5098205506801605,0.2275922080152668
n1_d64_r0,1,64,0,55,0.00025,0.5002977752592415,0.5097617581486702,0.2603290000115521
n1_d64_r0,1,64,0,56,0.00025,0.5001831462141126,0.5096770897507668,0.23131445795297623
n1_d64_r0,1,64,0,57,0.00025,0.500196224078536,0.5098125487565994,0.22657062503276393
n1_d64_r0,1,64,0,58,0.00025,0.5002012562472373,0.5096753239631653,0.22632591699948534
n1_d64_r0,1,64,0,59,0.000125,0.49976767669431865,0.5097647607326508,0.22542366600828245
n1_d64_r0,1,64,0,60,0.000125,0.49975481396541,0.5097572505474091,0.2264221670338884
n1_d64_r0,1,64,0,61,0.000125,0.49975795042701066,0.5098572969436646,0.23439045797567815
n1_d64_r0,1,64,0,62,0.000125,0.4997468115761876,0.5097795352339745,0.22568295802921057
n1_d128_r0,1,128,0,1,0.001,0.9265794418752193,0.7803595960140228,0.30375249998178333
n1_d128_r0,1,128,0,2,0.001,0.6862232866697013,0.6343566924333572,0.23149629100225866
n1_d128_r0,1,128,0,3,0.001,0.5915513411164284,0.5836462080478668,0.23505962500348687
n1_d128_r0,1,128,0,4,0.001,0.5582974611315876,0.5631658732891083,0.2296818339964375
n1_d128_r0,1,128,0,5,0.001,0.537980392575264,0.5508664101362228,0.22795516601763666
n1_d128_r0,1,128,0,6,0.001,0.5252412529662251,0.5421838834881783,0.23009941703639925
n1_d128_r0,1,128,0,7,0.001,0.5164069749880582,0.5359826236963272,0.23222599999280646
n1_d128_r0,1,128,0,8,0.001,0.5099412824492902,0.5328560173511505,0.23810137499822304
n1_d128_r0,1,128,0,9,0.001,0.5055115565191954,0.530174657702446,0.2685603329446167
n1_d128_r0,1,128,0,10,0.001,0.5020803003571928,0.5280496701598167,0.22963854199042544
n1_d128_r0,1,128,0,11,0.001,0.4991886366624385,0.5259012132883072,0.2305765000055544
n1_d128_r0,1,128,0,12,0.001,0.49675901932641864,0.5271005481481552,0.23917141696438193
n1_d128_r0,1,128,0,13,0.001,0.49512042198330164,0.5256184861063957,0.22942345798946917
n1_d128_r0,1,128,0,14,0.001,0.4935540563892573,0.5260157287120819,0.22931354102911428
n1_d128_r0,1,128,0,15,0.001,0.4922491619363427,0.5247429311275482,0.2299635840463452
n1_d128_r0,1,128,0,16,0.001,0.49072430026717484,0.5272191911935806,0.23876050004037097
n1_d128_r0,1,128,0,17,0.001,0.49009029660373926,0.5263834744691849,0.2712398750009015
n1_d128_r0,1,128,0,18,0.001,0.48844739189371467,0.5275280550122261,0.228965749964118
n1_d128_r0,1,128,0,19,0.001,0.4875833420082927,0.5281772390007973,0.23121283296495676
n1_d128_r0,1,128,0,20,0.001,0.48685796209611,0.528840072453022,0.23259212501579896
n1_d128_r0,1,128,0,21,0.001,0.48565414012409747,0.5304268300533295,0.23011729202698916
n1_d128_r0,1,128,0,22,0.001,0.4850998870097101,0.5309847146272659,0.23144358402350917
n1_d128_r0,1,128,0,23,0.001,0.4843366965651512,0.5310748219490051,0.23068020900245756
n1_d128_r0,1,128,0,24,0.0005,0.4808935734909028,0.531110517680645,0.23087158298585564
n1_d128_r0,1,128,0,25,0.0005,0.4799286089837551,0.5314692631363869,0.27817812497960404
n1_d128_r0,1,128,0,26,0.0005,0.4795897665899247,0.5314432978630066,0.2314530829899013
n1_d128_r0,1,128,0,27,0.0005,0.47926335013471544,0.5319665595889091,0.23045645898673683
n1_d128_r0,1,128,0,28,0.0005,0.47890866291709244,0.531677320599556,0.23020612500840798
n1_d128_r0,1,128,0,29,0.0005,0.47866292973048985,0.5328252613544464,0.2325469590141438
n1_d128_r0,1,128,0,30,0.0005,0.47824868094176054,0.532835066318512,0.22837820800486952
n1_d128_r0,1,128,0,31,0.0005,0.47779891709797084,0.533037543296814,0.2300943749723956
n1_d128_r0,1,128,0,32,0.00025,0.47604763181880116,0.532939963042736,0.2651169589953497
n1_d128_r0,1,128,0,33,0.00025,0.47581554437056184,0.5331112593412399,0.23862591601209715
n1_d128_r0,1,128,0,34,0.00025,0.4755855763796717,0.5335585102438927,0.23917312500998378
n1_d128_r0,1,128,0,35,0.00025,0.4753736148122698,0.5338858366012573,0.2295729159959592
n1_d256_r0,1,256,0,1,0.001,0.9547960814088583,0.8016712218523026,0.2636556249926798
n1_d256_r0,1,256,0,2,0.001,0.6914914776571095,0.6326334029436111,0.2343936249963008
n1_d256_r0,1,256,0,3,0.001,0.5734925854485482,0.5916411876678467,0.23239945800742134
n1_d256_r0,1,256,0,4,0.001,0.5331716919317842,0.5754074156284332,0.2664900000090711
n1_d256_r0,1,256,0,5,0.001,0.5093872828874737,0.5670439749956131,0.2385890829609707
n1_d256_r0,1,256,0,6,0.001,0.49183180765248835,0.5583189874887466,0.23504883295390755
n1_d256_r0,1,256,0,7,0.001,0.47865499556064606,0.560849979519844,0.23971125000389293
n1_d256_r0,1,256,0,8,0.001,0.46940041170455515,0.5565567463636398,0.2344625829719007
n1_d256_r0,1,256,0,9,0.001,0.46092155715450644,0.5567377805709839,0.23456708301091567
n1_d256_r0,1,256,0,10,0.001,0.4528837138786912,0.558930903673172,0.2351782500045374
n1_d256_r0,1,256,0,11,0.001,0.4461129908449948,0.5644380450248718,0.23482687497744337
n1_d256_r0,1,256,0,12,0.001,0.4410957465879619,0.5691925883293152,0.2651019170298241
n1_d256_r0,1,256,0,13,0.001,0.43570957612246275,0.5756494849920273,0.240885499981232
n1_d256_r0,1,256,0,14,0.001,0.4311514205764979,0.5761147439479828,0.23497441702056676
n1_d256_r0,1,256,0,15,0.001,0.42590933153405786,0.5800659358501434,0.23214320797706023
n1_d256_r0,1,256,0,16,0.001,0.4221459389664233,0.581335574388504,0.24250599998049438
n1_d256_r0,1,256,0,17,0.0005,0.4093768154270947,0.58466736972332,0.23271083302097395
n1_d256_r0,1,256,0,18,0.0005,0.406616794411093,0.5867907404899597,0.23383245803415775
n1_d256_r0,1,256,0,19,0.0005,0.4041526634246111,0.5887644439935684,0.23488845897372812
n1_d256_r0,1,256,0,20,0.0005,0.40274375630542636,0.5912308692932129,0.23223741701804101
n1_d256_r0,1,256,0,21,0.0005,0.4009747146628797,0.5953779965639114,0.27448441699380055
n1_d256_r0,1,256,0,22,0.0005,0.3992279132362455,0.5965814292430878,0.23321683297399431
n1_d256_r0,1,256,0,23,0.0005,0.39764036191627383,0.5995261669158936,0.23416491702664644
n1_d256_r0,1,256,0,24,0.0005,0.3962276338133961,0.6013526618480682,0.23469975002808496
n1_d256_r0,1,256,0,25,0.00025,0.38969101081602275,0.6021330952644348,0.23805908299982548
n1_d256_r0,1,256,0,26,0.00025,0.38831514469347894,0.6045245230197906,0.2332960829953663
n1_d256_r0,1,256,0,27,0.00025,0.38760548224672675,0.6051163822412491,0.2343196669826284
n1_d256_r0,1,256,0,28,0.00025,0.3869288677815348,0.6073954850435257,0.2685460419743322
n1_d512_r0,1,512,0,1,0.001,1.0021956912241876,0.8445230573415756,0.29461395798716694
n1_d512_r0,1,512,0,2,0.001,0.6682919331360608,0.6271123141050339,0.2667989580077119
n1_d512_r0,1,512,0,3,0.001,0.5162935901898891,0.6061756908893585,0.26589187496574596
n1_d512_r0,1,512,0,4,0.001,0.4548222338780761,0.5994810163974762,0.27186091704061255
n1_d512_r0,1,512,0,5,0.001,0.4136003565508872,0.608161598443985,0.2710190420038998
n1_d512_r0,1,512,0,6,0.001,0.3794832122512162,0.62529157102108,0.2679623339790851
n1_d512_r0,1,512,0,7,0.001,0.3499571089632809,0.637638047337532,0.26807612500851974
n1_d512_r0,1,512,0,8,0.001,0.32096887135412544,0.6612086594104767,0.30302441702224314
n1_d512_r0,1,512,0,9,0.001,0.29628293053247035,0.6841144412755966,0.2677619170281105
n1_d512_r0,1,512,0,10,0.001,0.274033767869696,0.7152950465679169,0.2677459589904174
n1_d512_r0,1,512,0,11,0.001,0.2524283363018185,0.7365663200616837,0.2670743750059046
n1_d512_r0,1,512,0,12,0.001,0.23340515326708555,0.7677861154079437,0.2753509999602102
n1_d512_r0,1,512,0,13,0.0005,0.19486561662051827,0.7824095189571381,0.2659482909948565
n1_d512_r0,1,512,0,14,0.0005,0.18212600680999458,0.8028236925601959,0.26738229196053
n1_d512_r0,1,512,0,15,0.0005,0.17420383065473288,0.8147874623537064,0.26484749995870516
n1_d512_r0,1,512,0,16,0.0005,0.16738796792924404,0.838952824473381,0.3086233749636449
n1_d512_r0,1,512,0,17,0.0005,0.16031250613741577,0.8511367291212082,0.26826516701839864
n1_d512_r0,1,512,0,18,0.0005,0.15417778957635164,0.8629601150751114,0.267277083999943
n1_d512_r0,1,512,0,19,0.0005,0.14858912298223004,0.8798773139715195,0.26471070799743757
n1_d512_r0,1,512,0,20,0.0005,0.1432523574330844,0.899586483836174,0.27723787497961894
n1_d512_r0,1,512,0,21,0.00025,0.12692435272037983,0.9035921543836594,0.2695926669985056
n1_d512_r0,1,512,0,22,0.00025,0.12271194870118052,0.9131301790475845,0.26634133397601545
n1_d512_r0,1,512,0,23,0.00025,0.12041935173328966,0.9225249141454697,0.30319016601424664
n1_d512_r0,1,512,0,24,0.00025,0.11812606343301013,0.931975930929184,0.27523583301808685
n1_d1024_r0,1,1024,0,1,0.001,0.929007810074836,0.7676016986370087,0.306206708017271
n1_d1024_r0,1,1024,0,2,0.001,0.5303799770772457,0.6520460098981857,0.28464670898392797
n1_d1024_r0,1,1024,0,3,0.001,0.34940620965790004,0.6569194942712784,0.29266216699033976
n1_d1024_r0,1,1024,0,4,0.001,0.2402471894165501,0.7062783539295197,0.28496304200962186
n1_d1024_r0,1,1024,0,5,0.001,0.15829477895749733,0.7485678344964981,0.2816797500126995
n1_d1024_r0,1,1024,0,6,0.001,0.1007487423485145,0.7747591435909271,0.28428112500114366
n1_d1024_r0,1,1024,0,7,0.001,0.06446136988233775,0.78584323823452,0.3192120420280844
n1_d1024_r0,1,1024,0,8,0.001,0.04320706779253669,0.8009176403284073,0.2798614170169458
n1_d1024_r0,1,1024,0,9,0.001,0.029915668157627806,0.7994857728481293,0.28153583395760506
n1_d1024_r0,1,1024,0,10,0.001,0.023037264312733896,0.8083457797765732,0.29067187500186265
n1_d1024_r0,1,1024,0,11,0.0005,0.013720882197958417,0.8029384613037109,0.28302758297650144
n1_d1024_r0,1,1024,0,12,0.0005,0.0046929429736337624,0.8028932511806488,0.2797679580398835
n1_d1024_r0,1,1024,0,13,0.0005,0.002308901960532239,0.8055602312088013,0.2850780839798972
n1_d1024_r0,1,1024,0,14,0.0005,0.0013587054472736781,0.807727187871933,0.28560562495840713
n1_d1024_r0,1,1024,0,15,0.0005,0.0008970837311608193,0.8097608089447021,0.33576145803090185
n1_d1024_r0,1,1024,0,16,0.0005,0.0006372833456680382,0.8102916330099106,0.28314429201418534
n1_d1024_r0,1,1024,0,17,0.0005,0.0004708529443178122,0.8109112679958344,0.2915733330301009
n1_d1024_r0,1,1024,0,18,0.0005,0.00037471642258424254,0.8113036900758743,0.28295783302746713
n1_d1024_r0,1,1024,0,19,0.00025,0.00025837595853772655,0.811518132686615,0.28364241699455306
n1_d1024_r0,1,1024,0,20,0.00025,0.00014980853993051824,0.8116761147975922,0.28364770801272243
n1_d1024_r0,1,1024,0,21,0.00025,0.00011686792844045613,0.8119597136974335,0.2836849999730475
n1_d1024_r0,1,1024,0,22,0.00025,0.00010007339805895299,0.8119630813598633,0.28222250001272187
n1_d2048_r0,1,2048,0,1,0.001,0.9766264180652797,0.8156090378761292,0.35020920902024955
n1_d2048_r0,1,2048,0,2,0.001,0.4368715768214315,0.7172617316246033,0.332404958026018
n1_d2048_r0,1,2048,0,3,0.001,0.17367670417297632,0.7244484424591064,0.32425662502646446
n1_d2048_r0,1,2048,0,4,0.001,0.07112194658839144,0.7155420035123825,0.3235786670120433
n1_d2048_r0,1,2048,0,5,0.001,0.04153868535649963,0.7052575349807739,0.3239772079978138
n1_d2048_r0,1,2048,0,6,0.001,0.035724175308132544,0.6982998847961426,0.3254338330007158
n1_d2048_r0,1,2048,0,7,0.001,0.03505184951063711,0.7018101513385773,0.3237131659989245
n1_d2048_r0,1,2048,0,8,0.001,0.03657228501106147,0.697859138250351,0.3321984170470387
n1_d2048_r0,1,2048,0,9,0.001,0.03640648857981432,0.689660519361496,0.3658921250025742
n1_d2048_r0,1,2048,0,10,0.001,0.03547770716249943,0.6929382532835007,0.3262510829954408
n1_d2048_r0,1,2048,0,11,0.001,0.03275083932385314,0.6769714653491974,0.32780487497802824
n1_d2048_r0,1,2048,0,12,0.001,0.029397065605735406,0.6779834926128387,0.32609250000678003
n1_d2048_r0,1,2048,0,13,0.001,0.027209122883505188,0.6780766397714615,0.32570679095806554
n1_d2048_r0,1,2048,0,14,0.001,0.025502423202851787,0.6673077195882797,0.3297740839770995
n1_d2048_r0,1,2048,0,15,0.001,0.024313599889865145,0.6638229191303253,0.3329854999901727
n1_d2048_r0,1,2048,0,16,0.001,0.022774798679165542,0.6668816655874252,0.35946858295938
n1_d2048_r0,1,2048,0,17,0.001,0.022451011289376765,0.6597246378660202,0.3326702500344254
n1_d2048_r0,1,2048,0,18,0.001,0.02302466159744654,0.6605487912893295,0.3249999589752406
n1_d2048_r0,1,2048,0,19,0.001,0.023921827916637994,0.6523183435201645,0.3222268329700455
n1_d2048_r0,1,2048,0,20,0.001,0.023595586215378717,0.6552461832761765,0.32661570800701156
n1_d2048_r0,1,2048,0,21,0.001,0.023470165833714418,0.6525546163320541,0.3348230410483666
n1_d2048_r0,1,2048,0,22,0.001,0.02319908799836412,0.6504719108343124,0.3264782910118811
n1_d2048_r0,1,2048,0,23,0.001,0.022448954259743914,0.6447781473398209,0.32992854196345434
n1_d2048_r0,1,2048,0,24,0.001,0.021046357993327547,0.6469921916723251,0.3608310419949703
n1_d2048_r0,1,2048,0,25,0.001,0.020292058514314704,0.641998678445816,0.33108383405487984
n1_d2048_r0,1,2048,0,26,0.001,0.019314587974804454,0.642741397023201,0.3320032089832239
n1_d2048_r0,1,2048,0,27,0.001,0.019163519267749507,0.6420432329177856,0.33780675003072247
n1_d2048_r0,1,2048,0,28,0.001,0.01913002700166544,0.6387453079223633,0.32924150000326335
n1_d2048_r0,1,2048,0,29,0.001,0.01885837064764928,0.6355596333742142,0.3317288749967702
n1_d2048_r0,1,2048,0,30,0.001,0.01875442987511633,0.637558788061142,0.33028554101474583
n1_d2048_r0,1,2048,0,31,0.001,0.019001417043909896,0.6361141055822372,0.32759316597366706
n1_d2048_r0,1,2048,0,32,0.001,0.018331568615394644,0.6330288350582123,0.36376733297947794
n1_d2048_r0,1,2048,0,33,0.001,0.018041623479803093,0.6307373493909836,0.3397138749714941
n1_d2048_r0,1,2048,0,34,0.001,0.0178540677879937,0.6265738010406494,0.3271013750345446
n1_d2048_r0,1,2048,0,35,0.001,0.0172713382562506,0.6332105398178101,0.3277688749949448
n1_d2048_r0,1,2048,0,36,0.001,0.016786741354735568,0.6289993822574615,0.327850290981587
n1_d2048_r0,1,2048,0,37,0.001,0.016187741508474573,0.6239927411079407,0.3278162089991383
n1_d2048_r0,1,2048,0,38,0.001,0.01594691823265748,0.6274197101593018,0.3290167500381358
n1_d2048_r0,1,2048,0,39,0.001,0.015984487428795546,0.6211575418710709,0.33598412497667596
n1_d2048_r0,1,2048,0,40,0.001,0.015680370379413944,0.6214321553707123,0.3688885000301525
n1_d2048_r0,1,2048,0,41,0.001,0.01537625104538165,0.6242637187242508,0.328105833963491
n1_d2048_r0,1,2048,0,42,0.001,0.015467969351448119,0.6260173320770264,0.33179541694698855
n1_d2048_r0,1,2048,0,43,0.001,0.015497053005674388,0.6216170340776443,0.3299962079618126
n1_d2048_r0,1,2048,0,44,0.001,0.01574787990830373,0.6191931068897247,0.3306137500330806
n1_d2048_r0,1,2048,0,45,0.001,0.01573633186490042,0.6233247965574265,0.32528350001666695
n1_d2048_r0,1,2048,0,46,0.001,0.015286559522792231,0.6193741112947464,0.3346937500173226
n1_d2048_r0,1,2048,0,47,0.001,0.014636214240454137,0.6192609667778015,0.32813245902070776
n1_d2048_r0,1,2048,0,48,0.001,0.013875923104933463,0.6154567003250122,0.3615238339989446
n1_d2048_r0,1,2048,0,49,0.001,0.013188124459702522,0.6148614436388016,0.3298005419783294
n1_d2048_r0,1,2048,0,50,0.001,0.012292895451537333,0.6179855167865753,0.33026758302003145
n1_d2048_r0,1,2048,0,51,0.001,0.011806088565208483,0.6160919070243835,0.3264245419995859
n1_d2048_r0,1,2048,0,52,0.001,0.011408648606447969,0.6127531081438065,0.3333095840062015
n1_d2048_r0,1,2048,0,53,0.001,0.011343134581693448,0.6160267293453217,0.33296566701028496
n1_d2048_r0,1,2048,0,54,0.001,0.011842990745208226,0.6127695590257645,0.32881533302133903
n1_d2048_r0,1,2048,0,55,0.001,0.012284514981729444,0.616177961230278,0.33013345795916393
n1_d2048_r0,1,2048,0,56,0.001,0.013070474400592502,0.6134755909442902,0.3654840409872122
n1_d2048_r0,1,2048,0,57,0.001,0.01355713237717282,0.6118121594190598,0.3303285829606466
n1_d2048_r0,1,2048,0,58,0.001,0.013154751162801404,0.6138947755098343,0.34120137500576675
n1_d2048_r0,1,2048,0,59,0.001,0.013426839745079633,0.6096888184547424,0.3313792499830015
n1_d2048_r0,1,2048,0,60,0.001,0.013713882384763565,0.6113608330488205,0.32683229201938957
n1_d2048_r0,1,2048,0,61,0.001,0.012456243763153907,0.610735759139061,0.3248671250184998
n1_d2048_r0,1,2048,0,62,0.001,0.011297124903649092,0.6097022294998169,0.33079204201931134
n1_d2048_r0,1,2048,0,63,0.001,0.010195173843385419,0.6069151014089584,0.32648500002687797
n1_d2048_r0,1,2048,0,64,0.001,0.009582216513081221,0.60720494389534,0.3488363329670392
n1_d2048_r0,1,2048,0,65,0.001,0.009241815019777277,0.605011984705925,0.3821884169592522
n1_d2048_r0,1,2048,0,66,0.001,0.009121448783844244,0.606135293841362,0.3294589170254767
n1_d2048_r0,1,2048,0,67,0.001,0.009243557418812998,0.6030209064483643,0.32935066701611504
n1_d2048_r0,1,2048,0,68,0.001,0.009361174383229809,0.6075492352247238,0.3301414999878034
n1_d2048_r0,1,2048,0,69,0.001,0.009691450599348173,0.605844259262085,0.32410279201576486
n1_d2048_r0,1,2048,0,70,0.001,0.010352942681493005,0.6042897999286652,0.3330054169637151
n1_d2048_r0,1,2048,0,71,0.001,0.010877129359869286,0.6061684191226959,0.33170441701076925
n1_d2048_r0,1,2048,0,72,0.001,0.010795319256430957,0.6060524433851242,0.32663270802004263
n1_d2048_r0,1,2048,0,73,0.001,0.010614014776365366,0.603280708193779,0.36408104200381786
n1_d2048_r0,1,2048,0,74,0.001,0.009987024630390806,0.6040034741163254,0.33102262497413903
n1_d2048_r0,1,2048,0,75,0.001,0.009474654270889005,0.6013350188732147,0.32693420903524384
n1_d2048_r0,1,2048,0,76,0.001,0.009133661536907312,0.6040978729724884,0.33420254196971655
n1_d2048_r0,1,2048,0,77,0.001,0.008834206939354772,0.602403998374939,0.33898499998031184
n1_d2048_r0,1,2048,0,78,0.001,0.008656670121126808,0.6016438007354736,0.3333624579827301
n1_d2048_r0,1,2048,0,79,0.001,0.008418925412115641,0.6030565500259399,0.33040787500794977
n1_d2048_r0,1,2048,0,80,0.001,0.008505752033670433,0.6037655472755432,0.36982670903671533
n1_d2048_r0,1,2048,0,81,0.001,0.008600325083534699,0.6025883853435516,0.33238529204390943
n1_d2048_r0,1,2048,0,82,0.001,0.008322542576934211,0.6025075614452362,0.3302738749771379
n1_d2048_r0,1,2048,0,83,0.001,0.008440473917289637,0.6036260277032852,0.3468533330014907
n1_d2048_r0,1,2048,0,84,0.0005,0.006892835408507381,0.5979654788970947,0.3297949170228094
n1_d2048_r0,1,2048,0,85,0.0005,0.0012093114642084402,0.5992326885461807,0.33235079201404005
n1_d2048_r0,1,2048,0,86,0.0005,0.00028229133590684796,0.5988975167274475,0.33446641598129645
n1_d2048_r0,1,2048,0,87,0.0005,7.20449199320683e-05,0.5988646894693375,0.3313595420331694
n1_d2048_r0,1,2048,0,88,0.0005,2.0148633225858248e-05,0.5990352779626846,0.3741079170140438
n1_d2048_r0,1,2048,0,89,0.0005,6.317521350496236e-06,0.5989853590726852,0.3402030839934014
n1_d2048_r0,1,2048,0,90,0.0005,2.27676584074743e-06,0.5989962667226791,0.3300925839575939
n1_d2048_r0,1,2048,0,91,0.0005,9.823678532860924e-07,0.598985955119133,0.3343529169796966
n1_d2048_r0,1,2048,0,92,0.0005,5.122619937125705e-07,0.5990021973848343,0.3312372909858823
n1_d2048_r0,1,2048,0,93,0.00025,2.897310614757842e-07,0.5989871323108673,0.3323678749729879
n1_d2048_r0,1,2048,0,94,0.00025,4.853613116972966e-08,0.5989887863397598,0.33409829199081287
n1_d2048_r0,1,2048,0,95,0.00025,1.1696993658383281e-08,0.5989876389503479,0.34238008299143985
n1_d2048_r0,1,2048,0,96,0.00025,3.00921888622685e-09,0.5989882498979568,0.3712500829715282
n1_d2048_r0,1,2048,0,97,0.00025,8.352715077757089e-10,0.5989892929792404,0.3341407089610584
n1_d2048_r0,1,2048,0,98,0.00025,2.469959666483168e-10,0.5989891737699509,0.33061891701072454
n1_d2048_r0,1,2048,0,99,0.00025,8.021641527021159e-11,0.5989895761013031,0.3309818750130944
n1_d2048_r0,1,2048,0,100,0.00025,2.755998687186019e-11,0.5989894717931747,0.3314054170041345
n1_d2048_r0,1,2048,0,101,0.000125,9.913669359170804e-12,0.5989894270896912,0.33944950002478436
n1_d2048_r0,1,2048,0,102,0.000125,3.264533845884817e-12,0.5989894419908524,0.32831591699505225
n1_d2048_r0,1,2048,0,103,0.000125,1.9639469748150866e-12,0.5989894419908524,0.33463225001469254
n1_d2048_r0,1,2048,0,104,0.000125,1.3510467883303659e-12,0.5989894270896912,0.37727100000483915
n1_d4096_r0,1,4096,0,1,0.001,0.9908222449012101,0.9196687340736389,0.5117382919997908
n1_d4096_r0,1,4096,0,2,0.001,0.5287652041297406,0.7951333224773407,0.4613534579984844
n1_d4096_r0,1,4096,0,3,0.001,0.16046308784279972,0.754011794924736,0.4481153750093654
n1_d4096_r0,1,4096,0,4,0.001,0.06355968609568663,0.7365502566099167,0.4566322920145467
n1_d4096_r0,1,4096,0,5,0.001,0.03601751971291378,0.7245534658432007,0.4491529160295613
n1_d4096_r0,1,4096,0,6,0.001,0.02525495068402961,0.7252121716737747,0.48637449997477233
n1_d4096_r0,1,4096,0,7,0.001,0.022119363988167606,0.7169387340545654,0.5791021249606274
n1_d4096_r0,1,4096,0,8,0.001,0.02293369836115744,0.7191963493824005,0.4974276249995455
n1_d4096_r0,1,4096,0,9,0.001,0.025759206575457938,0.7163240164518356,0.4402503750170581
n1_d4096_r0,1,4096,0,10,0.001,0.029005543517996557,0.7167305499315262,0.448356083012186
n1_d4096_r0,1,4096,0,11,0.001,0.03080147149739787,0.7118220329284668,0.4744217499974184
n1_d4096_r0,1,4096,0,12,0.001,0.030409070575842634,0.7098971307277679,0.5468051249627024
n1_d4096_r0,1,4096,0,13,0.001,0.030070390028413385,0.7003460228443146,0.5208345840219408
n1_d4096_r0,1,4096,0,14,0.001,0.028850371891167015,0.7020881175994873,0.5969140410306863
n1_d4096_r0,1,4096,0,15,0.001,0.02643915338558145,0.6934354603290558,0.5171840409748256
n1_d4096_r0,1,4096,0,16,0.001,0.024320010968949646,0.7011179625988007,0.46169662498869
n1_d4096_r0,1,4096,0,17,0.001,0.02253594863577746,0.6962998658418655,0.45396166597492993
n1_d4096_r0,1,4096,0,18,0.001,0.02109528246364789,0.6948241740465164,0.4641085419571027
n1_d4096_r0,1,4096,0,19,0.001,0.020472747295571025,0.69227135181427,0.4594477090286091
n1_d4096_r0,1,4096,0,20,0.001,0.02010189330758294,0.6894376873970032,0.4858469169703312
n1_d4096_r0,1,4096,0,21,0.001,0.020546685191220604,0.6853923499584198,0.47571995900943875
n1_d4096_r0,1,4096,0,22,0.001,0.021236833708826452,0.6892708837985992,0.46888708299957216
n1_d4096_r0,1,4096,0,23,0.001,0.02045479310618248,0.6827918440103531,0.48916370898950845
n1_d4096_r0,1,4096,0,24,0.001,0.020650834805564955,0.6868359297513962,0.47622170799877495
n1_d4096_r0,1,4096,0,25,0.001,0.020756820907990914,0.6844632625579834,0.44673929101554677
n1_d4096_r0,1,4096,0,26,0.001,0.01964955799485324,0.6826405078172684,0.450129333010409
n1_d4096_r0,1,4096,0,27,0.001,0.019253562822996173,0.6782712489366531,0.44772591697983444
n1_d4096_r0,1,4096,0,28,0.001,0.019145472404488828,0.6789499670267105,0.4640387920080684
n1_d4096_r0,1,4096,0,29,0.001,0.017896273100632243,0.6734759360551834,0.45021870802156627
n1_d4096_r0,1,4096,0,30,0.001,0.01787308648636099,0.6767425686120987,0.44992141699185595
n1_d4096_r0,1,4096,0,31,0.001,0.017585937886906322,0.6716488748788834,0.49020212498726323
n1_d4096_r0,1,4096,0,32,0.001,0.016893614301807247,0.6731591373682022,0.44942458299919963
n1_d4096_r0,1,4096,0,33,0.001,0.016837439325172454,0.6755082607269287,0.4669351250049658
n1_d4096_r0,1,4096,0,34,0.001,0.0163095123207313,0.6719316095113754,0.44848662498407066
n1_d4096_r0,1,4096,0,35,0.001,0.016059634188422933,0.6703115254640579,0.4528251669835299
n1_d4096_r0,1,4096,0,36,0.001,0.016159141094249208,0.667189359664917,0.44513054098933935
n1_d4096_r0,1,4096,0,37,0.001,0.015938241602270864,0.6651807576417923,0.4612415420124307
n1_d4096_r0,1,4096,0,38,0.001,0.015706484162365086,0.6696083694696426,0.44991979200858623
n1_d4096_r0,1,4096,0,39,0.001,0.01521631631476339,0.6635517776012421,0.49528795800870284
n1_d4096_r0,1,4096,0,40,0.001,0.015025455504655838,0.6691571474075317,0.4476262910175137
n1_d4096_r0,1,4096,0,41,0.001,0.015039617312140763,0.6606651246547699,0.4477844589855522
n1_d4096_r0,1,4096,0,42,0.001,0.015033238145406358,0.6634951084852219,0.4589375000214204
n1_d4096_r0,1,4096,0,43,0.001,0.014721957239089534,0.6609073430299759,0.44734645797871053
n1_d4096_r0,1,4096,0,44,0.001,0.01400993960123742,0.6574774533510208,0.4520115000195801
n1_d4096_r0,1,4096,0,45,0.001,0.01418940418807324,0.6578887850046158,0.44891070801531896
n1_d4096_r0,1,4096,0,46,0.001,0.01435488356219139,0.6580380797386169,0.4599424170446582
n1_d4096_r0,1,4096,0,47,0.001,0.013788360593025573,0.6536554992198944,0.4841835830011405
n1_d4096_r0,1,4096,0,48,0.001,0.013058095071755815,0.6560180932283401,0.455286625016015
n1_d4096_r0,1,4096,0,49,0.001,0.012366005073999986,0.6534837484359741,0.44235454202862456
n1_d4096_r0,1,4096,0,50,0.001,0.011728081943147117,0.6531913876533508,0.45432008302304894
n1_d4096_r0,1,4096,0,51,0.001,0.011456689673650544,0.6521890163421631,0.45371595898177475
n1_d4096_r0,1,4096,0,52,0.001,0.011512854252941906,0.6520489752292633,0.44671587500488386
n1_d4096_r0,1,4096,0,53,0.001,0.011411084196879528,0.6515690833330154,0.4490505830035545
n1_d4096_r0,1,4096,0,54,0.001,0.011452241167717148,0.6477306485176086,0.4446000420139171
n1_d4096_r0,1,4096,0,55,0.001,0.01155831396317808,0.6461424827575684,0.4623497090069577
n1_d4096_r0,1,4096,0,56,0.001,0.011220889893593267,0.6469898521900177,0.49241662496933714
n1_d4096_r0,1,4096,0,57,0.001,0.01098789196839789,0.6450599581003189,0.4507722079870291
n1_d4096_r0,1,4096,0,58,0.001,0.010886259959079325,0.6484689861536026,0.4500282499939203
n1_d4096_r0,1,4096,0,59,0.001,0.010833740161615424,0.6451725661754608,0.45497341704322025
n1_d4096_r0,1,4096,0,60,0.001,0.010939934909401927,0.6453477144241333,0.461342207971029
n1_d4096_r0,1,4096,0,61,0.001,0.01093133391259471,0.6452277898788452,0.4549306669505313
n1_d4096_r0,1,4096,0,62,0.001,0.010760651966847945,0.6440498232841492,0.44677733298158273
n1_d4096_r0,1,4096,0,63,0.001,0.010155493197089527,0.6428807377815247,0.4533283329801634
n1_d4096_r0,1,4096,0,64,0.001,0.010097849735757336,0.6409430801868439,0.49495874997228384
n1_d4096_r0,1,4096,0,65,0.001,0.00965158468534355,0.6404135823249817,0.45047824998619035
n1_d4096_r0,1,4096,0,66,0.001,0.009353381232358515,0.6422389149665833,0.45173166698077694
n1_d4096_r0,1,4096,0,67,0.001,0.009195198079396505,0.6396367102861404,0.44837954198010266
n1_d4096_r0,1,4096,0,68,0.001,0.00909651900656172,0.638366624712944,0.45135933300480247
n1_d4096_r0,1,4096,0,69,0.001,0.009037426712893648,0.6383367627859116,0.46321920899208635
n1_d4096_r0,1,4096,0,70,0.001,0.00862908205454005,0.6393759399652481,0.45824329199967906
n1_d4096_r0,1,4096,0,71,0.001,0.008294494429719634,0.6352049261331558,0.5023157910327427
n1_d4096_r0,1,4096,0,72,0.001,0.008381672509131022,0.6379827409982681,0.45635616703657433
n1_d4096_r0,1,4096,0,73,0.001,0.008466438652249053,0.6362946778535843,0.4744983749696985
n1_d4096_r0,1,4096,0,74,0.001,0.00846194173573167,0.6367991119623184,0.4639225409482606
n1_d4096_r0,1,4096,0,75,0.001,0.008820759663649369,0.6380750983953476,0.44539004197577015
n1_d4096_r0,1,4096,0,76,0.001,0.00874545313854469,0.6356846541166306,0.44907320803031325
n1_d4096_r0,1,4096,0,77,0.001,0.00850126984732924,0.6359870880842209,0.44972762500401586
n1_d4096_r0,1,4096,0,78,0.001,0.008161042922438355,0.6357240825891495,0.4597577500389889
n1_d4096_r0,1,4096,0,79,0.001,0.007850195779610658,0.638454258441925,0.4968351249699481
n1_d4096_r0,1,4096,0,80,0.0005,0.0064930889348033816,0.6324912309646606,0.4471786660142243
n1_d4096_r0,1,4096,0,81,0.0005,0.0009462720977353456,0.6312624365091324,0.45118370797717944
n1_d4096_r0,1,4096,0,82,0.0005,0.00018809269772646076,0.6314510256052017,0.45174374995986
n1_d4096_r0,1,4096,0,83,0.0005,4.1189340421965426e-05,0.6313865035772324,0.4677661660243757
n1_d4096_r0,1,4096,0,84,0.0005,1.1703965625997625e-05,0.6314574331045151,0.44872462505009025
n1_d4096_r0,1,4096,0,85,0.0005,4.470864443106848e-06,0.6314446032047272,0.4592494170065038
n1_d4096_r0,1,4096,0,86,0.0005,2.829001193305203e-06,0.6315173506736755,0.4520484590320848
n1_d4096_r0,1,4096,0,87,0.0005,2.717038441346631e-06,0.63141268491745,0.5129023329936899
n1_d4096_r0,1,4096,0,88,0.0005,4.012480028237064e-06,0.6315319240093231,0.45175387494964525
n1_d4096_r0,1,4096,0,89,0.0005,6.115598075950857e-06,0.6314602941274643,0.45736345899058506
n1_d4096_r0,1,4096,0,90,0.00025,8.44673447275568e-06,0.6314647346735001,0.4500802910188213
n1_d4096_r0,1,4096,0,91,0.00025,1.5117957627985845e-06,0.631460428237915,0.4540367500158027
n1_d4096_r0,1,4096,0,92,0.00025,4.0837151960015916e-07,0.6314635872840881,0.4651668340084143
n1_d4096_r0,1,4096,0,93,0.00025,1.2802335835893075e-07,0.6314710080623627,0.4466228330275044
n1_d4096_r0,1,4096,0,94,0.00025,5.141862083335447e-08,0.6314633786678314,0.4541830419912003
n1_d4096_r0,1,4096,0,95,0.00025,2.9480292283723397e-08,0.6314712017774582,0.49597312504192814
n1_d4096_r0,1,4096,0,96,0.00025,2.3378795167144917e-08,0.6314679831266403,0.46743154199793935
n1_d4096_r0,1,4096,0,97,0.00025,2.7302370055742875e-08,0.6314676851034164,0.45330708398250863
n1_d4096_r0,1,4096,0,98,0.000125,3.1925851868425115e-08,0.6314692795276642,0.4568451659870334
n1_d4096_r0,1,4096,0,99,0.000125,4.080358325525557e-09,0.6314678937196732,0.4544672499760054
n1_d4096_r0,1,4096,0,100,0.000125,9.025949261002447e-10,0.6314682960510254,0.479981750017032
n1_d4096_r0,1,4096,0,101,0.000125,2.1569512197389465e-10,0.6314686387777328,0.4768639579997398
n1_d64_r1,1,64,1,1,0.001,1.0038095312193036,0.8897725492715836,0.24110787501558661
n1_d64_r1,1,64,1,2,0.001,0.7951438166201115,0.7091322541236877,0.2359243339742534
n1_d64_r1,1,64,1,3,0.001,0.6404428186360747,0.5868457853794098,0.23240974999498576
n1_d64_r1,1,64,1,4,0.001,0.5709559700917453,0.5486637651920319,0.2364369590068236
n1_d64_r1,1,64,1,5,0.001,0.5444463577587157,0.5302542597055435,0.23135049996199086
n1_d64_r1,1,64,1,6,0.001,0.5277150990441442,0.5165905356407166,0.22992191603407264
n1_d64_r1,1,64,1,7,0.001,0.5175325588788837,0.5077517777681351,0.23129137500654906
n1_d64_r1,1,64,1,8,0.001,0.5108524814713746,0.5025879219174385,0.22854154102969915
n1_d64_r1,1,64,1,9,0.001,0.5069141841959208,0.49902013689279556,0.267176708963234
n1_d64_r1,1,64,1,10,0.001,0.5043266417924315,0.49681275337934494,0.2291342499665916
n1_d64_r1,1,64,1,11,0.001,0.5021678530611098,0.49410969763994217,0.23013020801590756
n1_d64_r1,1,64,1,12,0.001,0.5011223019100726,0.4944595769047737,0.2308979999506846
n1_d64_r1,1,64,1,13,0.001,0.5003133337013423,0.49351122230291367,0.23150116699980572
n1_d64_r1,1,64,1,14,0.001,0.499789257068187,0.4928637221455574,0.22814570798072964
n1_d64_r1,1,64,1,15,0.001,0.499090802622959,0.49246037751436234,0.2293437920161523
n1_d64_r1,1,64,1,16,0.001,0.49852740950882435,0.49356449395418167,0.2617177920183167
n1_d64_r1,1,64,1,17,0.001,0.49827516614459455,0.49371157586574554,0.23427820898359641
n1_d64_r1,1,64,1,18,0.001,0.497880901908502,0.4941714107990265,0.22881329100346193
n1_d64_r1,1,64,1,19,0.001,0.4976645400747657,0.49364709854125977,0.2300604159827344
n1_d64_r1,1,64,1,20,0.001,0.49731808505021036,0.49264754354953766,0.22931133297970518
n1_d64_r1,1,64,1,21,0.001,0.4968799047637731,0.49294012039899826,0.23442841600626707
n1_d64_r1,1,64,1,22,0.001,0.4966978379525244,0.49233458936214447,0.23001062497496605
n1_d64_r1,1,64,1,23,0.001,0.4962337608449161,0.491929367184639,0.23069875000510365
n1_d64_r1,1,64,1,24,0.001,0.4960282053798437,0.4937806501984596,0.27310104202479124
n1_d64_r1,1,64,1,25,0.001,0.4958538287319243,0.49357540905475616,0.2300217499723658
n1_d64_r1,1,64,1,26,0.001,0.4953915816731751,0.4936169609427452,0.22892312501790002
n1_d64_r1,1,64,1,27,0.001,0.49517397582530975,0.4952518492937088,0.22930041700601578
n1_d64_r1,1,64,1,28,0.001,0.49515202618204057,0.4940309450030327,0.23136862501269206
n1_d64_r1,1,64,1,29,0.001,0.4947509344201535,0.49439357966184616,0.23006912501296028
n1_d64_r1,1,64,1,30,0.001,0.49453165917657316,0.49430205672979355,0.23645774996839464
n1_d64_r1,1,64,1,31,0.001,0.494590099202469,0.4949663579463959,0.22902566601987928
n1_d64_r1,1,64,1,32,0.0005,0.49293332314118743,0.49544138461351395,0.2668778339866549
n1_d64_r1,1,64,1,33,0.0005,0.4927927025128156,0.4945331886410713,0.23037566698621958
n1_d64_r1,1,64,1,34,0.0005,0.4926229554694146,0.4949999898672104,0.22762483300175518
n1_d64_r1,1,64,1,35,0.0005,0.4925341266207397,0.4954564571380615,0.2288804579875432
n1_d64_r1,1,64,1,36,0.0005,0.49254357209429145,0.4946550950407982,0.2294963329914026
n1_d64_r1,1,64,1,37,0.0005,0.4923654645681381,0.49530399590730667,0.229074708011467
n1_d64_r1,1,64,1,38,0.0005,0.4922640873119235,0.49443675577640533,0.23129862500354648
n1_d64_r1,1,64,1,39,0.0005,0.4922145383898169,0.495163157582283,0.23458612500689924
n1_d64_r1,1,64,1,40,0.00025,0.4913391559384763,0.49496980756521225,0.2649412910104729
n1_d64_r1,1,64,1,41,0.00025,0.4912617558147758,0.49497760087251663,0.23113870900124311
n1_d64_r1,1,64,1,42,0.00025,0.4911248437128961,0.49499736726284027,0.22850462497444823
n1_d64_r1,1,64,1,43,0.00025,0.4911608495749533,0.49517185240983963,0.22879962500883266
n1_d128_r1,1,128,1,1,0.001,1.1131618837825954,0.9074530005455017,0.23714045801898465
n1_d128_r1,1,128,1,2,0.001,0.8048924654722214,0.7292702496051788,0.23619541601510718
n1_d128_r1,1,128,1,3,0.001,0.6525595495477319,0.6106344014406204,0.23534854099852964
n1_d128_r1,1,128,1,4,0.001,0.5732181465718895,0.5641439706087112,0.2744003749685362
n1_d128_r1,1,128,1,5,0.001,0.5414279620163143,0.5437344461679459,0.24639833299443126
n1_d128_r1,1,128,1,6,0.001,0.5220677421893924,0.5300491750240326,0.23792433296330273
n1_d128_r1,1,128,1,7,0.001,0.5095244848635048,0.5214134305715561,0.24199424998369068
n1_d128_r1,1,128,1,8,0.001,0.5007563349790871,0.5180311053991318,0.23584820801625028
n1_d128_r1,1,128,1,9,0.001,0.49491056776605546,0.5135379135608673,0.23325124999973923
n1_d128_r1,1,128,1,10,0.001,0.4906950725708157,0.511407382786274,0.23727291700197384
n1_d128_r1,1,128,1,11,0.001,0.48772674053907394,0.5074227675795555,0.2343704589875415
n1_d128_r1,1,128,1,12,0.001,0.48529485682956874,0.5082762092351913,0.2672034170245752
n1_d128_r1,1,128,1,13,0.001,0.4832535602618009,0.5074750185012817,0.2486724589834921
n1_d128_r1,1,128,1,14,0.001,0.4815214932896197,0.5064117908477783,0.236996291030664
n1_d128_r1,1,128,1,15,0.001,0.47995920083485544,0.5057190433144569,0.2343066250323318
n1_d128_r1,1,128,1,16,0.001,0.47850882611237466,0.5073572546243668,0.23308629199163988
n1_d128_r1,1,128,1,17,0.001,0.47744350624270737,0.5082963854074478,0.23488587501924485
n1_d128_r1,1,128,1,18,0.001,0.4762522936798632,0.507479190826416,0.23572887503542006
n1_d128_r1,1,128,1,19,0.001,0.4752126354724169,0.5086779221892357,0.23307808296522126
n1_d128_r1,1,128,1,20,0.001,0.47417085128836334,0.5085998699069023,0.26605025003664196
n1_d128_r1,1,128,1,21,0.001,0.4734241918195039,0.5092885345220566,0.24090504104970023
n1_d128_r1,1,128,1,22,0.001,0.4728489981498569,0.5093526989221573,0.24550666601862758
n1_d128_r1,1,128,1,23,0.001,0.471763240871951,0.5107172057032585,0.23419316700892523
n1_d128_r1,1,128,1,24,0.0005,0.4678811382036656,0.5090705677866936,0.23517183295916766
n1_d128_r1,1,128,1,25,0.0005,0.4669652746524662,0.5095920562744141,0.23409270896809176
n1_d128_r1,1,128,1,26,0.0005,0.4667804758064449,0.5087949112057686,0.23384583299048245
n1_d128_r1,1,128,1,27,0.0005,0.46634491672739387,0.5099333822727203,0.2362544999923557
n1_d128_r1,1,128,1,28,0.0005,0.46606172109022737,0.5103056579828262,0.26835108298109844
n1_d128_r1,1,128,1,29,0.0005,0.4657541720662266,0.5102535709738731,0.23887745797401294
n1_d128_r1,1,128,1,30,0.0005,0.46537108323536813,0.5105269178748131,0.2412874170113355
n1_d128_r1,1,128,1,31,0.0005,0.46509102219715714,0.5105777159333229,0.23772108304547146
n1_d128_r1,1,128,1,32,0.00025,0.46301688090898097,0.5106934085488319,0.23749916697852314
n1_d128_r1,1,128,1,33,0.00025,0.4627496290486306,0.5106363371014595,0.23294616700150073
n1_d128_r1,1,128,1,34,0.00025,0.4626673669554293,0.5107850506901741,0.23280245799105614
n1_d128_r1,1,128,1,35,0.00025,0.462539364118129,0.5112149491906166,0.23802066699136049
n1_d256_r1,1,256,1,1,0.001,0.9774890234693885,0.8160281926393509,0.2762280420283787
n1_d256_r1,1,256,1,2,0.001,0.6912075588479638,0.6258906424045563,0.23688708298141137
n1_d256_r1,1,256,1,3,0.001,0.5633599667344242,0.5744451433420181,0.23627658403711393
n1_d256_r1,1,256,1,4,0.001,0.5213193129748106,0.5638712346553802,0.2474875830230303
n1_d256_r1,1,256,1,5,0.001,0.49712176085449755,0.5497955977916718,0.2428709160303697
n1_d256_r1,1,256,1,6,0.001,0.4811967946588993,0.5472530871629715,0.23875183303607628
n1_d256_r1,1,256,1,7,0.001,0.4697878626175225,0.5446562170982361,0.24028858402743936
n1_d256_r1,1,256,1,8,0.001,0.45997496391646564,0.5441738367080688,0.24056191695854068
n1_d256_r1,1,256,1,9,0.001,0.4518056274391711,0.548362672328949,0.2777546669822186
n1_d256_r1,1,256,1,10,0.001,0.44506929349154234,0.5477539151906967,0.2387963329674676
n1_d256_r1,1,256,1,11,0.001,0.4391997398342937,0.5512775480747223,0.23842329200124368
n1_d256_r1,1,256,1,12,0.001,0.43365304730832577,0.5501210242509842,0.24473245802801102
n1_d256_r1,1,256,1,13,0.001,0.42816784349270165,0.5569597631692886,0.24037687497911975
n1_d256_r1,1,256,1,14,0.001,0.42297579161822796,0.5582834333181381,0.2398694580188021
n1_d256_r1,1,256,1,15,0.001,0.4195097859483212,0.5637623369693756,0.23657741700299084
n1_d256_r1,1,256,1,16,0.001,0.4143221718259156,0.5626591593027115,0.2391741669853218
n1_d256_r1,1,256,1,17,0.0005,0.40322822821326554,0.5679337382316589,0.2744980829884298
n1_d256_r1,1,256,1,18,0.0005,0.3996709301136434,0.5715350657701492,0.23904629098251462
n1_d256_r1,1,256,1,19,0.0005,0.3982726118993014,0.5746243447065353,0.23952441703295335
n1_d256_r1,1,256,1,20,0.0005,0.39616560633294284,0.5781464874744415,0.23807558295084164
n1_d256_r1,1,256,1,21,0.0005,0.3944101396482438,0.5796543210744858,0.24378958396846429
n1_d256_r1,1,256,1,22,0.0005,0.3925838922150433,0.5838665664196014,0.2386955000110902
n1_d256_r1,1,256,1,23,0.0005,0.39113864954560995,0.586303785443306,0.2390985839883797
n1_d256_r1,1,256,1,24,0.0005,0.389914037194103,0.5874883532524109,0.2372329579666257
n1_d256_r1,1,256,1,25,0.00025,0.3829222221393138,0.589364230632782,0.27708058402640745
n1_d256_r1,1,256,1,26,0.00025,0.3815276618115604,0.5905725508928299,0.23658833396621048
n1_d256_r1,1,256,1,27,0.00025,0.38066361914388835,0.5917347371578217,0.23630012496141717
n1_d256_r1,1,256,1,28,0.00025,0.3797420447226614,0.5945900529623032,0.23508887499338016
n1_d512_r1,1,512,1,1,0.001,0.992014650721103,0.9030513912439346,0.28383804199984297
n1_d512_r1,1,512,1,2,0.001,0.6885536906775087,0.6346940696239471,0.2715288329636678
n1_d512_r1,1,512,1,3,0.001,0.5076800968963653,0.6013925671577454,0.2718224590062164
n1_d512_r1,1,512,1,4,0.001,0.4391720045823604,0.5908045321702957,0.3131922080065124
n1_d512_r1,1,512,1,5,0.001,0.395722703775391,0.6023090481758118,0.2724119159975089
n1_d512_r1,1,512,1,6,0.001,0.360725003760308,0.616807296872139,0.26829383301083
n1_d512_r1,1,512,1,7,0.001,0.3306042368058115,0.6355660110712051,0.2684277080115862
n1_d512_r1,1,512,1,8,0.001,0.3043162936810404,0.6574095636606216,0.2743164579733275
n1_d512_r1,1,512,1,9,0.001,0.27960895630531013,0.6785194426774979,0.27928241703193635
n1_d512_r1,1,512,1,10,0.001,0.25746471364982426,0.7044230252504349,0.2736680829548277
n1_d512_r1,1,512,1,11,0.001,0.23906103160697967,0.7253845781087875,0.27348141703987494
n1_d512_r1,1,512,1,12,0.001,0.22017446416430175,0.7445657700300217,0.3115878750104457
n1_d512_r1,1,512,1,13,0.0005,0.1836612803163007,0.7586654871702194,0.27133645897265524
n1_d512_r1,1,512,1,14,0.0005,0.17130542837549,0.7727139592170715,0.2718388329958543
n1_d512_r1,1,512,1,15,0.0005,0.1626866889419034,0.7935118079185486,0.2734604589641094
n1_d512_r1,1,512,1,16,0.0005,0.15621711796848103,0.8033642172813416,0.2804544589598663
n1_d512_r1,1,512,1,17,0.0005,0.1498704549157992,0.8167004436254501,0.27041420800378546
n1_d512_r1,1,512,1,18,0.0005,0.1446031594532542,0.8267360627651215,0.27519220899557695
n1_d512_r1,1,512,1,19,0.0005,0.1386601536651142,0.837765097618103,0.30120662500848994
n1_d512_r1,1,512,1,20,0.0005,0.1335592424729839,0.8538914322853088,0.2753440830274485
n1_d512_r1,1,512,1,21,0.00025,0.11813158885343,0.8583390265703201,0.2710629589855671
n1_d512_r1,1,512,1,22,0.00025,0.1141225989558734,0.869317889213562,0.27085041702957824
n1_d512_r1,1,512,1,23,0.00025,0.11141788231907412,0.8790426105260849,0.27209637500345707
n1_d512_r1,1,512,1,24,0.00025,0.10925705468980595,0.8848511725664139,0.2737726659979671
n1_d1024_r1,1,1024,1,1,0.001,0.9223342263139784,0.7394516319036484,0.2923027499928139
n1_d1024_r1,1,1024,1,2,0.001,0.5171336324419826,0.6250192224979401,0.28942487499443814
n1_d1024_r1,1,1024,1,3,0.001,0.3381990578491241,0.640180230140686,0.3294790409854613
n1_d1024_r1,1,1024,1,4,0.001,0.22924427164252847,0.6769804805517197,0.28711941704386845
n1_d1024_r1,1,1024,1,5,0.001,0.14990586490603164,0.7223943620920181,0.2919964590109885
n1_d1024_r1,1,1024,1,6,0.001,0.09682356374105439,0.7465188652276993,0.2948308339691721
n1_d1024_r1,1,1024,1,7,0.001,0.062240200757514685,0.7787952125072479,0.2925260000047274
n1_d1024_r1,1,1024,1,8,0.001,0.04083052302303258,0.7881573885679245,0.2935029580257833
n1_d1024_r1,1,1024,1,9,0.001,0.028986696095671505,0.7952683866024017,0.2906871670274995
n1_d1024_r1,1,1024,1,10,0.001,0.02198477897036355,0.7961224764585495,0.2901445410097949
n1_d1024_r1,1,1024,1,11,0.0005,0.013832451404596213,0.7922241389751434,0.3330762500409037
n1_d1024_r1,1,1024,1,12,0.0005,0.004450121730769752,0.7944425195455551,0.2908825420308858
n1_d1024_r1,1,1024,1,13,0.0005,0.0021143201693121227,0.7960402220487595,0.2966224580304697
n1_d1024_r1,1,1024,1,14,0.0005,0.0011892475358763477,0.7967935055494308,0.29374674998689443
n1_d1024_r1,1,1024,1,15,0.0005,0.0007326882691813807,0.79886294901371,0.2910246669780463
n1_d1024_r1,1,1024,1,16,0.0005,0.00048674085473976447,0.7995127737522125,0.2865827920031734
n1_d1024_r1,1,1024,1,17,0.0005,0.00034426960814926133,0.801057830452919,0.2904546660138294
n1_d1024_r1,1,1024,1,18,0.0005,0.00025616365292080445,0.8015241622924805,0.2891321670031175
n1_d1024_r1,1,1024,1,19,0.00025,0.00016127855292324966,0.8019245862960815,0.330776542017702
n1_d1024_r1,1,1024,1,20,0.00025,6.121807365389031e-05,0.8021376579999924,0.29479691601591185
n1_d1024_r1,1,1024,1,21,0.00025,3.5755920833935306e-05,0.8023805767297745,0.2941517909639515
n1_d1024_r1,1,1024,1,22,0.00025,2.4978767555694503e-05,0.802487701177597,0.29168904095422477
n1_d2048_r1,1,2048,1,1,0.001,0.947536667343229,0.7909992933273315,0.3404289169702679
n1_d2048_r1,1,2048,1,2,0.001,0.41868453356437385,0.6888356357812881,0.33268074999796227
n1_d2048_r1,1,2048,1,3,0.001,0.1603411976248026,0.6989268064498901,0.3381369999842718
n1_d2048_r1,1,2048,1,4,0.001,0.06394714015186764,0.6836340427398682,0.37482112494762987
n1_d2048_r1,1,2048,1,5,0.001,0.037642946481355466,0.6818784326314926,0.3473381670191884
n1_d2048_r1,1,2048,1,6,0.001,0.031280676179449074,0.675089418888092,0.33347320795292035
n1_d2048_r1,1,2048,1,7,0.001,0.030765911797061563,0.6731735914945602,0.33220549998804927
n1_d2048_r1,1,2048,1,8,0.001,0.03194218456337694,0.6661191582679749,0.34077458298997954
n1_d2048_r1,1,2048,1,9,0.001,0.032992616106639616,0.6665464043617249,0.33614283305360004
n1_d2048_r1,1,2048,1,10,0.001,0.03293434754596092,0.6600488424301147,0.3304744160268456
n1_d2048_r1,1,2048,1,11,0.001,0.031859967682976276,0.6592649817466736,0.37935583299258724
n1_d2048_r1,1,2048,1,12,0.001,0.029493565758457407,0.653110146522522,0.333180874993559
n1_d2048_r1,1,2048,1,13,0.001,0.027062656794441864,0.6503765136003494,0.33506537502398714
n1_d2048_r1,1,2048,1,14,0.001,0.02540528538520448,0.6458175480365753,0.3396839579800144
n1_d2048_r1,1,2048,1,15,0.001,0.02372243882564362,0.6460644006729126,0.3315745000145398
n1_d2048_r1,1,2048,1,16,0.001,0.021940233549685217,0.6362808495759964,0.3321690419688821
n1_d2048_r1,1,2048,1,17,0.001,0.020979175264074,0.6400588154792786,0.34556766698369756
n1_d2048_r1,1,2048,1,18,0.001,0.020668618686613627,0.6386562585830688,0.3387114580255002
n1_d2048_r1,1,2048,1,19,0.001,0.0201666808425216,0.6327718198299408,0.33259579102741554
n1_d2048_r1,1,2048,1,20,0.001,0.01989811905514216,0.6341400593519211,0.37521462503354996
n1_d2048_r1,1,2048,1,21,0.001,0.020129476317379158,0.6362800151109695,0.33166120800888166
n1_d2048_r1,1,2048,1,22,0.001,0.02064184115442913,0.6264476478099823,0.3344582080026157
n1_d2048_r1,1,2048,1,23,0.001,0.020841641176957637,0.6339301466941833,0.3488984169671312
n1_d2048_r1,1,2048,1,24,0.001,0.02101734752068296,0.6282144784927368,0.33601962501415983
n1_d2048_r1,1,2048,1,25,0.001,0.021152121567865834,0.6270670890808105,0.3355785830062814
n1_d2048_r1,1,2048,1,26,0.001,0.020633151245419867,0.6271160542964935,0.34191754198400304
n1_d2048_r1,1,2048,1,27,0.001,0.01952697664819425,0.6242040395736694,0.3722800000105053
n1_d2048_r1,1,2048,1,28,0.001,0.01826392599468818,0.6236854642629623,0.33321308298036456
n1_d2048_r1,1,2048,1,29,0.001,0.017509729652374517,0.6216815114021301,0.34863412502454594
n1_d2048_r1,1,2048,1,30,0.001,0.017103833277360536,0.6155642420053482,0.3315156660391949
n1_d2048_r1,1,2048,1,31,0.001,0.016983453890134115,0.61737459897995,0.3351304579991847
n1_d2048_r1,1,2048,1,32,0.001,0.016601017901848536,0.6141544580459595,0.3393438750063069
n1_d2048_r1,1,2048,1,33,0.001,0.016450095521577168,0.6107487678527832,0.3313077080529183
n1_d2048_r1,1,2048,1,34,0.001,0.016552350083657075,0.6147885471582413,0.3403804579866119
n1_d2048_r1,1,2048,1,35,0.001,0.016172720293980092,0.61037278175354,0.351988208014518
n1_d2048_r1,1,2048,1,36,0.001,0.016355006497178692,0.614196315407753,0.37369483296060935
n1_d2048_r1,1,2048,1,37,0.001,0.01643475670425687,0.61065673828125,0.3313603340066038
n1_d2048_r1,1,2048,1,38,0.001,0.016278175251500215,0.6088717579841614,0.3383585410192609
n1_d2048_r1,1,2048,1,39,0.001,0.015360085737484042,0.6100689619779587,0.3362707500346005
n1_d2048_r1,1,2048,1,40,0.001,0.014322030721814372,0.6087739169597626,0.32948820799356326
n1_d2048_r1,1,2048,1,41,0.001,0.014039124427654315,0.6065058410167694,0.3436467500287108
n1_d2048_r1,1,2048,1,42,0.001,0.013840027597325388,0.6040024757385254,0.3362623330322094
n1_d2048_r1,1,2048,1,43,0.001,0.013484685841831379,0.6055475622415543,0.33888520899927244
n1_d2048_r1,1,2048,1,44,0.001,0.013488672739185859,0.6056584417819977,0.3717026250087656
n1_d2048_r1,1,2048,1,45,0.001,0.013556931764469482,0.6064404845237732,0.33484183298423886
n1_d2048_r1,1,2048,1,46,0.001,0.013795737868349534,0.6028472930192947,0.3382834169897251
n1_d2048_r1,1,2048,1,47,0.001,0.013920492834586184,0.5985281765460968,0.3436709580128081
n1_d2048_r1,1,2048,1,48,0.001,0.013675795416929759,0.5984174907207489,0.3381817920017056
n1_d2048_r1,1,2048,1,49,0.001,0.013355036557186395,0.6006094962358475,0.33854345901636407
n1_d2048_r1,1,2048,1,50,0.001,0.013358317068195902,0.5990527421236038,0.335713291016873
n1_d2048_r1,1,2048,1,51,0.001,0.013176094769733027,0.6028486043214798,0.36915662500541657
n1_d2048_r1,1,2048,1,52,0.001,0.013084308535326272,0.5977978706359863,0.3440694579621777
n1_d2048_r1,1,2048,1,53,0.001,0.012800714139302727,0.5992976576089859,0.34157229197444394
n1_d2048_r1,1,2048,1,54,0.001,0.011920999320864212,0.597004771232605,0.3364768329774961
n1_d2048_r1,1,2048,1,55,0.001,0.011097964234068058,0.5917374491691589,0.3386041249614209
n1_d2048_r1,1,2048,1,56,0.001,0.01065749201370636,0.5977618843317032,0.3357736669713631
n1_d2048_r1,1,2048,1,57,0.001,0.010487545099749696,0.5936525464057922,0.3360037920065224
n1_d2048_r1,1,2048,1,58,0.001,0.01021419302560389,0.5966034680604935,0.33301574998768046
n1_d2048_r1,1,2048,1,59,0.001,0.010152421782549936,0.595311850309372,0.4058243750478141
n1_d2048_r1,1,2048,1,60,0.001,0.010736007130617509,0.5954030752182007,0.3367772080237046
n1_d2048_r1,1,2048,1,61,0.001,0.011185408089659177,0.5929621011018753,0.33810529101174325
n1_d2048_r1,1,2048,1,62,0.001,0.010990035269060172,0.5912966430187225,0.33740087499609217
n1_d2048_r1,1,2048,1,63,0.001,0.010963077074848115,0.5920925736427307,0.3329523329739459
n1_d2048_r1,1,2048,1,64,0.001,0.011025598570995498,0.5922311395406723,0.3374150840099901
n1_d2048_r1,1,2048,1,65,0.001,0.010712140116083901,0.5910152941942215,0.34000249998643994
n1_d2048_r1,1,2048,1,66,0.001,0.010328895601560362,0.5941625833511353,0.3375327920075506
n1_d2048_r1,1,2048,1,67,0.001,0.0096446816023672,0.5891201496124268,0.3790312079945579
n1_d2048_r1,1,2048,1,68,0.001,0.009264887074095896,0.5924739688634872,0.3354922919534147
n1_d2048_r1,1,2048,1,69,0.001,0.009095111108763376,0.5908490270376205,0.3351915000239387
n1_d2048_r1,1,2048,1,70,0.001,0.009041875277034706,0.5916165709495544,0.3369723749929108
n1_d2048_r1,1,2048,1,71,0.001,0.00896519315574551,0.5957397073507309,0.3417242499999702
n1_d2048_r1,1,2048,1,72,0.001,0.008978408677648986,0.5901942253112793,0.33607795799616724
n1_d2048_r1,1,2048,1,73,0.001,0.009281376809667563,0.5882876813411713,0.33886791701661423
n1_d2048_r1,1,2048,1,74,0.001,0.009414127467607614,0.5896232575178146,0.33689633302856237
n1_d2048_r1,1,2048,1,75,0.001,0.009100667943130247,0.5904953926801682,0.3759766250150278
n1_d2048_r1,1,2048,1,76,0.001,0.009142185943346703,0.5884847640991211,0.3384100840194151
n1_d2048_r1,1,2048,1,77,0.001,0.00882587892920128,0.5869072675704956,0.3398135839961469
n1_d2048_r1,1,2048,1,78,0.001,0.008381995296076639,0.5873969048261642,0.34260529099265113
n1_d2048_r1,1,2048,1,79,0.001,0.00832313476348645,0.5869172811508179,0.3348648330429569
n1_d2048_r1,1,2048,1,80,0.001,0.0082644447174971,0.586355596780777,0.33190137502970174
n1_d2048_r1,1,2048,1,81,0.001,0.008226776128140045,0.5870084911584854,0.34202987496973947
n1_d2048_r1,1,2048,1,82,0.001,0.008104841650492745,0.5839125514030457,0.335610790993087
n1_d2048_r1,1,2048,1,83,0.001,0.00806665888740099,0.5838158428668976,0.3820983750047162
n1_d2048_r1,1,2048,1,84,0.001,0.008176798484782921,0.5881156772375107,0.3396573329810053
n1_d2048_r1,1,2048,1,85,0.001,0.00819677380786743,0.5848754644393921,0.34231570799602196
n1_d2048_r1,1,2048,1,86,0.001,0.008024810522329062,0.5846078395843506,0.3378522080020048
n1_d2048_r1,1,2048,1,87,0.001,0.007703514718741644,0.5872572958469391,0.3364473749534227
n1_d2048_r1,1,2048,1,88,0.001,0.007221501884487225,0.5849543809890747,0.3375489999889396
n1_d2048_r1,1,2048,1,89,0.001,0.007052568060316844,0.5868947356939316,0.33985879202373326
n1_d2048_r1,1,2048,1,90,0.001,0.006879254084196873,0.5830269753932953,0.3467783749802038
n1_d2048_r1,1,2048,1,91,0.001,0.006838732442702167,0.5821869969367981,0.37421458400785923
n1_d2048_r1,1,2048,1,92,0.001,0.007047284201689763,0.584330752491951,0.33442233299138024
n1_d2048_r1,1,2048,1,93,0.001,0.007220741394121433,0.5825871527194977,0.3402043340029195
n1_d2048_r1,1,2048,1,94,0.001,0.007402191768051125,0.5851445347070694,0.335865042055957
n1_d2048_r1,1,2048,1,95,0.001,0.007724285384028917,0.5809511244297028,0.3418536249664612
n1_d2048_r1,1,2048,1,96,0.001,0.007680180689931149,0.5847731083631516,0.3418416670174338
n1_d2048_r1,1,2048,1,97,0.001,0.007314601247344399,0.5820578187704086,0.33858033298747614
n1_d2048_r1,1,2048,1,98,0.001,0.006980591129831737,0.5846735686063766,0.3680495839798823
n1_d2048_r1,1,2048,1,99,0.001,0.006604402227821993,0.5828053653240204,0.3494838750339113
n1_d2048_r1,1,2048,1,100,0.001,0.0062135872612998355,0.5821349918842316,0.33372283302014694
n1_d2048_r1,1,2048,1,101,0.001,0.005993227663566358,0.5816888064146042,0.3399506669957191
n1_d2048_r1,1,2048,1,102,0.001,0.005974641357170185,0.5814947038888931,0.34458199999062344
n1_d2048_r1,1,2048,1,103,0.001,0.005974141658953158,0.5854433923959732,0.3341639589634724
n1_d2048_r1,1,2048,1,104,0.0005,0.004973514625817188,0.579400509595871,0.34056458401028067
n1_d2048_r1,1,2048,1,105,0.0005,0.0009086880545510212,0.5802933722734451,0.33425358298700303
n1_d2048_r1,1,2048,1,106,0.0005,0.00022911423616278626,0.5789450258016586,0.33477229200070724
n1_d2048_r1,1,2048,1,107,0.0005,5.97239357205126e-05,0.5793892741203308,0.38351408299058676
n1_d2048_r1,1,2048,1,108,0.0005,1.703878778158696e-05,0.5792284160852432,0.3426738329580985
n1_d2048_r1,1,2048,1,109,0.0005,5.375436085586216e-06,0.5793025493621826,0.33642987499479204
n1_d2048_r1,1,2048,1,110,0.0005,1.950434948660984e-06,0.5792488008737564,0.3409637080039829
n1_d2048_r1,1,2048,1,111,0.0005,8.290862147930511e-07,0.579258531332016,0.3385120829916559
n1_d2048_r1,1,2048,1,112,0.0005,4.340230952415425e-07,0.579270750284195,0.3359448330011219
n1_d2048_r1,1,2048,1,113,0.0005,2.9373697918444464e-07,0.5792553275823593,0.3391880830167793
n1_d2048_r1,1,2048,1,114,0.0005,2.44141738714454e-07,0.5792549550533295,0.3812471249839291
n1_d2048_r1,1,2048,1,115,0.00025,2.1083745915806418e-07,0.5792522728443146,0.339138625015039
n1_d2048_r1,1,2048,1,116,0.00025,3.594082086111339e-08,0.5792577117681503,0.338912291044835
n1_d2048_r1,1,2048,1,117,0.00025,9.37667937739306e-09,0.5792562067508698,0.33266320801340044
n1_d2048_r1,1,2048,1,118,0.00025,2.5538584649820173e-09,0.5792555660009384,0.33689987496472895
n1_d2048_r1,1,2048,1,119,0.00025,8.096444265894009e-10,0.5792563408613205,0.340901333023794
n1_d2048_r1,1,2048,1,120,0.00025,2.639021029699276e-10,0.5792562663555145,0.36018274998059496
n1_d2048_r1,1,2048,1,121,0.00025,9.818291308010679e-11,0.5792561173439026,0.3378544999868609
n1_d2048_r1,1,2048,1,122,0.00025,4.531649087555732e-11,0.5792563259601593,0.3690391250420362
n1_d2048_r1,1,2048,1,123,0.000125,2.2646926428084285e-11,0.5792562961578369,0.341978041047696
n1_d2048_r1,1,2048,1,124,0.000125,4.2929391358209005e-12,0.579256221652031,0.3356687080231495
n1_d2048_r1,1,2048,1,125,0.000125,1.3400817558222294e-12,0.5792562365531921,0.33583633304806426
n1_d2048_r1,1,2048,1,126,0.000125,7.061300833165445e-13,0.5792562067508698,0.34426129201892763
n1_d4096_r1,1,4096,1,1,0.001,0.9767077309079468,0.9323316365480423,0.4888547919690609
n1_d4096_r1,1,4096,1,2,0.001,0.6490103239193559,0.7239392846822739,0.45461604197043926
n1_d4096_r1,1,4096,1,3,0.001,0.19310835376381874,0.6862338483333588,0.4561425830470398
n1_d4096_r1,1,4096,1,4,0.001,0.06941254215780646,0.6583171635866165,0.5009375840309076
n1_d4096_r1,1,4096,1,5,0.001,0.03952073566324543,0.6643686294555664,0.45481333299539983
n1_d4096_r1,1,4096,1,6,0.001,0.02781438267265912,0.6444704532623291,0.45163737499387935
n1_d4096_r1,1,4096,1,7,0.001,0.022857777395984158,0.6463818699121475,0.5154425830114633
n1_d4096_r1,1,4096,1,8,0.001,0.021430636625154875,0.6455166637897491,0.45481770898913965
n1_d4096_r1,1,4096,1,9,0.001,0.021899705621763133,0.6466953009366989,0.45919879199936986
n1_d4096_r1,1,4096,1,10,0.001,0.023692384027526714,0.6424985080957413,0.45369570795446634
n1_d4096_r1,1,4096,1,11,0.001,0.02598261857929174,0.6445724815130234,0.4829672910273075
n1_d4096_r1,1,4096,1,12,0.001,0.027068829876952805,0.6389172673225403,0.46096583298640326
n1_d4096_r1,1,4096,1,13,0.001,0.027473034118884243,0.6407783031463623,0.46916516695637256
n1_d4096_r1,1,4096,1,14,0.001,0.026601613571983762,0.6410570740699768,0.45961733302101493
n1_d4096_r1,1,4096,1,15,0.001,0.02489164230064489,0.6387231647968292,0.4486167500144802
n1_d4096_r1,1,4096,1,16,0.001,0.023823628085665405,0.6352750957012177,0.45893679198343307
n1_d4096_r1,1,4096,1,17,0.001,0.022283168262219988,0.6333865076303482,0.45404262497322634
n1_d4096_r1,1,4096,1,18,0.001,0.020252427326340694,0.6314810514450073,0.46522466698661447
n1_d4096_r1,1,4096,1,19,0.001,0.018941091162560042,0.6366080492734909,0.44777645799331367
n1_d4096_r1,1,4096,1,20,0.001,0.018239090248243883,0.6283144652843475,0.49332479102304205
n1_d4096_r1,1,4096,1,21,0.001,0.018037657224340364,0.6320814043283463,0.45034679101081565
n1_d4096_r1,1,4096,1,22,0.001,0.01789468368224334,0.6277422457933426,0.4594341249903664
n1_d4096_r1,1,4096,1,23,0.001,0.017999267249251716,0.6300956308841705,0.45493491599336267
n1_d4096_r1,1,4096,1,24,0.001,0.018517268275900278,0.629427120089531,0.45153783401474357
n1_d4096_r1,1,4096,1,25,0.001,0.01851172342139762,0.6296027302742004,0.4576182920136489
n1_d4096_r1,1,4096,1,26,0.001,0.018321374955121428,0.6224183589220047,0.4512943339650519
n1_d4096_r1,1,4096,1,27,0.001,0.018142562374123372,0.6282341033220291,0.49832629098091274
n1_d4096_r1,1,4096,1,28,0.001,0.01802101951034274,0.6267694681882858,0.4493749589892104
n1_d4096_r1,1,4096,1,29,0.001,0.018165942456107587,0.6225345283746719,0.45370620797621086
n1_d4096_r1,1,4096,1,30,0.001,0.0178837303610635,0.6258160620927811,0.45442570897284895
n1_d4096_r1,1,4096,1,31,0.001,0.016976442813756876,0.6205316632986069,0.46941391698783264
n1_d4096_r1,1,4096,1,32,0.001,0.015949697146425024,0.6215792745351791,0.4516456669662148
n1_d4096_r1,1,4096,1,33,0.001,0.014982783046434633,0.6151926815509796,0.45525245898170397
n1_d4096_r1,1,4096,1,34,0.001,0.014323152128781658,0.6177798807621002,0.46271083399187773
n1_d4096_r1,1,4096,1,35,0.001,0.01405497962696245,0.6153118908405304,0.4568763340357691
n1_d4096_r1,1,4096,1,36,0.001,0.013636841860716231,0.6155609041452408,0.5106931670452468
n1_d4096_r1,1,4096,1,37,0.001,0.013809334326651879,0.6131178587675095,0.46219266700791195
n1_d4096_r1,1,4096,1,38,0.001,0.013554163990193047,0.6149436235427856,0.4581290829810314
n1_d4096_r1,1,4096,1,39,0.001,0.013684061559615657,0.6171862781047821,0.44877683295635507
n1_d4096_r1,1,4096,1,40,0.001,0.014148585119983181,0.6126212477684021,0.4715304169803858
n1_d4096_r1,1,4096,1,41,0.001,0.013977955415612087,0.611993744969368,0.4569056250038557
n1_d4096_r1,1,4096,1,42,0.001,0.013548426133638714,0.6081947237253189,0.45923499995842576
n1_d4096_r1,1,4096,1,43,0.001,0.013145584111043718,0.6099922060966492,0.4531870409846306
n1_d4096_r1,1,4096,1,44,0.001,0.013101900287438184,0.6088510304689407,0.5166929580154829
n1_d4096_r1,1,4096,1,45,0.001,0.01254310804506531,0.6080619990825653,0.458246499998495
n1_d4096_r1,1,4096,1,46,0.001,0.01232566693215631,0.6049458831548691,0.46044712502043694
n1_d4096_r1,1,4096,1,47,0.001,0.012285214565054048,0.6063517332077026,0.46115675003966317
n1_d4096_r1,1,4096,1,48,0.001,0.012334678220213391,0.6056496053934097,0.4562289169989526
n1_d4096_r1,1,4096,1,49,0.001,0.011632387810095679,0.6024062633514404,0.4713381659821607
n1_d4096_r1,1,4096,1,50,0.001,0.011188262687937822,0.6043311804533005,0.4517349590314552
n1_d4096_r1,1,4096,1,51,0.001,0.010554380576650146,0.6008676886558533,0.4979808329953812
n1_d4096_r1,1,4096,1,52,0.001,0.009860294550890103,0.6028725504875183,0.45912112499354407
n1_d4096_r1,1,4096,1,53,0.001,0.009715294287161669,0.6014465540647507,0.4680011659511365
n1_d4096_r1,1,4096,1,54,0.001,0.009790854513994418,0.6040390878915787,0.4507490829564631
n1_d4096_r1,1,4096,1,55,0.001,0.010254301843815483,0.6041122823953629,0.4623397919931449
n1_d4096_r1,1,4096,1,56,0.001,0.010451704984006938,0.6045733392238617,0.4518887910526246
n1_d4096_r1,1,4096,1,57,0.001,0.01073589590669144,0.6049529612064362,0.4560264589963481
n1_d4096_r1,1,4096,1,58,0.001,0.010818206203111913,0.5976909846067429,0.46606633299961686
n1_d4096_r1,1,4096,1,59,0.001,0.010542898315179627,0.6017236113548279,0.5016327499761246
n1_d4096_r1,1,4096,1,60,0.001,0.010076929018396186,0.5973833650350571,0.4557383750216104
n1_d4096_r1,1,4096,1,61,0.001,0.009637281396862818,0.5984322130680084,0.4612820839975029
n1_d4096_r1,1,4096,1,62,0.001,0.009341770823084516,0.6008432507514954,0.4626832500216551
n1_d4096_r1,1,4096,1,63,0.001,0.009053508332726778,0.5979722738265991,0.45475262496620417
n1_d4096_r1,1,4096,1,64,0.001,0.008804106324532768,0.5958699434995651,0.462609332986176
n1_d4096_r1,1,4096,1,65,0.001,0.00842871980421478,0.593020036816597,0.4573923330171965
n1_d4096_r1,1,4096,1,66,0.001,0.008439767323579872,0.5963801145553589,0.459327291988302
n1_d4096_r1,1,4096,1,67,0.001,0.008512147338478826,0.5949083715677261,0.5058792499476112
n1_d4096_r1,1,4096,1,68,0.001,0.008579416109569138,0.5945242494344711,0.4613952090148814
n1_d4096_r1,1,4096,1,69,0.001,0.008399094051128486,0.5929858535528183,0.45699754200177267
n1_d4096_r1,1,4096,1,70,0.001,0.008219720479246462,0.5927327573299408,0.4593725830200128
n1_d4096_r1,1,4096,1,71,0.001,0.007858509230572963,0.595911905169487,0.4719547090353444
n1_d4096_r1,1,4096,1,72,0.001,0.007436822583258618,0.5932442098855972,0.4630790420342237
n1_d4096_r1,1,4096,1,73,0.001,0.007137651085940888,0.5939624607563019,0.458840333041735
n1_d4096_r1,1,4096,1,74,0.001,0.007174743033829145,0.5932474732398987,0.45892287499736995
n1_d4096_r1,1,4096,1,75,0.001,0.007391310777165927,0.5951738804578781,0.5032150410115719
n1_d4096_r1,1,4096,1,76,0.001,0.007577336353278952,0.5900978893041611,0.48031354101840407
n1_d4096_r1,1,4096,1,77,0.001,0.007769136300339596,0.5936395674943924,0.45594762498512864
n1_d4096_r1,1,4096,1,78,0.001,0.007796445603162283,0.5901178866624832,0.4647784170228988
n1_d4096_r1,1,4096,1,79,0.001,0.007627349397807848,0.5911111086606979,0.4583356250077486
n1_d4096_r1,1,4096,1,80,0.001,0.007877281939727254,0.5894510895013809,0.46223408298101276
n1_d4096_r1,1,4096,1,81,0.001,0.008028900370845804,0.5922225564718246,0.487649834016338
n1_d4096_r1,1,4096,1,82,0.001,0.007387597281194758,0.5876050889492035,0.45661620900500566
n1_d4096_r1,1,4096,1,83,0.001,0.0069159134436631575,0.5912095904350281,0.5120540410280228
n1_d4096_r1,1,4096,1,84,0.001,0.006769515835912898,0.586813434958458,0.46158004202879965
n1_d4096_r1,1,4096,1,85,0.001,0.0062835560529492795,0.588139608502388,0.4807327499729581
n1_d4096_r1,1,4096,1,86,0.001,0.005725149723730283,0.5890846252441406,0.45818120799958706
n1_d4096_r1,1,4096,1,87,0.001,0.005453552837934694,0.5914889127016068,0.4657681669923477
n1_d4096_r1,1,4096,1,88,0.001,0.005673391224263469,0.5873350352048874,0.4557857499457896
n1_d4096_r1,1,4096,1,89,0.001,0.005933693304541521,0.5863140672445297,0.4742849579779431
n1_d4096_r1,1,4096,1,90,0.001,0.00576173972513061,0.5910846590995789,0.45807804202195257
n1_d4096_r1,1,4096,1,91,0.001,0.005901751173951197,0.5878518223762512,0.5058155839797109
n1_d4096_r1,1,4096,1,92,0.001,0.006327020473690936,0.5861547440290451,0.45816958299838006
n1_d4096_r1,1,4096,1,93,0.001,0.0065961610780505,0.5869255810976028,0.47151883400510997
n1_d4096_r1,1,4096,1,94,0.001,0.006618213221372571,0.5863211005926132,0.46183908300008625
n1_d4096_r1,1,4096,1,95,0.001,0.006460748303652508,0.5892835110425949,0.46067574998596683
n1_d4096_r1,1,4096,1,96,0.001,0.006280336183408508,0.588499128818512,0.4563132919720374
n1_d4096_r1,1,4096,1,97,0.001,0.005977641339995898,0.5899315178394318,0.4560325409984216
n1_d4096_r1,1,4096,1,98,0.001,0.005796377085061977,0.5886757969856262,0.5132689999882132
n1_d4096_r1,1,4096,1,99,0.001,0.005475769583426882,0.585818886756897,0.4615911670261994
n1_d4096_r1,1,4096,1,100,0.001,0.0051535089005483314,0.5880465358495712,0.46238408295903355
n1_d4096_r1,1,4096,1,101,0.001,0.004853799509874079,0.5867697894573212,0.4761609999695793
n1_d4096_r1,1,4096,1,102,0.001,0.0048678458861104446,0.5880893170833588,0.4794897090177983
n1_d4096_r1,1,4096,1,103,0.001,0.005031380553191411,0.5861160606145859,0.45880716695683077
n1_d4096_r1,1,4096,1,104,0.001,0.0050244568519701716,0.589458093047142,0.4641456250101328
n1_d4096_r1,1,4096,1,105,0.001,0.005061742778707412,0.5864332616329193,0.4580066669732332
n1_d4096_r1,1,4096,1,106,0.001,0.005091334707685746,0.5846635550260544,0.4634525000001304
n1_d4096_r1,1,4096,1,107,0.001,0.004937348052408197,0.5873571634292603,0.5214693749439903
n1_d4096_r1,1,4096,1,108,0.001,0.005004802500479855,0.5861321687698364,0.4666087499936111
n1_d4096_r1,1,4096,1,109,0.001,0.0049302754960081074,0.588916003704071,0.4607761660008691
n1_d4096_r1,1,4096,1,110,0.001,0.0049654872691462515,0.5854542553424835,0.46551458397880197
n1_d4096_r1,1,4096,1,111,0.001,0.005033417710365029,0.5859946608543396,0.4706128750112839
n1_d4096_r1,1,4096,1,112,0.001,0.005054261591794784,0.5844071209430695,0.4640714169945568
n1_d4096_r1,1,4096,1,113,0.001,0.005145923823874909,0.5848464369773865,0.46030083403456956
n1_d4096_r1,1,4096,1,114,0.001,0.0049325616364512825,0.5864963084459305,0.4963135829893872
n1_d4096_r1,1,4096,1,115,0.001,0.004684818150053616,0.5819892138242722,0.4660222079837695
n1_d4096_r1,1,4096,1,116,0.001,0.004310648397222394,0.5876333713531494,0.4692879999638535
n1_d4096_r1,1,4096,1,117,0.001,0.0041040856322069885,0.5801285952329636,0.47286333300871775
n1_d4096_r1,1,4096,1,118,0.001,0.004112055248697288,0.5844728797674179,0.4603909159777686
n1_d4096_r1,1,4096,1,119,0.001,0.004151087730861036,0.5838487595319748,0.46481066703563556
n1_d4096_r1,1,4096,1,120,0.001,0.004048096392580192,0.5825414210557938,0.4696618750458583
n1_d4096_r1,1,4096,1,121,0.001,0.004380660146125592,0.5855540782213211,0.4647223330102861
n1_d4096_r1,1,4096,1,122,0.001,0.005020581560529536,0.5835279822349548,0.49543262500083074
n1_d4096_r1,1,4096,1,123,0.001,0.005031347023759736,0.5858439654111862,0.46856670902343467
n1_d4096_r1,1,4096,1,124,0.001,0.0047025949897943065,0.5817344039678574,0.4673538329661824
n1_d4096_r1,1,4096,1,125,0.001,0.004566452691506129,0.5846237987279892,0.4703107919776812
n1_d4096_r1,1,4096,1,126,0.0005,0.003737558765351423,0.5790394842624664,0.45707454200601205
n1_d4096_r1,1,4096,1,127,0.0005,0.0005376677204367297,0.5806838423013687,0.46706175000872463
n1_d4096_r1,1,4096,1,128,0.0005,0.00010822421120337822,0.5808658450841904,0.4603519169613719
n1_d4096_r1,1,4096,1,129,0.0005,2.532997834236994e-05,0.5807450413703918,0.4745947500341572
n1_d4096_r1,1,4096,1,130,0.0005,7.578504771288408e-06,0.5806869268417358,0.5011419579968788
n1_d4096_r1,1,4096,1,131,0.0005,3.6694901437428484e-06,0.5806737989187241,0.461791165987961
n1_d4096_r1,1,4096,1,132,0.0005,2.9471919145152015e-06,0.5807388424873352,0.47075837501324713
n1_d4096_r1,1,4096,1,133,0.0005,3.782546960096056e-06,0.5807269215583801,0.46468804200412706
n1_d4096_r1,1,4096,1,134,0.0005,5.144252726907439e-06,0.5806885212659836,0.46954779198858887
n1_d4096_r1,1,4096,1,135,0.00025,3.977624319695394e-06,0.5807139128446579,0.46009795798454434
n1_d4096_r1,1,4096,1,136,0.00025,6.204842872836736e-07,0.5807171761989594,0.4683529590256512
n1_d4096_r1,1,4096,1,137,0.00025,1.3308352375673849e-07,0.5807104408740997,0.4600139169488102
n1_d4096_r1,1,4096,1,138,0.00025,3.345050979264297e-08,0.5807131379842758,0.5229865000001155
n1_d4096_r1,1,4096,1,139,0.00025,1.0147865419501967e-08,0.5807151049375534,0.4598495829850435
n1_d4096_r1,1,4096,1,140,0.00025,4.120188793442503e-09,0.5807133316993713,0.4694820420118049
n1_d4096_r1,1,4096,1,141,0.00025,2.5732131529732083e-09,0.5807147473096848,0.4632287500426173
n1_d4096_r1,1,4096,1,142,0.00025,2.3574811070306567e-09,0.5807125717401505,0.4762778750155121
n1_d4096_r1,1,4096,1,143,0.000125,2.4829239003362757e-09,0.5807150453329086,0.4634055419592187
n1_d4096_r1,1,4096,1,144,0.000125,2.869418664263809e-10,0.5807134062051773,0.46664524998050183
n1_d4096_r1,1,4096,1,145,0.000125,5.566405444760482e-11,0.5807135850191116,0.4602636669878848
n1_d4096_r1,1,4096,1,146,0.000125,1.3661646927664098e-11,0.5807134509086609,0.5136624170118012
n1_d64_r2,1,64,2,1,0.001,1.0061705675907433,0.8793091475963593,0.24508874997263774
n1_d64_r2,1,64,2,2,0.001,0.8094765096902847,0.7324454188346863,0.23309262498514727
n1_d64_r2,1,64,2,3,0.001,0.6633783674333245,0.6133649349212646,0.23366837500361726
n1_d64_r2,1,64,2,4,0.001,0.5799241317436099,0.5723927170038223,0.23281000001588836
n1_d64_r2,1,64,2,5,0.001,0.5502402761485428,0.5550571233034134,0.24120245897211134
n1_d64_r2,1,64,2,6,0.001,0.53280119295232,0.5420614629983902,0.23393108299933374
n1_d64_r2,1,64,2,7,0.001,0.5212112739682198,0.5335167646408081,0.23429250001208857
n1_d64_r2,1,64,2,8,0.001,0.513458163710311,0.5294177234172821,0.23347541596740484
n1_d64_r2,1,64,2,9,0.001,0.5076874562073499,0.5248064547777176,0.27430429199011996
n1_d64_r2,1,64,2,10,0.001,0.5041749104857445,0.5220449864864349,0.2340025840094313
n1_d64_r2,1,64,2,11,0.001,0.5015949192456901,0.5210288837552071,0.23031249997438863
n1_d64_r2,1,64,2,12,0.001,0.49976384290494025,0.5200777500867844,0.23359483300009742
n1_d64_r2,1,64,2,13,0.001,0.4980573079083115,0.5197345614433289,0.2335174169857055
n1_d64_r2,1,64,2,14,0.001,0.4971462192479521,0.519745483994484,0.2386234580189921
n1_d64_r2,1,64,2,15,0.001,0.49605843517929316,0.5176747366786003,0.23380500002531335
n1_d64_r2,1,64,2,16,0.001,0.4957507944200188,0.5176593139767647,0.265781624999363
n1_d64_r2,1,64,2,17,0.001,0.49493674258701503,0.518364243209362,0.23931100004119799
n1_d64_r2,1,64,2,18,0.001,0.494429123820737,0.5182744339108467,0.2328109159716405
n1_d64_r2,1,64,2,19,0.001,0.49397012079134583,0.5172905698418617,0.23233495804015547
n1_d64_r2,1,64,2,20,0.001,0.4934992017224431,0.5183017179369926,0.23182712501147762
n1_d64_r2,1,64,2,21,0.001,0.49320677877403796,0.518456757068634,0.23149049998028204
n1_d64_r2,1,64,2,22,0.001,0.49299328215420246,0.5180407166481018,0.23348291701404378
n1_d64_r2,1,64,2,23,0.001,0.492572887102142,0.5181924626231194,0.23908233304973692
n1_d64_r2,1,64,2,24,0.001,0.4922465996351093,0.5183667242527008,0.2711629170225933
n1_d64_r2,1,64,2,25,0.001,0.49206197331659496,0.5173224732279778,0.23194708296796307
n1_d64_r2,1,64,2,26,0.001,0.49185083946213126,0.5179182812571526,0.235500416951254
n1_d64_r2,1,64,2,27,0.001,0.49167456827126443,0.5176852643489838,0.2326861250330694
n1_d64_r2,1,64,2,28,0.0005,0.4902480668388307,0.5177833586931229,0.23206858400953934
n1_d64_r2,1,64,2,29,0.0005,0.4900567880831659,0.5173715502023697,0.23097358300583437
n1_d64_r2,1,64,2,30,0.0005,0.48983028368093073,0.5178894624114037,0.23197929101297632
n1_d64_r2,1,64,2,31,0.0005,0.4897661218419671,0.5178206264972687,0.23338349995901808
n1_d64_r2,1,64,2,32,0.0005,0.4896737777162343,0.5173198953270912,0.27104700001655146
n1_d64_r2,1,64,2,33,0.0005,0.4895874443463981,0.5178965851664543,0.2333152909995988
n1_d64_r2,1,64,2,34,0.0005,0.48944789613597095,0.5175550282001495,0.2315362500376068
n1_d64_r2,1,64,2,35,0.0005,0.4892424962017685,0.5177058279514313,0.23069508303888142
n1_d64_r2,1,64,2,36,0.00025,0.4886218428146094,0.5177730768918991,0.23058483301429078
n1_d64_r2,1,64,2,37,0.00025,0.4884949941188097,0.5177747681736946,0.23221095802728087
n1_d64_r2,1,64,2,38,0.00025,0.4884705019649118,0.5179460346698761,0.23145420796936378
n1_d64_r2,1,64,2,39,0.00025,0.48838054249063134,0.517840251326561,0.23263949999818578
n1_d128_r2,1,128,2,1,0.001,0.9883933365345001,0.8359551280736923,0.2841201670235023
n1_d128_r2,1,128,2,2,0.001,0.7476170840673149,0.6629964858293533,0.2403491250006482
n1_d128_r2,1,128,2,3,0.001,0.6071644723415375,0.5884271413087845,0.2387249160092324
n1_d128_r2,1,128,2,4,0.001,0.556322215590626,0.5662236660718918,0.23748874996090308
n1_d128_r2,1,128,2,5,0.001,0.5326093868352473,0.5528564453125,0.2374364580027759
n1_d128_r2,1,128,2,6,0.001,0.5169180582743138,0.5429212003946304,0.2362946670036763
n1_d128_r2,1,128,2,7,0.001,0.5061186864040792,0.5375202149152756,0.2362542079645209
n1_d128_r2,1,128,2,8,0.001,0.4987642038613558,0.5353729128837585,0.27201358397724107
n1_d128_r2,1,128,2,9,0.001,0.49331350554712117,0.5332082659006119,0.2480684999609366
n1_d128_r2,1,128,2,10,0.001,0.4896845680195838,0.5309247225522995,0.2412265830207616
n1_d128_r2,1,128,2,11,0.001,0.48655510717071593,0.5297217816114426,0.23715704097412527
n1_d128_r2,1,128,2,12,0.001,0.48396072071045637,0.5311281830072403,0.23959491698769853
n1_d128_r2,1,128,2,13,0.001,0.4820212246850133,0.5310038626194,0.23702087497804314
n1_d128_r2,1,128,2,14,0.001,0.48034572415053844,0.5288414061069489,0.2358731249696575
n1_d128_r2,1,128,2,15,0.001,0.4785140894819051,0.530968502163887,0.2388552909833379
n1_d128_r2,1,128,2,16,0.001,0.4774699870031327,0.5310071855783463,0.2703365840134211
n1_d128_r2,1,128,2,17,0.001,0.4760290316771716,0.5306640565395355,0.2450782919768244
n1_d128_r2,1,128,2,18,0.001,0.47493415558710694,0.5324680358171463,0.24314637499628589
n1_d128_r2,1,128,2,19,0.001,0.4738447368144989,0.5320329517126083,0.23824537498876452
n1_d128_r2,1,128,2,20,0.001,0.4732861714437604,0.5342272967100143,0.24087970901746303
n1_d128_r2,1,128,2,21,0.001,0.47213385393843055,0.5318899899721146,0.2350489170057699
n1_d128_r2,1,128,2,22,0.001,0.4712066010106355,0.5314059108495712,0.23693754099076614
n1_d128_r2,1,128,2,23,0.0005,0.46736678504385054,0.5333590060472488,0.23855254100635648
n1_d128_r2,1,128,2,24,0.0005,0.4666195416357368,0.5331767499446869,0.2719239169964567
n1_d128_r2,1,128,2,25,0.0005,0.4661971169989556,0.5345921814441681,0.24198033299762756
n1_d128_r2,1,128,2,26,0.0005,0.46600725525058806,0.5352756232023239,0.23866229195846245
n1_d128_r2,1,128,2,27,0.0005,0.46531870984472334,0.5354979336261749,0.2421818330185488
n1_d128_r2,1,128,2,28,0.0005,0.4652078626677394,0.5364338010549545,0.23906037502456456
n1_d128_r2,1,128,2,29,0.0005,0.46482859505340457,0.5364037752151489,0.23658433300442994
n1_d128_r2,1,128,2,30,0.0005,0.46423569438047707,0.536172017455101,0.23800712503725663
n1_d128_r2,1,128,2,31,0.00025,0.46231447206810117,0.5361959487199783,0.2373667909996584
n1_d128_r2,1,128,2,32,0.00025,0.4620511282701045,0.5367613136768341,0.27259395900182426
n1_d128_r2,1,128,2,33,0.00025,0.46190471202135086,0.5368454307317734,0.24302175000775605
n1_d128_r2,1,128,2,34,0.00025,0.46168389543890953,0.5368692874908447,0.23747754201758653
n1_d256_r2,1,256,2,1,0.001,0.9650053163059056,0.7927323877811432,0.25110683299135417
n1_d256_r2,1,256,2,2,0.001,0.6764112145174295,0.6068364381790161,0.2440010829595849
n1_d256_r2,1,256,2,3,0.001,0.5502032120712101,0.5732741504907608,0.24085070902947336
n1_d256_r2,1,256,2,4,0.001,0.5129373150411993,0.5590926110744476,0.23842012498062104
n1_d256_r2,1,256,2,5,0.001,0.4913018271327019,0.5509127527475357,0.24178933398798108
n1_d256_r2,1,256,2,6,0.001,0.47638074145652354,0.5530860126018524,0.28407054097624496
n1_d256_r2,1,256,2,7,0.001,0.4649077064823359,0.5509761273860931,0.23997345799580216
n1_d256_r2,1,256,2,8,0.001,0.4555309594143182,0.553470179438591,0.2395943749579601
n1_d256_r2,1,256,2,9,0.001,0.4471010733395815,0.5538559854030609,0.24894616601523012
n1_d256_r2,1,256,2,10,0.001,0.440682839602232,0.5559084266424179,0.2462937090313062
n1_d256_r2,1,256,2,11,0.001,0.434671719558537,0.5600639134645462,0.24036429094849154
n1_d256_r2,1,256,2,12,0.001,0.42861688416451216,0.5665963441133499,0.2404880000394769
n1_d256_r2,1,256,2,13,0.001,0.42415279475972056,0.5716124773025513,0.24087162496289238
n1_d256_r2,1,256,2,14,0.0005,0.4107944129500538,0.570684939622879,0.2827022499986924
n1_d256_r2,1,256,2,15,0.0005,0.4073541371617466,0.5730756521224976,0.2407043749699369
n1_d256_r2,1,256,2,16,0.0005,0.40471115754917264,0.5767044723033905,0.24234333401545882
n1_d256_r2,1,256,2,17,0.0005,0.40202987333759665,0.5800737291574478,0.2428457909845747
n1_d256_r2,1,256,2,18,0.0005,0.40014603128656745,0.5844815820455551,0.24776674999156967
n1_d256_r2,1,256,2,19,0.0005,0.39785886369645596,0.5869788825511932,0.23816095798974857
n1_d256_r2,1,256,2,20,0.0005,0.39559019706211984,0.5899294167757034,0.24007145897485316
n1_d256_r2,1,256,2,21,0.0005,0.39316235668957233,0.5938669443130493,0.23956962500233203
n1_d256_r2,1,256,2,22,0.00025,0.3867427671793848,0.5951875299215317,0.2840749580063857
n1_d256_r2,1,256,2,23,0.00025,0.3849280185531825,0.596997082233429,0.23913820798043162
n1_d256_r2,1,256,2,24,0.00025,0.3838620644528419,0.5986907184123993,0.23863304097903892
n1_d256_r2,1,256,2,25,0.00025,0.3829146765638143,0.6005416661500931,0.23933270800625905
n1_d512_r2,1,512,2,1,0.001,1.0073336889036,0.8514863550662994,0.2845234170090407
n1_d512_r2,1,512,2,2,0.001,0.6563370092771947,0.6427569836378098,0.27541729097720236
n1_d512_r2,1,512,2,3,0.001,0.4979270782787353,0.6220450401306152,0.2753817079938017
n1_d512_r2,1,512,2,4,0.001,0.4321908026468009,0.6243913918733597,0.3183313330519013
n1_d512_r2,1,512,2,5,0.001,0.39083796576596797,0.6272300034761429,0.27324570901691914
n1_d512_r2,1,512,2,6,0.001,0.35682314285077155,0.6439744383096695,0.273392083006911
n1_d512_r2,1,512,2,7,0.001,0.327680867863819,0.666416808962822,0.2738577079726383
n1_d512_r2,1,512,2,8,0.001,0.30035164568107575,0.681425616145134,0.2813335420214571
n1_d512_r2,1,512,2,9,0.001,0.2760137584991753,0.6997706741094589,0.27590383298229426
n1_d512_r2,1,512,2,10,0.001,0.2555579231120646,0.7295156419277191,0.2738212500116788
n1_d512_r2,1,512,2,11,0.001,0.23644661461003125,0.7567774206399918,0.2763414580258541
n1_d512_r2,1,512,2,12,0.0005,0.19876798009499907,0.7608472406864166,0.31449562503257766
n1_d512_r2,1,512,2,13,0.0005,0.1856878282269463,0.7799157649278641,0.27515495801344514
n1_d512_r2,1,512,2,14,0.0005,0.17752512951847166,0.7937368899583817,0.27173525001853704
n1_d512_r2,1,512,2,15,0.0005,0.16970992262940854,0.8096345663070679,0.2755555419716984
n1_d512_r2,1,512,2,16,0.0005,0.162965283729136,0.8246953785419464,0.28162683302070946
n1_d512_r2,1,512,2,17,0.0005,0.1564676495618187,0.8441232740879059,0.2868195420014672
n1_d512_r2,1,512,2,18,0.0005,0.1507841179263778,0.8546739369630814,0.2810289580374956
n1_d512_r2,1,512,2,19,0.0005,0.14468647848116234,0.8692028075456619,0.278236249985639
n1_d512_r2,1,512,2,20,0.00025,0.12854169798083603,0.8737315088510513,0.31244945904472843
n1_d512_r2,1,512,2,21,0.00025,0.1241070696269162,0.8846063315868378,0.27379145799204707
n1_d512_r2,1,512,2,22,0.00025,0.1215826800907962,0.8931925594806671,0.2737312500248663
n1_d512_r2,1,512,2,23,0.00025,0.11907443014206365,0.9013185799121857,0.2834438330028206
n1_d1024_r2,1,1024,2,1,0.001,0.9229897535406053,0.7672278732061386,0.2950867079780437
n1_d1024_r2,1,1024,2,2,0.001,0.5256518835667521,0.657013550400734,0.2907691670116037
n1_d1024_r2,1,1024,2,3,0.001,0.34192950720898807,0.6661361902952194,0.2933487920090556
n1_d1024_r2,1,1024,2,4,0.001,0.23349405289627612,0.6984450072050095,0.33381379197817296
n1_d1024_r2,1,1024,2,5,0.001,0.15384215180529281,0.7426900714635849,0.2922835420467891
n1_d1024_r2,1,1024,2,6,0.001,0.09875253750942647,0.7803806364536285,0.2955562500283122
n1_d1024_r2,1,1024,2,7,0.001,0.0629999981902074,0.801461786031723,0.3016565829748288
n1_d1024_r2,1,1024,2,8,0.001,0.042006204748759046,0.8137580901384354,0.2946904170094058
n1_d1024_r2,1,1024,2,9,0.001,0.029689294373383746,0.817875012755394,0.2923061670153402
n1_d1024_r2,1,1024,2,10,0.001,0.023000498084002174,0.8258034139871597,0.29161549999844283
n1_d1024_r2,1,1024,2,11,0.0005,0.014333657978568226,0.8154838532209396,0.2925073329824954
n1_d1024_r2,1,1024,2,12,0.0005,0.004912630241960869,0.81844562292099,0.33551845798501745
n1_d1024_r2,1,1024,2,13,0.0005,0.002407936472991423,0.8208548277616501,0.2915652499650605
n1_d1024_r2,1,1024,2,14,0.0005,0.001415606151567772,0.823956161737442,0.30435704201227054
n1_d1024_r2,1,1024,2,15,0.0005,0.0009134696683759103,0.8248015344142914,0.2972212500171736
n1_d1024_r2,1,1024,2,16,0.0005,0.00062415205184152,0.8266534358263016,0.2974275409942493
n1_d1024_r2,1,1024,2,17,0.0005,0.000446024302391379,0.8283158242702484,0.29497250000713393
n1_d1024_r2,1,1024,2,18,0.0005,0.0003425440210094166,0.8285432755947113,0.2954385839984752
n1_d1024_r2,1,1024,2,19,0.00025,0.00021921837378613418,0.8292109370231628,0.32903587498003617
n1_d1024_r2,1,1024,2,20,0.00025,9.848961559555391e-05,0.8294683992862701,0.2998795419698581
n1_d1024_r2,1,1024,2,21,0.00025,6.605631007516877e-05,0.829445481300354,0.3010084580164403
n1_d1024_r2,1,1024,2,22,0.00025,5.0122796622531496e-05,0.8299146294593811,0.2935219579958357
n1_d2048_r2,1,2048,2,1,0.001,0.961829365696758,0.8241462707519531,0.34541245794389397
n1_d2048_r2,1,2048,2,2,0.001,0.40377983800135553,0.7354982793331146,0.340259958000388
n1_d2048_r2,1,2048,2,3,0.001,0.15621230681426823,0.733978196978569,0.3429493330186233
n1_d2048_r2,1,2048,2,4,0.001,0.06240074566449039,0.7214003056287766,0.3400477499817498
n1_d2048_r2,1,2048,2,5,0.001,0.03883048270654399,0.7185251414775848,0.3847215829882771
n1_d2048_r2,1,2048,2,6,0.001,0.03389601093658712,0.7155841290950775,0.33956954203313217
n1_d2048_r2,1,2048,2,7,0.001,0.033651268924586475,0.7082072645425797,0.3394316660123877
n1_d2048_r2,1,2048,2,8,0.001,0.03379333719203714,0.7016363143920898,0.34094145899871364
n1_d2048_r2,1,2048,2,9,0.001,0.03372239893360529,0.6949500441551208,0.3393372910213657
n1_d2048_r2,1,2048,2,10,0.001,0.03334426005312707,0.6924789845943451,0.3410095419967547
n1_d2048_r2,1,2048,2,11,0.001,0.03186960938910488,0.6830105483531952,0.3472311249934137
n1_d2048_r2,1,2048,2,12,0.001,0.029542869800934568,0.6779581010341644,0.33845425001345575
n1_d2048_r2,1,2048,2,13,0.001,0.028054553258698434,0.672238290309906,0.376052042003721
n1_d2048_r2,1,2048,2,14,0.001,0.026374722408945672,0.6803474724292755,0.3401001250022091
n1_d2048_r2,1,2048,2,15,0.001,0.02434586430899799,0.6643307954072952,0.3375104159931652
n1_d2048_r2,1,2048,2,16,0.001,0.022975972722633742,0.6687390357255936,0.3406386250280775
n1_d2048_r2,1,2048,2,17,0.001,0.02255941616022028,0.6703226268291473,0.3474277079803869
n1_d2048_r2,1,2048,2,18,0.001,0.02190376700309571,0.6604588776826859,0.33976091601653025
n1_d2048_r2,1,2048,2,19,0.001,0.02143146938760765,0.6637938618659973,0.3387107080197893
n1_d2048_r2,1,2048,2,20,0.001,0.021415224167867564,0.6544557213783264,0.36810433299979195
n1_d2048_r2,1,2048,2,21,0.001,0.021819767003762536,0.6573547571897507,0.3433022079989314
n1_d2048_r2,1,2048,2,22,0.001,0.021612656768411398,0.6522019058465958,0.33444245799910277
n1_d2048_r2,1,2048,2,23,0.001,0.02170836817822419,0.6581266224384308,0.34513650002190843
n1_d2048_r2,1,2048,2,24,0.001,0.02172921421151841,0.6542347967624664,0.34015825000824407
n1_d2048_r2,1,2048,2,25,0.001,0.021545028983382508,0.6518233865499496,0.3370393329532817
n1_d2048_r2,1,2048,2,26,0.001,0.020880968797428068,0.6476254016160965,0.3357135829865001
n1_d2048_r2,1,2048,2,27,0.001,0.01941312157578068,0.6448734104633331,0.3409813750186004
n1_d2048_r2,1,2048,2,28,0.001,0.018083370734530035,0.6448194086551666,0.3366977089899592
n1_d2048_r2,1,2048,2,29,0.001,0.016897326298931148,0.6465278565883636,0.3890712080174126
n1_d2048_r2,1,2048,2,30,0.001,0.017000020656269044,0.6421519815921783,0.33886241604341194
n1_d2048_r2,1,2048,2,31,0.001,0.01739108026959002,0.6444765329360962,0.3346781250438653
n1_d2048_r2,1,2048,2,32,0.001,0.017315220065938774,0.6401054263114929,0.3383463749778457
n1_d2048_r2,1,2048,2,33,0.001,0.017304914028500207,0.6436678469181061,0.3388916249969043
n1_d2048_r2,1,2048,2,34,0.001,0.01749553946137894,0.6420899331569672,0.3393632079823874
n1_d2048_r2,1,2048,2,35,0.001,0.017731062682287302,0.6371948719024658,0.34956033405615017
n1_d2048_r2,1,2048,2,36,0.001,0.017637635057326406,0.6390160620212555,0.3716516669956036
n1_d2048_r2,1,2048,2,37,0.001,0.017659279277722817,0.6320290714502335,0.3355534580186941
n1_d2048_r2,1,2048,2,38,0.001,0.01719646125275176,0.6339282393455505,0.338462374988012
n1_d2048_r2,1,2048,2,39,0.001,0.01632891796907643,0.6346969902515411,0.3346039589960128
n1_d2048_r2,1,2048,2,40,0.001,0.015383067933726124,0.6279221624135971,0.3376103750197217
n1_d2048_r2,1,2048,2,41,0.001,0.014131025222013704,0.6319292485713959,0.3430164589663036
n1_d2048_r2,1,2048,2,42,0.001,0.013902947168389801,0.63407102227211,0.33669891697354615
n1_d2048_r2,1,2048,2,43,0.001,0.014226879298803397,0.6272214651107788,0.3344960000249557
n1_d2048_r2,1,2048,2,44,0.001,0.014510586581309326,0.6281548887491226,0.3409753330051899
n1_d2048_r2,1,2048,2,45,0.001,0.014297514513600618,0.6287578046321869,0.37542995903640985
n1_d2048_r2,1,2048,2,46,0.001,0.013788459997158498,0.6318214386701584,0.3348076249822043
n1_d2048_r2,1,2048,2,47,0.001,0.0134107783815125,0.6257334798574448,0.35105825000209734
n1_d2048_r2,1,2048,2,48,0.001,0.013442906172713265,0.6258895099163055,0.34040400001686066
n1_d2048_r2,1,2048,2,49,0.001,0.014053422761207912,0.6250380873680115,0.33754370798124
n1_d2048_r2,1,2048,2,50,0.001,0.014014906482771039,0.626844584941864,0.33927045797463506
n1_d2048_r2,1,2048,2,51,0.001,0.013789488999464083,0.6230409443378448,0.33499508298700675
n1_d2048_r2,1,2048,2,52,0.001,0.013267039917991497,0.6246450394392014,0.33960554195800796
n1_d2048_r2,1,2048,2,53,0.001,0.012534412991954014,0.626071572303772,0.3892446670215577
n1_d2048_r2,1,2048,2,54,0.001,0.0126045790311764,0.6184851080179214,0.3387460840167478
n1_d2048_r2,1,2048,2,55,0.001,0.012487626750953496,0.6260153353214264,0.33607737498823553
n1_d2048_r2,1,2048,2,56,0.001,0.011634457980107982,0.6166506111621857,0.3400022499845363
n1_d2048_r2,1,2048,2,57,0.001,0.011051536370359827,0.6194753050804138,0.337458833004348
n1_d2048_r2,1,2048,2,58,0.001,0.010934247206023429,0.6237001717090607,0.3405492919846438
n1_d2048_r2,1,2048,2,59,0.001,0.011124962184112519,0.6119710803031921,0.3513794169994071
n1_d2048_r2,1,2048,2,60,0.001,0.010877458204049617,0.6195941418409348,0.3740607919753529
n1_d2048_r2,1,2048,2,61,0.001,0.011252923439315055,0.6183150410652161,0.3433327910024673
n1_d2048_r2,1,2048,2,62,0.001,0.011642778816167265,0.6148645579814911,0.3396411249996163
n1_d2048_r2,1,2048,2,63,0.001,0.011488880569231696,0.6177788525819778,0.3388497499981895
n1_d2048_r2,1,2048,2,64,0.001,0.011115826120658312,0.615951806306839,0.34160491602960974
n1_d2048_r2,1,2048,2,65,0.001,0.010595590909360908,0.614205464720726,0.34480645798612386
n1_d2048_r2,1,2048,2,66,0.001,0.010110543487826362,0.6151061803102493,0.3385296670021489
n1_d2048_r2,1,2048,2,67,0.001,0.010280368285748409,0.6148555427789688,0.3421991670038551
n1_d2048_r2,1,2048,2,68,0.0005,0.008317347899719607,0.6101171970367432,0.3791907500126399
n1_d2048_r2,1,2048,2,69,0.0005,0.001567082601468428,0.6094013154506683,0.3389312500366941
n1_d2048_r2,1,2048,2,70,0.0005,0.00039882703731564106,0.6097896248102188,0.34206820803228766
n1_d2048_r2,1,2048,2,71,0.0005,0.00010027952117752648,0.6097330749034882,0.34876516700023785
n1_d2048_r2,1,2048,2,72,0.0005,2.793145137047759e-05,0.6099463701248169,0.33776016702177003
n1_d2048_r2,1,2048,2,73,0.0005,8.680094705226793e-06,0.6098413318395615,0.33722658397164196
n1_d2048_r2,1,2048,2,74,0.0005,3.16183568926931e-06,0.6099058538675308,0.33882445900235325
n1_d2048_r2,1,2048,2,75,0.0005,1.3507985214822327e-06,0.6098721772432327,0.33944883302319795
n1_d2048_r2,1,2048,2,76,0.0005,7.276765958685871e-07,0.6098801046609879,0.3785257909912616
n1_d2048_r2,1,2048,2,77,0.0005,4.859948332658348e-07,0.6098636984825134,0.3477934580296278
n1_d2048_r2,1,2048,2,78,0.00025,3.3469615778880524e-07,0.6098844856023788,0.33863404201110825
n1_d2048_r2,1,2048,2,79,0.00025,5.597939561896581e-08,0.6098682582378387,0.3396033750032075
n1_d2048_r2,1,2048,2,80,0.00025,1.3835549594887198e-08,0.60987289249897,0.3382653329754248
n1_d2048_r2,1,2048,2,81,0.00025,4.070265374744864e-09,0.609873577952385,0.33854520798195153
n1_d2048_r2,1,2048,2,82,0.00025,1.413477444464628e-09,0.6098738461732864,0.34190308302640915
n1_d2048_r2,1,2048,2,83,0.00025,6.176998960071012e-10,0.6098738014698029,0.34738820797065273
n1_d2048_r2,1,2048,2,84,0.00025,3.107396367128812e-10,0.609873816370964,0.3742912079906091
n1_d2048_r2,1,2048,2,85,0.00025,1.7353220501726586e-10,0.6098738759756088,0.3414639579714276
n1_d2048_r2,1,2048,2,86,0.000125,9.031696487156633e-11,0.6098734736442566,0.3379646670073271
n1_d2048_r2,1,2048,2,87,0.000125,4.88937174574584e-11,0.6098736226558685,0.3418705419753678
n1_d2048_r2,1,2048,2,88,0.000125,3.196433621735213e-11,0.6098735928535461,0.33686220803065225
n1_d2048_r2,1,2048,2,89,0.000125,2.206201389111373e-11,0.6098736673593521,0.34751350001897663
n1_d4096_r2,1,4096,2,1,0.001,0.9771667635068297,0.9007527828216553,0.519154040957801
n1_d4096_r2,1,4096,2,2,0.001,0.4830053807236254,0.8067207634449005,0.4972149169771001
n1_d4096_r2,1,4096,2,3,0.001,0.182065952103585,0.763555258512497,0.45643974997801706
n1_d4096_r2,1,4096,2,4,0.001,0.07531352346995845,0.7279796153306961,0.4594678750145249
n1_d4096_r2,1,4096,2,5,0.001,0.037419994550873525,0.7280918210744858,0.46218762500211596
n1_d4096_r2,1,4096,2,6,0.001,0.02442497776064556,0.7191335707902908,0.45253804203821346
n1_d4096_r2,1,4096,2,7,0.001,0.019756774890993256,0.7222748696804047,0.4565132090356201
n1_d4096_r2,1,4096,2,8,0.001,0.01926526405441109,0.7160063832998276,0.45268441701773554
n1_d4096_r2,1,4096,2,9,0.001,0.02023214528162498,0.7166831195354462,0.4642703330027871
n1_d4096_r2,1,4096,2,10,0.001,0.021770386381831486,0.7124747037887573,0.4913962080026977
n1_d4096_r2,1,4096,2,11,0.001,0.023890192140243016,0.716254785656929,0.4550425420165993
n1_d4096_r2,1,4096,2,12,0.001,0.02595144003862515,0.7064446806907654,0.45532895799260587
n1_d4096_r2,1,4096,2,13,0.001,0.0266802988917334,0.7108066380023956,0.4576587919727899
n1_d4096_r2,1,4096,2,14,0.001,0.025832484214333817,0.7057690918445587,0.45693629200104624
n1_d4096_r2,1,4096,2,15,0.001,0.024469760814099573,0.7059883624315262,0.4544062080094591
n1_d4096_r2,1,4096,2,16,0.001,0.023193651053588837,0.7040491253137589,0.45299645903287455
n1_d4096_r2,1,4096,2,17,0.001,0.021801197377499193,0.6989546418190002,0.4529677500249818
n1_d4096_r2,1,4096,2,18,0.001,0.020571048073179554,0.7034326940774918,0.515949415974319
n1_d4096_r2,1,4096,2,19,0.001,0.01942112345568603,0.7010389715433121,0.45459962502354756
n1_d4096_r2,1,4096,2,20,0.001,0.01893931567610707,0.6993245482444763,0.46348916599527
n1_d4096_r2,1,4096,2,21,0.001,0.018373660677752923,0.6945060044527054,0.4578939159982838
n1_d4096_r2,1,4096,2,22,0.001,0.017815801802498754,0.6918360739946365,0.4704829159891233
n1_d4096_r2,1,4096,2,23,0.001,0.017611780727747828,0.691122516989708,0.4572687079780735
n1_d4096_r2,1,4096,2,24,0.001,0.01765507139498368,0.6955847591161728,0.45559725002385676
n1_d4096_r2,1,4096,2,25,0.001,0.017853245211881585,0.6898991614580154,0.4620173340081237
n1_d4096_r2,1,4096,2,26,0.001,0.01787950674042804,0.6843105107545853,0.49283300002571195
n1_d4096_r2,1,4096,2,27,0.001,0.01778568624285981,0.6892630308866501,0.47049704199889675
n1_d4096_r2,1,4096,2,28,0.001,0.017986442493565846,0.6853140741586685,0.4561537079862319
n1_d4096_r2,1,4096,2,29,0.001,0.017609615410037804,0.6805776506662369,0.46251033298904076
n1_d4096_r2,1,4096,2,30,0.001,0.017263810426811688,0.6861700713634491,0.4564592079841532
n1_d4096_r2,1,4096,2,31,0.001,0.016600447888777126,0.6846397966146469,0.4753757500438951
n1_d4096_r2,1,4096,2,32,0.001,0.016229600681981537,0.6790980100631714,0.456733750004787
n1_d4096_r2,1,4096,2,33,0.001,0.01590417153056478,0.6753531992435455,0.4935243329964578
n1_d4096_r2,1,4096,2,34,0.001,0.015070149944222067,0.6798889338970184,0.4566997090005316
n1_d4096_r2,1,4096,2,35,0.001,0.014754995005205274,0.6770218014717102,0.45945979200769216
n1_d4096_r2,1,4096,2,36,0.001,0.014118980609055143,0.6725279837846756,0.4644039580016397
n1_d4096_r2,1,4096,2,37,0.001,0.014060593108297326,0.6748932301998138,0.4578512910520658
n1_d4096_r2,1,4096,2,38,0.001,0.01410456743906252,0.6746644526720047,0.45227391697699204
n1_d4096_r2,1,4096,2,39,0.001,0.013813765064696781,0.674343466758728,0.45551866601454094
n1_d4096_r2,1,4096,2,40,0.001,0.01350789985008305,0.6724468916654587,0.47170295799151063
n1_d4096_r2,1,4096,2,41,0.001,0.01373955026792828,0.670246884226799,0.4898542080190964
n1_d4096_r2,1,4096,2,42,0.001,0.013337671960471198,0.6739340275526047,0.4647171249962412
n1_d4096_r2,1,4096,2,43,0.001,0.012789607382728718,0.6691483706235886,0.4553232920006849
n1_d4096_r2,1,4096,2,44,0.001,0.012684391032962594,0.6721170991659164,0.46144404204096645
n1_d4096_r2,1,4096,2,45,0.001,0.012716682045720518,0.666137084364891,0.46661337499972433
n1_d4096_r2,1,4096,2,46,0.001,0.012034092513204087,0.6659022867679596,0.4896529999678023
n1_d4096_r2,1,4096,2,47,0.001,0.011721171547833364,0.6633632630109787,0.4562576249591075
n1_d4096_r2,1,4096,2,48,0.001,0.011453743907622993,0.6604844629764557,0.4589102910249494
n1_d4096_r2,1,4096,2,49,0.001,0.011652881563350093,0.6628690510988235,0.5028853749972768
n1_d4096_r2,1,4096,2,50,0.001,0.012015377542411443,0.6596094220876694,0.47289070795523
n1_d4096_r2,1,4096,2,51,0.001,0.011724210606189445,0.6659948378801346,0.4545176670071669
n1_d4096_r2,1,4096,2,52,0.001,0.01117472962505417,0.6585806012153625,0.45743075001519173
n1_d4096_r2,1,4096,2,53,0.001,0.01085773636441445,0.6597185581922531,0.4518017079681158
n1_d4096_r2,1,4096,2,54,0.001,0.010375978625233984,0.660961702466011,0.4690807079896331
n1_d4096_r2,1,4096,2,55,0.001,0.009869379842712078,0.6608325392007828,0.453708374989219
n1_d4096_r2,1,4096,2,56,0.001,0.009299255485530011,0.6556016057729721,0.45642445801058784
n1_d4096_r2,1,4096,2,57,0.001,0.009229572646290762,0.6541211158037186,0.49741466698469594
n1_d4096_r2,1,4096,2,58,0.001,0.009565658889187034,0.6577707231044769,0.46654145896900445
n1_d4096_r2,1,4096,2,59,0.001,0.010152852435567183,0.6545369774103165,0.46205829200334847
n1_d4096_r2,1,4096,2,60,0.001,0.010208048530330416,0.6604792177677155,0.45340029103681445
n1_d4096_r2,1,4096,2,61,0.001,0.009948791870556306,0.6575530022382736,0.46112533303676173
n1_d4096_r2,1,4096,2,62,0.001,0.009801166735996958,0.6577303409576416,0.4542646670015529
n1_d4096_r2,1,4096,2,63,0.001,0.00961271372216288,0.6527028679847717,0.46578108303947374
n1_d4096_r2,1,4096,2,64,0.001,0.009092910782783292,0.6541250795125961,0.4552091250079684
n1_d4096_r2,1,4096,2,65,0.001,0.008510667241353076,0.6504489034414291,0.4952244579908438
n1_d4096_r2,1,4096,2,66,0.001,0.00800537375107524,0.6513431519269943,0.4525463749887422
n1_d4096_r2,1,4096,2,67,0.001,0.007995911240868736,0.6515698581933975,0.47195062501123175
n1_d4096_r2,1,4096,2,68,0.001,0.008330825075972825,0.6497945934534073,0.45578679197933525
n1_d4096_r2,1,4096,2,69,0.001,0.008149701101501705,0.6491157710552216,0.4575689169578254
n1_d4096_r2,1,4096,2,70,0.001,0.007883987167588202,0.6495605707168579,0.45610212499741465
n1_d4096_r2,1,4096,2,71,0.001,0.007943326490931213,0.6464253664016724,0.4759913749876432
n1_d4096_r2,1,4096,2,72,0.001,0.007930211380880792,0.6479096710681915,0.4703173750312999
n1_d4096_r2,1,4096,2,73,0.001,0.007829573634808185,0.6456312984228134,0.49730774998897687
n1_d4096_r2,1,4096,2,74,0.001,0.007793340111675207,0.6480234712362289,0.4600599579862319
n1_d4096_r2,1,4096,2,75,0.001,0.007656926078198012,0.6418833881616592,0.45521466695936397
n1_d4096_r2,1,4096,2,76,0.001,0.0075231716327834874,0.6466988772153854,0.4714586670161225
n1_d4096_r2,1,4096,2,77,0.001,0.00712542174369446,0.6421160697937012,0.4547400409937836
n1_d4096_r2,1,4096,2,78,0.001,0.007006041691056453,0.6445416361093521,0.4639046660158783
n1_d4096_r2,1,4096,2,79,0.001,0.0067028103658230975,0.6460641473531723,0.45290899998508394
n1_d4096_r2,1,4096,2,80,0.001,0.006624947240197798,0.6444568336009979,0.4858568329946138
n1_d4096_r2,1,4096,2,81,0.001,0.0065128367677971255,0.6424364745616913,0.4556565000093542
n1_d4096_r2,1,4096,2,82,0.001,0.00636989893973805,0.6428896486759186,0.5016866669757292
n1_d4096_r2,1,4096,2,83,0.001,0.006499042698123958,0.6448327600955963,0.4485664169769734
n1_d4096_r2,1,4096,2,84,0.0005,0.005753605164500186,0.640792191028595,0.45755120896501467
n1_d4096_r2,1,4096,2,85,0.0005,0.0008483099477416545,0.6408277153968811,0.4622826250270009
n1_d4096_r2,1,4096,2,86,0.0005,0.0001746188557945061,0.6404034942388535,0.4539825830142945
n1_d4096_r2,1,4096,2,87,0.0005,4.113064059652061e-05,0.6407326906919479,0.4605252500041388
n1_d4096_r2,1,4096,2,88,0.0005,1.3583764143731969e-05,0.6404940485954285,0.45882900001015514
n1_d4096_r2,1,4096,2,89,0.0005,8.38147967918701e-06,0.6406716704368591,0.47163237497443333
n1_d4096_r2,1,4096,2,90,0.0005,8.800463605851405e-06,0.6405794024467468,0.5020618329872377
n1_d4096_r2,1,4096,2,91,0.0005,7.452269699115277e-06,0.6406390368938446,0.46240791701711714
n1_d4096_r2,1,4096,2,92,0.0005,8.056922744970052e-06,0.6405107975006104,0.4561701250495389
n1_d4096_r2,1,4096,2,93,0.0005,1.1719500879081579e-05,0.6406570374965668,0.46370520803611726
n1_d4096_r2,1,4096,2,94,0.0005,1.8741934056265563e-05,0.6407267302274704,0.47082566702738404
n1_d4096_r2,1,4096,2,95,0.00025,2.6491496747382826e-05,0.6404487043619156,0.4661629580077715
n1_d4096_r2,1,4096,2,96,0.00025,4.4138772565816e-06,0.6404824256896973,0.460733582964167
n1_d4096_r2,1,4096,2,97,0.00025,1.179929729477891e-06,0.6405400186777115,0.5024288339773193
n1_d4096_r2,1,4096,2,98,0.00025,4.437418833491691e-07,0.6405127793550491,0.47044854098930955
n1_d4096_r2,1,4096,2,99,0.00025,2.5542732007277635e-07,0.6405313163995743,0.45413866703165695
n1_d4096_r2,1,4096,2,100,0.00025,2.2179863334859107e-07,0.6405341774225235,0.4563520000083372
n1_d4096_r2,1,4096,2,101,0.00025,2.676289651559749e-07,0.6405160427093506,0.462998874951154
n1_d4096_r2,1,4096,2,102,0.00025,3.950047330336659e-07,0.6404964625835419,0.4567327499971725
n1_d4096_r2,1,4096,2,103,0.000125,5.780247487319201e-07,0.6405431032180786,0.4705555000109598
n1_d4096_r2,1,4096,2,104,0.000125,1.0489801945123833e-07,0.6405090987682343,0.46534091600915417
n1_d4096_r2,1,4096,2,105,0.000125,2.5374741891015518e-08,0.6405248790979385,0.5010638750391081
n1_d4096_r2,1,4096,2,106,0.000125,6.640764438348157e-09,0.6405234634876251,0.4700405420153402
n1_d64_r3,1,64,3,1,0.001,1.0389230130240321,0.9265971928834915,0.2459136670222506
n1_d64_r3,1,64,3,2,0.001,0.8633251693099737,0.8005428463220596,0.23323383298702538
n1_d64_r3,1,64,3,3,0.001,0.7227128716185689,0.6640335023403168,0.23044783301884308
n1_d64_r3,1,64,3,4,0.001,0.6138284027110785,0.59388867020607,0.23362450004788116
n1_d64_r3,1,64,3,5,0.001,0.5657305170316249,0.5646844059228897,0.23078562499722466
n1_d64_r3,1,64,3,6,0.001,0.5400944997090846,0.5457082539796829,0.23182441701646894
n1_d64_r3,1,64,3,7,0.001,0.5246737252455205,0.5361657440662384,0.23800158296944574
n1_d64_r3,1,64,3,8,0.001,0.515820138854906,0.5285001844167709,0.23087158397538587
n1_d64_r3,1,64,3,9,0.001,0.5107025625184178,0.5239938348531723,0.2693658340140246
n1_d64_r3,1,64,3,10,0.001,0.5074072105344385,0.5226526409387589,0.23024775000521913
n1_d64_r3,1,64,3,11,0.001,0.5055495980195701,0.5214276015758514,0.23104687500745058
n1_d64_r3,1,64,3,12,0.001,0.5039228193927556,0.5213307291269302,0.23052208399167284
n1_d64_r3,1,64,3,13,0.001,0.5030400096438825,0.5201676487922668,0.22888716700254008
n1_d64_r3,1,64,3,14,0.001,0.5022025757934898,0.5203903764486313,0.23129045800305903
n1_d64_r3,1,64,3,15,0.001,0.5016337307170033,0.5198319554328918,0.23311708302935585
n1_d64_r3,1,64,3,16,0.001,0.500919017707929,0.5202602595090866,0.26717391703277826
n1_d64_r3,1,64,3,17,0.001,0.5009110746905208,0.5203403234481812,0.2352593339746818
n1_d64_r3,1,64,3,18,0.001,0.4999388779979199,0.5209266245365143,0.22931579197756946
n1_d64_r3,1,64,3,19,0.001,0.5001288966741413,0.5200863480567932,0.23021091596456245
n1_d64_r3,1,64,3,20,0.001,0.49966523237526417,0.5205913931131363,0.22939983301330358
n1_d64_r3,1,64,3,21,0.001,0.4990223520435393,0.5217004120349884,0.23052912496495992
n1_d64_r3,1,64,3,22,0.001,0.4989038622006774,0.5227104723453522,0.22913845803122967
n1_d64_r3,1,64,3,23,0.001,0.4988562238868326,0.5213002562522888,0.22838733298704028
n1_d64_r3,1,64,3,24,0.0005,0.4971791508141905,0.5209423005580902,0.27521204197546467
n1_d64_r3,1,64,3,25,0.0005,0.49695284594781697,0.5216801464557648,0.23124587500933558
n1_d64_r3,1,64,3,26,0.0005,0.49660823261365294,0.5213848948478699,0.23057241697097197
n1_d64_r3,1,64,3,27,0.0005,0.49656664696522057,0.521598145365715,0.2285677919862792
n1_d64_r3,1,64,3,28,0.0005,0.4964414085261524,0.5211735218763351,0.2301688330480829
n1_d64_r3,1,64,3,29,0.0005,0.49638677947223186,0.5215102285146713,0.23072987498017028
n1_d64_r3,1,64,3,30,0.0005,0.4962491448968649,0.5214259922504425,0.2292771670036018
n1_d64_r3,1,64,3,31,0.0005,0.496007748413831,0.5215725153684616,0.23021654097829014
n1_d64_r3,1,64,3,32,0.00025,0.4952351173851639,0.5215255469083786,0.2691491660079919
n1_d64_r3,1,64,3,33,0.00025,0.49510131613351405,0.5214667320251465,0.237384874955751
n1_d64_r3,1,64,3,34,0.00025,0.49505814956501126,0.5214592069387436,0.23137095797574148
n1_d64_r3,1,64,3,35,0.00025,0.4949823059141636,0.5215954035520554,0.2308145830174908
n1_d128_r3,1,128,3,1,0.001,1.0197944175451994,0.905410572886467,0.23955462500452995
n1_d128_r3,1,128,3,2,0.001,0.7768246922641993,0.6930381506681442,0.23524016700685024
n1_d128_r3,1,128,3,3,0.001,0.6019544859882444,0.5930859744548798,0.23572162498021498
n1_d128_r3,1,128,3,4,0.001,0.5488656274974346,0.5681923627853394,0.2730695829959586
n1_d128_r3,1,128,3,5,0.001,0.5284975792746991,0.5531248152256012,0.24198608298320323
n1_d128_r3,1,128,3,6,0.001,0.5160028524696827,0.5448094606399536,0.23980579199269414
n1_d128_r3,1,128,3,7,0.001,0.5078457901254296,0.5379687696695328,0.2409288749913685
n1_d128_r3,1,128,3,8,0.001,0.5014967785682529,0.5352823138237,0.23544124996988103
n1_d128_r3,1,128,3,9,0.001,0.49755478906445205,0.5327283442020416,0.23718029097653925
n1_d128_r3,1,128,3,10,0.001,0.49434812320396304,0.5299535989761353,0.23690166597953066
n1_d128_r3,1,128,3,11,0.001,0.491636737016961,0.5291820466518402,0.23920562502462417
n1_d128_r3,1,128,3,12,0.001,0.4902189648710191,0.5301458984613419,0.2693394160014577
n1_d128_r3,1,128,3,13,0.001,0.4882690408267081,0.5279279500246048,0.24013620801270008
n1_d128_r3,1,128,3,14,0.001,0.4864657623693347,0.5290336608886719,0.23856116598472
n1_d128_r3,1,128,3,15,0.001,0.4850986604578793,0.528617799282074,0.24500266596442088
n1_d128_r3,1,128,3,16,0.001,0.4838599283248186,0.526902511715889,0.2360157499788329
n1_d128_r3,1,128,3,17,0.001,0.4826507398393005,0.5295242518186569,0.2373163330485113
n1_d128_r3,1,128,3,18,0.001,0.4817848748061806,0.529558926820755,0.2364936670055613
n1_d128_r3,1,128,3,19,0.001,0.47987416898831725,0.5308062881231308,0.2395883749704808
n1_d128_r3,1,128,3,20,0.001,0.47940984927117825,0.5306471139192581,0.2682902919477783
n1_d128_r3,1,128,3,21,0.001,0.478129826951772,0.5310845971107483,0.24028241698397323
n1_d128_r3,1,128,3,22,0.001,0.47699529211968184,0.5314833968877792,0.23729979200288653
n1_d128_r3,1,128,3,23,0.001,0.4766609852667898,0.5316189229488373,0.24193725001532584
n1_d128_r3,1,128,3,24,0.001,0.47568853897973895,0.5322250574827194,0.24160974996630102
n1_d128_r3,1,128,3,25,0.0005,0.4716697174590081,0.5325905382633209,0.23628908296814188
n1_d128_r3,1,128,3,26,0.0005,0.47105964203365147,0.5328654199838638,0.2366657080128789
n1_d128_r3,1,128,3,27,0.0005,0.4707120009697974,0.5332377851009369,0.2397175829974003
n1_d128_r3,1,128,3,28,0.0005,0.4702473455108702,0.534235343337059,0.26784595899516717
n1_d128_r3,1,128,3,29,0.0005,0.46989928069524467,0.5349316745996475,0.2413085840526037
n1_d128_r3,1,128,3,30,0.0005,0.4695681491866708,0.5347576290369034,0.23747520800679922
n1_d128_r3,1,128,3,31,0.0005,0.4692890774458647,0.5354196727275848,0.24220487504499033
n1_d128_r3,1,128,3,32,0.0005,0.4689295750577003,0.5356870740652084,0.24266945902490988
n1_d128_r3,1,128,3,33,0.00025,0.4669077347498387,0.5359865576028824,0.23384883301332593
n1_d128_r3,1,128,3,34,0.00025,0.4665948294568807,0.5362420231103897,0.2352801249944605
n1_d128_r3,1,128,3,35,0.00025,0.4664266090840101,0.5366409420967102,0.23538074997486547
n1_d128_r3,1,128,3,36,0.00025,0.46624562493525445,0.5369919836521149,0.271992624970153
n1_d256_r3,1,256,3,1,0.001,0.9477215167135,0.8019408583641052,0.24108141602482647
n1_d256_r3,1,256,3,2,0.001,0.6711896860506386,0.6379358470439911,0.2392043749568984
n1_d256_r3,1,256,3,3,0.001,0.5580369718372822,0.5972494035959244,0.23858195904176682
n1_d256_r3,1,256,3,4,0.001,0.5199052325915545,0.5801552385091782,0.23959237500093877
n1_d256_r3,1,256,3,5,0.001,0.4971096196677536,0.5743723809719086,0.24493708298541605
n1_d256_r3,1,256,3,6,0.001,0.48090517218224704,0.5687546283006668,0.24079858302138746
n1_d256_r3,1,256,3,7,0.001,0.46895243995822966,0.5709240138530731,0.23869904200546443
n1_d256_r3,1,256,3,8,0.001,0.45980518986471,0.5656651854515076,0.28082970797549933
n1_d256_r3,1,256,3,9,0.001,0.4513656669296324,0.5701928585767746,0.23895725002512336
n1_d256_r3,1,256,3,10,0.001,0.4450763897038996,0.5712784826755524,0.2401342919911258
n1_d256_r3,1,256,3,11,0.001,0.43867754959501326,0.5741609930992126,0.23959183297120035
n1_d256_r3,1,256,3,12,0.001,0.43276818422600627,0.5801361203193665,0.2397859170450829
n1_d256_r3,1,256,3,13,0.001,0.42769787972792983,0.5803538113832474,0.24420124996686354
n1_d256_r3,1,256,3,14,0.001,0.42270492552779615,0.5834453999996185,0.239328249997925
n1_d256_r3,1,256,3,15,0.001,0.41899936902336776,0.5833266973495483,0.2393840829608962
n1_d256_r3,1,256,3,16,0.001,0.4146557538770139,0.5918936878442764,0.27821854199282825
n1_d256_r3,1,256,3,17,0.0005,0.40205551218241453,0.592881590127945,0.23898883303627372
n1_d256_r3,1,256,3,18,0.0005,0.39881496760062873,0.5984140485525131,0.2389964169706218
n1_d256_r3,1,256,3,19,0.0005,0.39693054067902267,0.5974369943141937,0.2370647499919869
n1_d256_r3,1,256,3,20,0.0005,0.3948888345621526,0.6047631204128265,0.24169370799791068
n1_d256_r3,1,256,3,21,0.0005,0.3932102320250124,0.6033233553171158,0.23863904096651822
n1_d256_r3,1,256,3,22,0.0005,0.3915629892144352,0.6063116639852524,0.2437608750187792
n1_d256_r3,1,256,3,23,0.0005,0.3896117846015841,0.6078650802373886,0.2381027500377968
n1_d256_r3,1,256,3,24,0.0005,0.3884633013512939,0.6110911518335342,0.2814627079642378
n1_d256_r3,1,256,3,25,0.00025,0.38143934519030154,0.6130602359771729,0.23861587495775893
n1_d256_r3,1,256,3,26,0.00025,0.38020579400472343,0.6149917542934418,0.23658954200800508
n1_d256_r3,1,256,3,27,0.00025,0.3793231106828898,0.6161687821149826,0.23995695798657835
n1_d256_r3,1,256,3,28,0.00025,0.3786445807199925,0.6170635968446732,0.2393189159920439
n1_d512_r3,1,512,3,1,0.001,1.1405683914199471,0.9012622833251953,0.2743883749935776
n1_d512_r3,1,512,3,2,0.001,0.7048247936181724,0.6759014576673508,0.2823132920311764
n1_d512_r3,1,512,3,3,0.001,0.525212787790224,0.63327556848526,0.31353425001725554
n1_d512_r3,1,512,3,4,0.001,0.4532566010020673,0.62434221804142,0.2740068749990314
n1_d512_r3,1,512,3,5,0.001,0.4072680252138525,0.6220495104789734,0.27247854199958965
n1_d512_r3,1,512,3,6,0.001,0.3737778889480978,0.6323651373386383,0.2742211250006221
n1_d512_r3,1,512,3,7,0.001,0.3440597199369222,0.6411619782447815,0.27185904199723154
n1_d512_r3,1,512,3,8,0.001,0.318105835118331,0.6638304740190506,0.27272520802216604
n1_d512_r3,1,512,3,9,0.001,0.2950390132609755,0.6853908449411392,0.28151124995201826
n1_d512_r3,1,512,3,10,0.001,0.2719060139497742,0.7090405374765396,0.2735613750410266
n1_d512_r3,1,512,3,11,0.001,0.252170740859583,0.725221112370491,0.3132073750020936
n1_d512_r3,1,512,3,12,0.001,0.23461327550467104,0.7559716403484344,0.2755721669527702
n1_d512_r3,1,512,3,13,0.001,0.21843807550612837,0.764685794711113,0.274385875032749
n1_d512_r3,1,512,3,14,0.0005,0.18256757967174053,0.7761621922254562,0.2760585829964839
n1_d512_r3,1,512,3,15,0.0005,0.17073005239944905,0.7941864132881165,0.27207375003490597
n1_d512_r3,1,512,3,16,0.0005,0.1629777139169164,0.8106641322374344,0.2731298749567941
n1_d512_r3,1,512,3,17,0.0005,0.15656072838464752,0.8241280913352966,0.2784869589959271
n1_d512_r3,1,512,3,18,0.0005,0.15100111108040437,0.8384994864463806,0.27433166600530967
n1_d512_r3,1,512,3,19,0.0005,0.14549727964913473,0.8506664633750916,0.3141649999888614
n1_d512_r3,1,512,3,20,0.0005,0.14045690832426772,0.8608396947383881,0.27111333300126716
n1_d512_r3,1,512,3,21,0.0005,0.13518114609178156,0.8709110468626022,0.27486183296423405
n1_d512_r3,1,512,3,22,0.00025,0.11980507295811549,0.8785733580589294,0.27319266699487343
n1_d512_r3,1,512,3,23,0.00025,0.11593513609841466,0.8875759243965149,0.2720184999634512
n1_d512_r3,1,512,3,24,0.00025,0.11351085978094488,0.8957870453596115,0.2806872499641031
n1_d512_r3,1,512,3,25,0.00025,0.11157790973084047,0.902909904718399,0.2772240829654038
n1_d1024_r3,1,1024,3,1,0.001,0.9638571823015809,0.7969939857721329,0.3314681249903515
n1_d1024_r3,1,1024,3,2,0.001,0.545359282521531,0.6592001765966415,0.29326945898355916
n1_d1024_r3,1,1024,3,3,0.001,0.3496282093692571,0.6709261238574982,0.2911895830184221
n1_d1024_r3,1,1024,3,4,0.001,0.2379684600746259,0.7193785756826401,0.31584058300359175
n1_d1024_r3,1,1024,3,5,0.001,0.15677841374417767,0.7556380778551102,0.2956564159831032
n1_d1024_r3,1,1024,3,6,0.001,0.09867795754689723,0.7802545428276062,0.3009394580149092
n1_d1024_r3,1,1024,3,7,0.001,0.06259020004654303,0.8097130656242371,0.29268774995580316
n1_d1024_r3,1,1024,3,8,0.001,0.041493182128760964,0.8133709728717804,0.2942812919500284
n1_d1024_r3,1,1024,3,9,0.001,0.02966698473028373,0.8239863961935043,0.3307745829806663
n1_d1024_r3,1,1024,3,10,0.001,0.023502637559431605,0.8242066353559494,0.29231083299964666
n1_d1024_r3,1,1024,3,11,0.0005,0.014842329517705366,0.8192787319421768,0.29188491601962596
n1_d1024_r3,1,1024,3,12,0.0005,0.005004933840609738,0.8236718028783798,0.2926602920051664
n1_d1024_r3,1,1024,3,13,0.0005,0.00246760567642923,0.8261260390281677,0.3016336659784429
n1_d1024_r3,1,1024,3,14,0.0005,0.0014636159921792569,0.8279824107885361,0.2909055409836583
n1_d1024_r3,1,1024,3,15,0.0005,0.0009428431817468663,0.8299139887094498,0.29276216600555927
n1_d1024_r3,1,1024,3,16,0.0005,0.0006677094640963332,0.8316989690065384,0.2930515830521472
n1_d1024_r3,1,1024,3,17,0.0005,0.0004854388687363098,0.8331269323825836,0.33310733299003914
n1_d1024_r3,1,1024,3,18,0.0005,0.00038127512414121156,0.8337416350841522,0.29173708404414356
n1_d1024_r3,1,1024,3,19,0.00025,0.0002660307234236825,0.8339197486639023,0.2926464579650201
n1_d1024_r3,1,1024,3,20,0.00025,0.00014306734766478257,0.8342373669147491,0.30365020799217746
n1_d1024_r3,1,1024,3,21,0.00025,0.00010832639642899267,0.8346114158630371,0.29213787498883903
n1_d1024_r3,1,1024,3,22,0.00025,9.120219645808447e-05,0.8348358869552612,0.29547883302439004
n1_d2048_r3,1,2048,3,1,0.001,0.9536307719536126,0.8121457993984222,0.34463791601592675
n1_d2048_r3,1,2048,3,2,0.001,0.40809798892587423,0.7311783134937286,0.3765972499968484
n1_d2048_r3,1,2048,3,3,0.001,0.15410114743281156,0.719253808259964,0.3360469170147553
n1_d2048_r3,1,2048,3,4,0.001,0.06286285887472332,0.7119827568531036,0.3522759170155041
n1_d2048_r3,1,2048,3,5,0.001,0.03942411362368148,0.7018522918224335,0.34076399996411055
n1_d2048_r3,1,2048,3,6,0.001,0.033029394602635875,0.7036595791578293,0.33497537503717467
n1_d2048_r3,1,2048,3,7,0.001,0.03263624769169837,0.6973646730184555,0.3397817499935627
n1_d2048_r3,1,2048,3,8,0.001,0.03408285428304225,0.692396879196167,0.33668375003617257
n1_d2048_r3,1,2048,3,9,0.001,0.035189193484256975,0.6906523257493973,0.3362132079782896
n1_d2048_r3,1,2048,3,10,0.001,0.0348777938488638,0.6947867125272751,0.38944050000282004
n1_d2048_r3,1,2048,3,11,0.001,0.032531411066884175,0.6797312051057816,0.34008279198314995
n1_d2048_r3,1,2048,3,12,0.001,0.02934810948499944,0.6765826344490051,0.3402549999882467
n1_d2048_r3,1,2048,3,13,0.001,0.027622095207334496,0.6774073988199234,0.33946870802901685
n1_d2048_r3,1,2048,3,14,0.001,0.02552777496748604,0.6710067838430405,0.3452818330260925
n1_d2048_r3,1,2048,3,15,0.001,0.023595792081323452,0.6661668717861176,0.33634766697650775
n1_d2048_r3,1,2048,3,16,0.001,0.0234455339377746,0.665709376335144,0.3445422920049168
n1_d2048_r3,1,2048,3,17,0.001,0.023093756797607057,0.6553096026182175,0.3692971669952385
n1_d2048_r3,1,2048,3,18,0.001,0.02257453887432348,0.6605389416217804,0.34146058303304017
n1_d2048_r3,1,2048,3,19,0.001,0.02212859725113958,0.6503388583660126,0.33446979196742177
n1_d2048_r3,1,2048,3,20,0.001,0.0218507537356345,0.6549978107213974,0.3334707919857465
n1_d2048_r3,1,2048,3,21,0.001,0.021298619511071593,0.6509043127298355,0.3421653750119731
n1_d2048_r3,1,2048,3,22,0.001,0.021042603068053722,0.6522139459848404,0.34280579100595787
n1_d2048_r3,1,2048,3,23,0.001,0.020712912344606593,0.6494163870811462,0.33852062502410263
n1_d2048_r3,1,2048,3,24,0.001,0.020618796668713912,0.6508544981479645,0.338701291999314
n1_d2048_r3,1,2048,3,25,0.001,0.0206452560814796,0.6466490030288696,0.33655983401695266
n1_d2048_r3,1,2048,3,26,0.001,0.020229901892889757,0.6445542126893997,0.37264312501065433
n1_d2048_r3,1,2048,3,27,0.001,0.01979319324163953,0.6441522538661957,0.3393709999509156
n1_d2048_r3,1,2048,3,28,0.001,0.018897367524914443,0.6321856826543808,0.34673491696594283
n1_d2048_r3,1,2048,3,29,0.001,0.018480101934983395,0.640942171216011,0.33936558302957565
n1_d2048_r3,1,2048,3,30,0.001,0.01798660594795365,0.6370379030704498,0.3396569999749772
n1_d2048_r3,1,2048,3,31,0.001,0.01795321267854888,0.6328022927045822,0.33541679102927446
n1_d2048_r3,1,2048,3,32,0.001,0.018054985368507914,0.6353292465209961,0.3354423749842681
n1_d2048_r3,1,2048,3,33,0.001,0.017631039605475962,0.6364227682352066,0.3734279159689322
n1_d2048_r3,1,2048,3,34,0.001,0.01709621152986074,0.6376583576202393,0.34867245802888647
n1_d2048_r3,1,2048,3,35,0.001,0.017097754280257504,0.6314549744129181,0.33556862495606765
n1_d2048_r3,1,2048,3,36,0.001,0.016646408708766103,0.6358940005302429,0.3412873750203289
n1_d2048_r3,1,2048,3,37,0.001,0.015942778161843307,0.6323245316743851,0.33757899998454377
n1_d2048_r3,1,2048,3,38,0.001,0.01531626534415409,0.6344093233346939,0.33896833297330886
n1_d2048_r3,1,2048,3,39,0.001,0.014779055527469609,0.6301555782556534,0.34286479104775935
n1_d2048_r3,1,2048,3,40,0.001,0.014855967201583553,0.6318492889404297,0.3443733330350369
n1_d2048_r3,1,2048,3,41,0.001,0.014986493762989994,0.628739207983017,0.332227208011318
n1_d2048_r3,1,2048,3,42,0.001,0.015165866359893698,0.6349339038133621,0.3857049169600941
n1_d2048_r3,1,2048,3,43,0.001,0.015669751395762432,0.6241695284843445,0.34060075000161305
n1_d2048_r3,1,2048,3,44,0.001,0.01569066937372554,0.6329361647367477,0.3392385420156643
n1_d2048_r3,1,2048,3,45,0.001,0.015006355388322845,0.6266132742166519,0.33556383301038295
n1_d2048_r3,1,2048,3,46,0.001,0.014411332369490992,0.6256122887134552,0.344636041962076
n1_d2048_r3,1,2048,3,47,0.001,0.013614268464152701,0.6255399435758591,0.3423593749757856
n1_d2048_r3,1,2048,3,48,0.001,0.013213488782639615,0.624612882733345,0.33669595804531127
n1_d2048_r3,1,2048,3,49,0.001,0.01269110260909656,0.625866025686264,0.33695195900509134
n1_d2048_r3,1,2048,3,50,0.001,0.012095883044821676,0.623913437128067,0.3767314580036327
n1_d2048_r3,1,2048,3,51,0.001,0.012065618189808447,0.6254080086946487,0.33644895802717656
n1_d2048_r3,1,2048,3,52,0.001,0.012124730674258899,0.622582271695137,0.346544542000629
n1_d2048_r3,1,2048,3,53,0.001,0.012034109044179786,0.6245792061090469,0.34076220798306167
n1_d2048_r3,1,2048,3,54,0.001,0.012312961487623397,0.6230050772428513,0.33580733300186694
n1_d2048_r3,1,2048,3,55,0.001,0.012690269875747617,0.626101940870285,0.33652270800666884
n1_d2048_r3,1,2048,3,56,0.001,0.012754925832268782,0.6232407689094543,0.3434013330261223
n1_d2048_r3,1,2048,3,57,0.001,0.01220046518574236,0.6176288574934006,0.37142779101850465
n1_d2048_r3,1,2048,3,58,0.001,0.011865762098750565,0.6206855922937393,0.3487991669680923
n1_d2048_r3,1,2048,3,59,0.001,0.01151852153998334,0.6144755482673645,0.34244508296251297
n1_d2048_r3,1,2048,3,60,0.001,0.011073835077695549,0.6198204308748245,0.33586933300830424
n1_d2048_r3,1,2048,3,61,0.001,0.010911149081948679,0.6135509312152863,0.34191204101080075
n1_d2048_r3,1,2048,3,62,0.001,0.010495197850104887,0.6160431355237961,0.34034445899305865
n1_d2048_r3,1,2048,3,63,0.001,0.010340189630369423,0.6193160563707352,0.3350092909531668
n1_d2048_r3,1,2048,3,64,0.001,0.010511091728403699,0.6178595423698425,0.3457280420116149
n1_d2048_r3,1,2048,3,65,0.001,0.010625317561789416,0.617194414138794,0.3806015830487013
n1_d2048_r3,1,2048,3,66,0.001,0.010498449468286708,0.6190167665481567,0.340387667005416
n1_d2048_r3,1,2048,3,67,0.001,0.010363825611420907,0.6174594610929489,0.33435216697398573
n1_d2048_r3,1,2048,3,68,0.001,0.010119455655512866,0.6180591136217117,0.3468241250375286
n1_d2048_r3,1,2048,3,69,0.001,0.009835117791226367,0.616347074508667,0.3390139159746468
n1_d2048_r3,1,2048,3,70,0.0005,0.007851940205000574,0.6115602999925613,0.341536832973361
n1_d2048_r3,1,2048,3,71,0.0005,0.001406907905220578,0.6113954931497574,0.34350341703975573
n1_d2048_r3,1,2048,3,72,0.0005,0.0003389003688880621,0.6113589555025101,0.33826633397256956
n1_d2048_r3,1,2048,3,73,0.0005,9.163009104895536e-05,0.6116407364606857,0.3822181249852292
n1_d2048_r3,1,2048,3,74,0.0005,2.678346781692653e-05,0.6115415245294571,0.33506866701645777
n1_d2048_r3,1,2048,3,75,0.0005,8.021139368707964e-06,0.6115360409021378,0.3364005840267055
n1_d2048_r3,1,2048,3,76,0.0005,2.8377159981829436e-06,0.6115542501211166,0.34832858300069347
n1_d2048_r3,1,2048,3,77,0.0005,1.2474805739515205e-06,0.6115452945232391,0.33965849998639897
n1_d2048_r3,1,2048,3,78,0.0005,6.729562183060978e-07,0.6115327179431915,0.33653162501286715
n1_d2048_r3,1,2048,3,79,0.0005,4.377628675111822e-07,0.6115322560071945,0.337119750038255
n1_d2048_r3,1,2048,3,80,0.0005,3.7755888993018516e-07,0.6115453541278839,0.3352764999726787
n1_d2048_r3,1,2048,3,81,0.00025,3.342743202239262e-07,0.611541673541069,0.37068625004030764
n1_d2048_r3,1,2048,3,82,0.00025,5.490469454083602e-08,0.6115402281284332,0.34677824995014817
n1_d2048_r3,1,2048,3,83,0.00025,1.330786163905584e-08,0.6115440130233765,0.3350416659959592
n1_d2048_r3,1,2048,3,84,0.00025,3.481761252574489e-09,0.6115440130233765,0.33451570896431804
n1_d2048_r3,1,2048,3,85,0.00025,1.0188268332288197e-09,0.6115442961454391,0.33955449995119125
n1_d2048_r3,1,2048,3,86,0.00025,3.4279290809981905e-10,0.6115447580814362,0.33378887502476573
n1_d2048_r3,1,2048,3,87,0.00025,1.4009964764910912e-10,0.6115445643663406,0.3345542079769075
n1_d2048_r3,1,2048,3,88,0.00025,7.022074637258804e-11,0.6115445494651794,0.34894362499471754
n1_d2048_r3,1,2048,3,89,0.000125,4.5044047593430225e-11,0.6115445494651794,0.3735751659842208
n1_d2048_r3,1,2048,3,90,0.000125,6.306981280686458e-12,0.6115445047616959,0.3378621250158176
n1_d2048_r3,1,2048,3,91,0.000125,1.7334447179596338e-12,0.6115444898605347,0.3436636659898795
n1_d2048_r3,1,2048,3,92,0.000125,8.443877256169468e-13,0.6115444898605347,0.3370239580399357
n1_d4096_r3,1,4096,3,1,0.001,1.0221910229884088,0.9707317352294922,0.5002486250014044
n1_d4096_r3,1,4096,3,2,0.001,0.7426876658573747,0.8028343617916107,0.47067479201359674
n1_d4096_r3,1,4096,3,3,0.001,0.27275412948802114,0.7434421628713608,0.45537545904517174
n1_d4096_r3,1,4096,3,4,0.001,0.07686680689221248,0.7311541587114334,0.49417399999219924
n1_d4096_r3,1,4096,3,5,0.001,0.04006027025752701,0.7175980657339096,0.4563804589561187
n1_d4096_r3,1,4096,3,6,0.001,0.029105035617249086,0.7120581865310669,0.4573197080171667
n1_d4096_r3,1,4096,3,7,0.001,0.024396647087996826,0.7087357342243195,0.4513675839989446
n1_d4096_r3,1,4096,3,8,0.001,0.02378265258448664,0.709705576300621,0.45956366596510634
n1_d4096_r3,1,4096,3,9,0.001,0.02497010883234907,0.7034300118684769,0.4528663749806583
n1_d4096_r3,1,4096,3,10,0.001,0.028217884595505893,0.7073537260293961,0.46296795801026747
n1_d4096_r3,1,4096,3,11,0.001,0.030186152158421464,0.6986499428749084,0.46439804194960743
n1_d4096_r3,1,4096,3,12,0.001,0.03117633679357823,0.7018308490514755,0.49377795902546495
n1_d4096_r3,1,4096,3,13,0.001,0.030009822265128605,0.6970427185297012,0.45285195898031816
n1_d4096_r3,1,4096,3,14,0.001,0.028221977438079193,0.6989500224590302,0.4605587919941172
n1_d4096_r3,1,4096,3,15,0.001,0.026446101983310655,0.697175994515419,0.4660688749863766
n1_d4096_r3,1,4096,3,16,0.001,0.024769478593952954,0.69317427277565,0.46611908299382776
n1_d4096_r3,1,4096,3,17,0.001,0.022993531107204035,0.6932381242513657,0.4668509580078535
n1_d4096_r3,1,4096,3,18,0.001,0.02259774654521607,0.6874927431344986,0.45722937502432615
n1_d4096_r3,1,4096,3,19,0.001,0.022038366543711163,0.6911910027265549,0.4555870830081403
n1_d4096_r3,1,4096,3,20,0.001,0.02162340749055147,0.6878198534250259,0.5071570420404896
n1_d4096_r3,1,4096,3,21,0.001,0.021718376454373356,0.6833525896072388,0.4595149999950081
n1_d4096_r3,1,4096,3,22,0.001,0.021090617519803345,0.6875681579113007,0.4546920420252718
n1_d4096_r3,1,4096,3,23,0.001,0.020255701048881747,0.6851073503494263,0.4590245420113206
n1_d4096_r3,1,4096,3,24,0.001,0.02011420041526435,0.6851600110530853,0.4640337920282036
n1_d4096_r3,1,4096,3,25,0.001,0.02063544096017722,0.6812922656536102,0.46685174998128787
n1_d4096_r3,1,4096,3,26,0.001,0.020408461459737737,0.6801194250583649,0.4638541669701226
n1_d4096_r3,1,4096,3,27,0.001,0.019845012539008167,0.6770715862512589,0.5025025000213645
n1_d4096_r3,1,4096,3,28,0.001,0.0198591861553723,0.6823997646570206,0.47040350001771003
n1_d4096_r3,1,4096,3,29,0.001,0.019757393027248327,0.6735641956329346,0.46621037501608953
n1_d4096_r3,1,4096,3,30,0.001,0.01931610279279994,0.680976077914238,0.45421770797111094
n1_d4096_r3,1,4096,3,31,0.001,0.019235692205256782,0.6727675050497055,0.4584241670090705
n1_d4096_r3,1,4096,3,32,0.001,0.019284208945464343,0.6721509993076324,0.4547217089566402
n1_d4096_r3,1,4096,3,33,0.001,0.018381864319962915,0.6698738038539886,0.4741010410361923
n1_d4096_r3,1,4096,3,34,0.001,0.017452299543947447,0.6680764853954315,0.4571387500036508
n1_d4096_r3,1,4096,3,35,0.001,0.017146656013210304,0.6688178777694702,0.4972130830283277
n1_d4096_r3,1,4096,3,36,0.001,0.01733081728889374,0.6679179519414902,0.4602284170105122
n1_d4096_r3,1,4096,3,37,0.001,0.016553881112486124,0.6631051152944565,0.4644185419892892
n1_d4096_r3,1,4096,3,38,0.001,0.01596513883851003,0.666744589805603,0.45616945798974484
n1_d4096_r3,1,4096,3,39,0.001,0.015808402451511938,0.6640595346689224,0.4507311669876799
n1_d4096_r3,1,4096,3,40,0.001,0.015212322694424074,0.670048713684082,0.45829704200150445
n1_d4096_r3,1,4096,3,41,0.001,0.015362791142251808,0.6619204133749008,0.45846620900556445
n1_d4096_r3,1,4096,3,42,0.001,0.015791853620612528,0.6622645556926727,0.4754798339563422
n1_d4096_r3,1,4096,3,43,0.001,0.015490897196286824,0.6565749645233154,0.49019979196600616
n1_d4096_r3,1,4096,3,44,0.001,0.01508396452118177,0.6601289808750153,0.46589429199229926
n1_d4096_r3,1,4096,3,45,0.001,0.014509897904645186,0.6603655517101288,0.454296667012386
n1_d4096_r3,1,4096,3,46,0.001,0.013868516456568614,0.6584244072437286,0.4711160829756409
n1_d4096_r3,1,4096,3,47,0.001,0.013420975301414728,0.6584298014640808,0.4542310829856433
n1_d4096_r3,1,4096,3,48,0.001,0.0133378777463804,0.6536433398723602,0.45970083301654086
n1_d4096_r3,1,4096,3,49,0.001,0.013294571945152711,0.6550514101982117,0.45472166704712436
n1_d4096_r3,1,4096,3,50,0.001,0.013089846113871317,0.6540769040584564,0.45633262500632554
n1_d4096_r3,1,4096,3,51,0.001,0.013151971557817888,0.6523633748292923,0.538941791979596
n1_d4096_r3,1,4096,3,52,0.001,0.0134302268124884,0.6550360471010208,0.46202154201455414
n1_d4096_r3,1,4096,3,53,0.001,0.01313009622390382,0.6522752791643143,0.470400582998991
n1_d4096_r3,1,4096,3,54,0.001,0.01330266104923794,0.6501868069171906,0.4575218749814667
n1_d4096_r3,1,4096,3,55,0.001,0.013141222974809352,0.652349442243576,0.47929800004931167
n1_d4096_r3,1,4096,3,56,0.001,0.012331602454651147,0.6504964679479599,0.4634308749809861
n1_d4096_r3,1,4096,3,57,0.001,0.011762509035179392,0.6473078578710556,0.46347408404108137
n1_d4096_r3,1,4096,3,58,0.001,0.011016764496162068,0.6505317687988281,0.4553813749807887
n1_d4096_r3,1,4096,3,59,0.001,0.010765125451143831,0.6442921310663223,0.5077450830140151
n1_d4096_r3,1,4096,3,60,0.001,0.011051847162889317,0.646918997168541,0.46802608302095905
n1_d4096_r3,1,4096,3,61,0.001,0.01094291778645129,0.6467111855745316,0.46733483299613
n1_d4096_r3,1,4096,3,62,0.001,0.010989776284986874,0.6481388211250305,0.46174895798321813
n1_d4096_r3,1,4096,3,63,0.001,0.010646794420608785,0.6421379297971725,0.46770174999255687
n1_d4096_r3,1,4096,3,64,0.001,0.010370096446422394,0.6450528800487518,0.47375716600799933
n1_d4096_r3,1,4096,3,65,0.001,0.009970118684577756,0.6447501927614212,0.463769958994817
n1_d4096_r3,1,4096,3,66,0.001,0.010063836441986496,0.6432432383298874,0.4558710000128485
n1_d4096_r3,1,4096,3,67,0.001,0.01026838572579436,0.6423903256654739,0.5035072910250165
n1_d4096_r3,1,4096,3,68,0.001,0.009812742784561124,0.6470219194889069,0.467676708009094
n1_d4096_r3,1,4096,3,69,0.001,0.009684174390713451,0.6431499421596527,0.4642166669946164
n1_d4096_r3,1,4096,3,70,0.001,0.009564911480993032,0.6423111110925674,0.46018816699506715
n1_d4096_r3,1,4096,3,71,0.001,0.009499901952949585,0.6421868056058884,0.47930945904226974
n1_d4096_r3,1,4096,3,72,0.0005,0.008072279273619642,0.6380974799394608,0.46379199996590614
n1_d4096_r3,1,4096,3,73,0.0005,0.0011592418295549578,0.6379425674676895,0.4744797919993289
n1_d4096_r3,1,4096,3,74,0.0005,0.00022207473341495643,0.6376228779554367,0.4623108329833485
n1_d4096_r3,1,4096,3,75,0.0005,4.7955654252973545e-05,0.6373372375965118,0.45999875001143664
n1_d4096_r3,1,4096,3,76,0.0005,1.2198639254279442e-05,0.6373478770256042,0.5099967920104973
n1_d4096_r3,1,4096,3,77,0.0005,4.06097054650445e-06,0.6373110115528107,0.46998162497766316
n1_d4096_r3,1,4096,3,78,0.0005,1.8874934077928174e-06,0.6373177319765091,0.46773674996802583
n1_d4096_r3,1,4096,3,79,0.0005,1.3506171603339112e-06,0.6372915953397751,0.46311841695569456
n1_d4096_r3,1,4096,3,80,0.0005,1.6989736666417343e-06,0.6373462378978729,0.46594108297722414
n1_d4096_r3,1,4096,3,81,0.0005,2.3829282236320637e-06,0.6372824609279633,0.4572436669841409
n1_d4096_r3,1,4096,3,82,0.0005,2.7939939348797793e-06,0.6373357474803925,0.4733981659519486
n1_d4096_r3,1,4096,3,83,0.0005,5.172481042592381e-06,0.637321412563324,0.4653428749879822
n1_d4096_r3,1,4096,3,84,0.0005,1.166829430587768e-05,0.6373003572225571,0.5088874580105767
n1_d4096_r3,1,4096,3,85,0.0005,2.9501449184010653e-05,0.6373059153556824,0.46113466698443517
n1_d4096_r3,1,4096,3,86,0.0005,7.71864858961635e-05,0.6374230682849884,0.47817129199393094
n1_d4096_r3,1,4096,3,87,0.0005,0.00022381426009587813,0.637242928147316,0.4623968329979107
n1_d4096_r3,1,4096,3,88,0.0005,0.0007647743748293578,0.6377875208854675,0.4607560000149533
n1_d4096_r3,1,4096,3,89,0.0005,0.0027294217279631994,0.6386821120977402,0.4621951670269482
n1_d4096_r3,1,4096,3,90,0.0005,0.007516182096878765,0.6427201479673386,0.46551679202821106
n1_d4096_r3,1,4096,3,91,0.0005,0.012226107166497968,0.6402126401662827,0.5100659999880008
n1_d4096_r3,1,4096,3,92,0.0005,0.010292951894371072,0.6383058726787567,0.4625849589938298
n1_d4096_r3,1,4096,3,93,0.0005,0.006156510440632701,0.6367390751838684,0.46214391698595136
n1_d4096_r3,1,4096,3,94,0.0005,0.003277363517554477,0.6362305581569672,0.4572400830220431
n1_d4096_r3,1,4096,3,95,0.0005,0.0018208696910733124,0.6359739899635315,0.47634887497406453
n1_d4096_r3,1,4096,3,96,0.0005,0.0011716853059624555,0.6350004822015762,0.458921667013783
n1_d4096_r3,1,4096,3,97,0.0005,0.000869451164817292,0.6357298493385315,0.46322441700613126
n1_d4096_r3,1,4096,3,98,0.0005,0.0007582941238979402,0.6345279812812805,0.4565765419974923
n1_d4096_r3,1,4096,3,99,0.0005,0.0008083417665147863,0.634899839758873,0.5187036670395173
n1_d4096_r3,1,4096,3,100,0.0005,0.0009899468132061884,0.6341804563999176,0.4658837909810245
n1_d4096_r3,1,4096,3,101,0.0005,0.0013416141846391838,0.6341942548751831,0.46000766701763496
n1_d4096_r3,1,4096,3,102,0.0005,0.0020100220817766967,0.6360540390014648,0.4555718750343658
n1_d4096_r3,1,4096,3,103,0.0005,0.003088612331339391,0.6358682960271835,0.45787183404900134
n1_d4096_r3,1,4096,3,104,0.0005,0.004279475317161996,0.637020617723465,0.4768267500330694
n1_d4096_r3,1,4096,3,105,0.0005,0.004995968636649195,0.6353523582220078,0.4594977500382811
n1_d4096_r3,1,4096,3,106,0.0005,0.005023045025154715,0.6367157250642776,0.46499737503472716
n1_d4096_r3,1,4096,3,107,0.0005,0.004224533857268398,0.6342535614967346,0.4997744159772992
n1_d4096_r3,1,4096,3,108,0.0005,0.0032324422791134566,0.6363360583782196,0.471386999997776
n1_d4096_r3,1,4096,3,109,0.00025,0.002172524183151836,0.6329668164253235,0.45678299997234717
n1_d4096_r3,1,4096,3,110,0.00025,0.0002918423170967799,0.6329825818538666,0.46786591701675206
n1_d4096_r3,1,4096,3,111,0.00025,5.3455030723625896e-05,0.6331314742565155,0.4577290840097703
n1_d4096_r3,1,4096,3,112,0.00025,1.0248208884178212e-05,0.6330188363790512,0.46655295800883323
n1_d4096_r3,1,4096,3,113,0.00025,2.108862221739116e-06,0.6330878287553787,0.47301508398959413
n1_d4096_r3,1,4096,3,114,0.00025,5.02674491364985e-07,0.6330817341804504,0.4685845000203699
n1_d4096_r3,1,4096,3,115,0.00025,1.6948330328059313e-07,0.6330765038728714,0.502057459030766
n1_d4096_r3,1,4096,3,116,0.00025,1.1909255481779013e-07,0.6330804824829102,0.46677120903041214
n1_d4096_r3,1,4096,3,117,0.00025,1.5765199332107294e-07,0.6330702900886536,0.4717487500165589
n1_d4096_r3,1,4096,3,118,0.000125,3.153816889589489e-07,0.6330827176570892,0.4669889170327224
n1_d4096_r3,1,4096,3,119,0.000125,3.5206537192522536e-08,0.6330824792385101,0.4583009170019068
n1_d4096_r3,1,4096,3,120,0.000125,8.178896586039097e-09,0.6330814957618713,0.4661824170034379
n1_d4096_r3,1,4096,3,121,0.000125,2.0871091456660384e-09,0.6330824494361877,0.4743300420232117
n1_d4096_r3,1,4096,3,122,0.000125,7.753592877338469e-10,0.6330819576978683,0.46228658297332004
n1_d4096_r3,1,4096,3,123,0.000125,4.385287837342048e-10,0.633082240819931,0.5080960410414264
n1_d4096_r3,1,4096,3,124,0.000125,4.3028984822652324e-10,0.6330816447734833,0.4636454579886049
n1_d4096_r3,1,4096,3,125,0.000125,5.173666950311195e-10,0.6330823451280594,0.469904207973741
n1_d4096_r3,1,4096,3,126,6.25e-05,6.920279329778161e-10,0.6330817490816116,0.47009604098275304
n1_d4096_r3,1,4096,3,127,6.25e-05,6.002937724810739e-11,0.6330820024013519,0.4642735830275342
n1_d4096_r3,1,4096,3,128,6.25e-05,1.0470391989135432e-11,0.6330819725990295,0.4590885000070557
n1_d4096_r3,1,4096,3,129,6.25e-05,2.2629283412807467e-12,0.6330819725990295,0.4650417920202017
n1_d64_r4,1,64,4,1,0.001,1.1246433411724865,0.9967439323663712,0.24356870795600116
n1_d64_r4,1,64,4,2,0.001,0.9464243818074465,0.84492227435112,0.23406491603236645
n1_d64_r4,1,64,4,3,0.001,0.7642582482658327,0.6462026536464691,0.23174745799042284
n1_d64_r4,1,64,4,4,0.001,0.5973071935586631,0.5477003157138824,0.23423879203619435
n1_d64_r4,1,64,4,5,0.001,0.5426825834438205,0.528063952922821,0.23270991700701416
n1_d64_r4,1,64,4,6,0.001,0.5261296594981104,0.5186445415019989,0.23204695800086483
n1_d64_r4,1,64,4,7,0.001,0.5173870578873903,0.514042004942894,0.23701275000348687
n1_d64_r4,1,64,4,8,0.001,0.5123248118907213,0.5106544569134712,0.23402008396806195
n1_d64_r4,1,64,4,9,0.001,0.5087680402211845,0.5078323185443878,0.2715407909709029
n1_d64_r4,1,64,4,10,0.001,0.506463234545663,0.506634920835495,0.2321253329864703
n1_d64_r4,1,64,4,11,0.001,0.5051290306728333,0.5042541921138763,0.23215179197723046
n1_d64_r4,1,64,4,12,0.001,0.5036303929518908,0.5048495605587959,0.23107070801779628
n1_d64_r4,1,64,4,13,0.001,0.5031971600838006,0.5032417997717857,0.2351567919831723
n1_d64_r4,1,64,4,14,0.001,0.502153963316232,0.5044161304831505,0.23225549998460338
n1_d64_r4,1,64,4,15,0.001,0.5019304757006466,0.5032557547092438,0.2317317079869099
n1_d64_r4,1,64,4,16,0.001,0.5015139249153435,0.5029234662652016,0.27357999997911975
n1_d64_r4,1,64,4,17,0.001,0.5009554112330079,0.5037852600216866,0.23889087495626882
n1_d64_r4,1,64,4,18,0.001,0.5006018851418048,0.502891942858696,0.23097770800814033
n1_d64_r4,1,64,4,19,0.001,0.5004359385930002,0.5027628466486931,0.2314279999700375
n1_d64_r4,1,64,4,20,0.001,0.49986738758161664,0.5034282431006432,0.22944979200838134
n1_d64_r4,1,64,4,21,0.001,0.49974617129191756,0.50174281001091,0.23435891600092873
n1_d64_r4,1,64,4,22,0.001,0.4994521075859666,0.503193661570549,0.23122566600795835
n1_d64_r4,1,64,4,23,0.001,0.499068109318614,0.5027636140584946,0.22996966703794897
n1_d64_r4,1,64,4,24,0.001,0.4986396241001785,0.5024304762482643,0.2748971249675378
n1_d64_r4,1,64,4,25,0.001,0.498345157597214,0.5029664486646652,0.2370007499703206
n1_d64_r4,1,64,4,26,0.001,0.49827503436245024,0.5035853162407875,0.23105587501777336
n1_d64_r4,1,64,4,27,0.001,0.4977785076480359,0.5037371218204498,0.22983066696906462
n1_d64_r4,1,64,4,28,0.001,0.4979327297769487,0.5036413297057152,0.23134958295850083
n1_d64_r4,1,64,4,29,0.001,0.4976337526459247,0.5036701858043671,0.23271170898806304
n1_d64_r4,1,64,4,30,0.0005,0.49615170038305223,0.5034367516636848,0.23153158300556242
n1_d64_r4,1,64,4,31,0.0005,0.49590845964848995,0.5038817152380943,0.23158591700484976
n1_d64_r4,1,64,4,32,0.0005,0.4956984978634864,0.5040033608675003,0.26527899998473004
n1_d64_r4,1,64,4,33,0.0005,0.4957261106465012,0.5043570697307587,0.23720237502129748
n1_d64_r4,1,64,4,34,0.0005,0.49561497988179326,0.5041779726743698,0.23470679199090227
n1_d64_r4,1,64,4,35,0.0005,0.4955699883867055,0.5040641278028488,0.22994320798898116
n1_d64_r4,1,64,4,36,0.0005,0.4954723264090717,0.5043954402208328,0.23189108399674296
n1_d64_r4,1,64,4,37,0.0005,0.4953555630054325,0.5047047063708305,0.2323560410295613
n1_d64_r4,1,64,4,38,0.00025,0.4946657351683825,0.5042769908905029,0.23145395796746016
n1_d64_r4,1,64,4,39,0.00025,0.49458026862703264,0.5044172406196594,0.23128258297219872
n1_d64_r4,1,64,4,40,0.00025,0.49444767087697983,0.5043873563408852,0.26415954204276204
n1_d64_r4,1,64,4,41,0.00025,0.4944950449280441,0.5043957084417343,0.23428420803975314
n1_d128_r4,1,128,4,1,0.001,1.0296158664859831,0.8939543515443802,0.24678783299168572
n1_d128_r4,1,128,4,2,0.001,0.804426362272352,0.6713966876268387,0.23656845896039158
n1_d128_r4,1,128,4,3,0.001,0.6061093432363123,0.5612031519412994,0.23804983304580674
n1_d128_r4,1,128,4,4,0.001,0.5489037097431719,0.5417332351207733,0.23811258299974725
n1_d128_r4,1,128,4,5,0.001,0.5291561367921531,0.5304088145494461,0.243244249955751
n1_d128_r4,1,128,4,6,0.001,0.5164711077231914,0.5222518891096115,0.27169224998215213
n1_d128_r4,1,128,4,7,0.001,0.508453578222543,0.517683319747448,0.24166033399524167
n1_d128_r4,1,128,4,8,0.001,0.5019956848118454,0.5148677825927734,0.23939391697058454
n1_d128_r4,1,128,4,9,0.001,0.49755333736538887,0.5143677964806557,0.2434040829539299
n1_d128_r4,1,128,4,10,0.001,0.49437388638034463,0.5121592581272125,0.24142745800781995
n1_d128_r4,1,128,4,11,0.001,0.49182869819924235,0.5132195949554443,0.23751112498575822
n1_d128_r4,1,128,4,12,0.001,0.4899950090330094,0.5114530548453331,0.2359016250120476
n1_d128_r4,1,128,4,13,0.001,0.4880629500839859,0.5120450705289841,0.24097654200159013
n1_d128_r4,1,128,4,14,0.001,0.4864516416564584,0.5124037936329842,0.2714283330133185
n1_d128_r4,1,128,4,15,0.001,0.48517471575178206,0.5135242193937302,0.2420659589697607
n1_d128_r4,1,128,4,16,0.001,0.4838200935628265,0.5150128826498985,0.23631145799299702
n1_d128_r4,1,128,4,17,0.001,0.48269837931729853,0.512490376830101,0.24113333300920203
n1_d128_r4,1,128,4,18,0.001,0.4815847068093717,0.5142694562673569,0.24438945803558454
n1_d128_r4,1,128,4,19,0.001,0.4803543877787888,0.5141403377056122,0.23801283299690112
n1_d128_r4,1,128,4,20,0.001,0.4792074696160853,0.5159552469849586,0.2365354999783449
n1_d128_r4,1,128,4,21,0.0005,0.47548696282319725,0.5142963752150536,0.23564112500753254
n1_d128_r4,1,128,4,22,0.0005,0.4747999510727823,0.5150921195745468,0.27147912501823157
n1_d128_r4,1,128,4,23,0.0005,0.474281407892704,0.5158550143241882,0.244202709000092
n1_d128_r4,1,128,4,24,0.0005,0.47400320833548903,0.5153889805078506,0.23674154200125486
n1_d128_r4,1,128,4,25,0.0005,0.47367792460136116,0.5169181674718857,0.23671125003602356
n1_d128_r4,1,128,4,26,0.0005,0.4732123848516494,0.5164715349674225,0.23917816701577976
n1_d128_r4,1,128,4,27,0.0005,0.4726727067027241,0.5173504203557968,0.24277045798953623
n1_d128_r4,1,128,4,28,0.0005,0.47229299298487604,0.5176061689853668,0.23546141700353473
n1_d128_r4,1,128,4,29,0.00025,0.47032444062642753,0.5173496454954147,0.2358193330001086
n1_d128_r4,1,128,4,30,0.00025,0.47003693296574056,0.5175327807664871,0.27080225001554936
n1_d128_r4,1,128,4,31,0.00025,0.4698489245492965,0.5178470760583878,0.24173329200129956
n1_d128_r4,1,128,4,32,0.00025,0.4696443483699113,0.5179624557495117,0.23728129104711115
n1_d256_r4,1,256,4,1,0.001,0.9680007640272379,0.8084341585636139,0.24257804197259247
n1_d256_r4,1,256,4,2,0.001,0.6888119960203767,0.6097599416971207,0.24179970799013972
n1_d256_r4,1,256,4,3,0.001,0.5556854833848774,0.5712960660457611,0.24986170802731067
n1_d256_r4,1,256,4,4,0.001,0.5172584871761501,0.5604633241891861,0.24152083398075774
n1_d256_r4,1,256,4,5,0.001,0.49394848314113915,0.5537296533584595,0.24112979200435802
n1_d256_r4,1,256,4,6,0.001,0.47866744408383965,0.5480390787124634,0.2797335000359453
n1_d256_r4,1,256,4,7,0.001,0.4677126994356513,0.5469982028007507,0.24178641702746972
n1_d256_r4,1,256,4,8,0.001,0.4580062977038324,0.5495360195636749,0.24023258296074346
n1_d256_r4,1,256,4,9,0.001,0.4498760346323252,0.5541700422763824,0.24263229203643277
n1_d256_r4,1,256,4,10,0.001,0.44391263485886157,0.5518367141485214,0.24040312500437722
n1_d256_r4,1,256,4,11,0.001,0.4371628954540938,0.5574512332677841,0.24806491698836908
n1_d256_r4,1,256,4,12,0.001,0.43173832376487553,0.5611591041088104,0.24347741703968495
n1_d256_r4,1,256,4,13,0.001,0.42696560034528375,0.5642418265342712,0.24010325002018362
n1_d256_r4,1,256,4,14,0.001,0.4217097370419651,0.5684421360492706,0.28132379200542346
n1_d256_r4,1,256,4,15,0.001,0.41751985461451113,0.5772063583135605,0.24067195900715888
n1_d256_r4,1,256,4,16,0.0005,0.40561939449980855,0.5745579153299332,0.2407404580153525
n1_d256_r4,1,256,4,17,0.0005,0.40227762144058943,0.5760145336389542,0.24088425002992153
n1_d256_r4,1,256,4,18,0.0005,0.3996561246458441,0.5820205956697464,0.24193116702372208
n1_d256_r4,1,256,4,19,0.0005,0.39818089455366135,0.5842298567295074,0.23930591699900106
n1_d256_r4,1,256,4,20,0.0005,0.3960105665028095,0.587663471698761,0.24956258299062029
n1_d256_r4,1,256,4,21,0.0005,0.39435575692914426,0.5887209177017212,0.24131687503540888
n1_d256_r4,1,256,4,22,0.0005,0.3924409057945013,0.5932794362306595,0.2850604170234874
n1_d256_r4,1,256,4,23,0.0005,0.39041300187818706,0.5934756398200989,0.23903024999890476
n1_d256_r4,1,256,4,24,0.00025,0.3843156988732517,0.5955761671066284,0.2600180000299588
n1_d256_r4,1,256,4,25,0.00025,0.38287753448821604,0.5970897078514099,0.2399183340021409
n1_d256_r4,1,256,4,26,0.00025,0.38187336758710444,0.6000510454177856,0.23937979101901874
n1_d256_r4,1,256,4,27,0.00025,0.3811394947115332,0.601458802819252,0.24138304102234542
n1_d512_r4,1,512,4,1,0.001,0.9824704141356051,0.7862334996461868,0.283356084022671
n1_d512_r4,1,512,4,2,0.001,0.629707420244813,0.6284796744585037,0.3112238749745302
n1_d512_r4,1,512,4,3,0.001,0.49719438632018864,0.6043286025524139,0.2779942090273835
n1_d512_r4,1,512,4,4,0.001,0.43734437646344304,0.594338059425354,0.2738050000043586
n1_d512_r4,1,512,4,5,0.001,0.3966852007433772,0.5989987701177597,0.2742610829882324
n1_d512_r4,1,512,4,6,0.001,0.36344240070320666,0.6170091927051544,0.27406575001077726
n1_d512_r4,1,512,4,7,0.001,0.33483810734469444,0.6315423399209976,0.2750398329808377
n1_d512_r4,1,512,4,8,0.001,0.3079048888757825,0.6550907790660858,0.2837904160260223
n1_d512_r4,1,512,4,9,0.001,0.2839676315197721,0.6815765351057053,0.2732587499776855
n1_d512_r4,1,512,4,10,0.001,0.26328475575428456,0.7032805234193802,0.31354062497848645
n1_d512_r4,1,512,4,11,0.001,0.24388684332370758,0.722975105047226,0.2808243330218829
n1_d512_r4,1,512,4,12,0.001,0.2257168007781729,0.7480258941650391,0.27248445799341425
n1_d512_r4,1,512,4,13,0.0005,0.18776821123901755,0.7630847096443176,0.2771027089911513
n1_d512_r4,1,512,4,14,0.0005,0.1756147355772555,0.7875062674283981,0.2754706669948064
n1_d512_r4,1,512,4,15,0.0005,0.16802359011489898,0.8023985326290131,0.2724913329584524
n1_d512_r4,1,512,4,16,0.0005,0.1606700859265402,0.8227076679468155,0.28275016602128744
n1_d512_r4,1,512,4,17,0.0005,0.15455109567847103,0.8340301066637039,0.2744983750162646
n1_d512_r4,1,512,4,18,0.0005,0.14835599495563656,0.8446905314922333,0.3062820000341162
n1_d512_r4,1,512,4,19,0.0005,0.1426429589628242,0.859353557229042,0.2790596660342999
n1_d512_r4,1,512,4,20,0.0005,0.13799523358466104,0.8688584566116333,0.2750368329579942
n1_d512_r4,1,512,4,21,0.00025,0.1218125224695541,0.8780839294195175,0.27370687504298985
n1_d512_r4,1,512,4,22,0.00025,0.11775482003577054,0.889649823307991,0.273453208967112
n1_d512_r4,1,512,4,23,0.00025,0.11508848890662193,0.8941890746355057,0.2823367500095628
n1_d512_r4,1,512,4,24,0.00025,0.11319427489070222,0.9040888249874115,0.2760548330261372
n1_d1024_r4,1,1024,4,1,0.001,0.9837885149754584,0.8156367838382721,0.29551437497138977
n1_d1024_r4,1,1024,4,2,0.001,0.5516532820183784,0.6614764630794525,0.3412422080291435
n1_d1024_r4,1,1024,4,3,0.001,0.35271368199028075,0.6651342958211899,0.2962542919558473
n1_d1024_r4,1,1024,4,4,0.001,0.24178624374326319,0.6915000081062317,0.29205950000323355
n1_d1024_r4,1,1024,4,5,0.001,0.1617114213295281,0.7295537143945694,0.2923900419846177
n1_d1024_r4,1,1024,4,6,0.001,0.1033265728619881,0.7712865471839905,0.3044698330340907
n1_d1024_r4,1,1024,4,7,0.001,0.065498777810717,0.7724164426326752,0.29600137495435774
n1_d1024_r4,1,1024,4,8,0.001,0.04378145741065964,0.7939933687448502,0.2930557079962455
n1_d1024_r4,1,1024,4,9,0.001,0.03046019995235838,0.8042007684707642,0.2912725420319475
n1_d1024_r4,1,1024,4,10,0.001,0.023611285374499857,0.8107597231864929,0.336184665968176
n1_d1024_r4,1,1024,4,11,0.0005,0.014888061821693555,0.8038033246994019,0.2933527909917757
n1_d1024_r4,1,1024,4,12,0.0005,0.0050549908009998035,0.8061014115810394,0.2929134169826284
n1_d1024_r4,1,1024,4,13,0.0005,0.002488224960870866,0.8090804517269135,0.30530595901655033
n1_d1024_r4,1,1024,4,14,0.0005,0.0014795791516917234,0.8123351484537125,0.29254737502196804
n1_d1024_r4,1,1024,4,15,0.0005,0.0009607517408767308,0.8141581416130066,0.29266575002111495
n1_d1024_r4,1,1024,4,16,0.0005,0.0006415232192011899,0.8160935342311859,0.2925458329846151
n1_d1024_r4,1,1024,4,17,0.0005,0.0004782195999268879,0.8168095052242279,0.29445308295544237
n1_d1024_r4,1,1024,4,18,0.0005,0.0003739400457334341,0.8179265111684799,0.3330709160072729
n1_d1024_r4,1,1024,4,19,0.00025,0.0002530254313342084,0.8178564459085464,0.29798783402657136
n1_d1024_r4,1,1024,4,20,0.00025,0.00011826143688153934,0.8181375414133072,0.3017394170165062
n1_d1024_r4,1,1024,4,21,0.00025,8.160560254566462e-05,0.8186312317848206,0.2950942500028759
n1_d1024_r4,1,1024,4,22,0.00025,6.371796069970515e-05,0.8188815265893936,0.2945281659485772
n1_d2048_r4,1,2048,4,1,0.001,0.9698472628369927,0.8135311603546143,0.3484140840009786
n1_d2048_r4,1,2048,4,2,0.001,0.3829299947246909,0.712815672159195,0.33872204198269174
n1_d2048_r4,1,2048,4,3,0.001,0.13692821649601683,0.7260607331991196,0.3781395420082845
n1_d2048_r4,1,2048,4,4,0.001,0.05805667440290563,0.710824504494667,0.35158620798029006
n1_d2048_r4,1,2048,4,5,0.001,0.03909122743061744,0.7052151411771774,0.3356962910038419
n1_d2048_r4,1,2048,4,6,0.001,0.034759902569931,0.7042171955108643,0.335008124995511
n1_d2048_r4,1,2048,4,7,0.001,0.03451096992648672,0.6939464807510376,0.34440241602715105
n1_d2048_r4,1,2048,4,8,0.001,0.03556489459879231,0.6967049241065979,0.34256224997807294
n1_d2048_r4,1,2048,4,9,0.001,0.03699239264824428,0.6854762583971024,0.3411294580437243
n1_d2048_r4,1,2048,4,10,0.001,0.03634324934682809,0.68797667324543,0.3471212080330588
n1_d2048_r4,1,2048,4,11,0.001,0.03414189977047499,0.6812106221914291,0.3807284589856863
n1_d2048_r4,1,2048,4,12,0.001,0.031109195871977136,0.6740994900465012,0.343401541991625
n1_d2048_r4,1,2048,4,13,0.001,0.027747598200221546,0.673570841550827,0.34233200002927333
n1_d2048_r4,1,2048,4,14,0.001,0.026108782592928037,0.6693187057971954,0.33777341700624675
n1_d2048_r4,1,2048,4,15,0.001,0.0248185947566526,0.6636641621589661,0.33965716703096405
n1_d2048_r4,1,2048,4,16,0.001,0.023447766085155308,0.6596116125583649,0.34678045799955726
n1_d2048_r4,1,2048,4,17,0.001,0.0223749829310691,0.66256083548069,0.3406570000224747
n1_d2048_r4,1,2048,4,18,0.001,0.022309393680188805,0.6580232977867126,0.3462900420418009
n1_d2048_r4,1,2048,4,19,0.001,0.022566866711713374,0.6559172421693802,0.3767698329756968
n1_d2048_r4,1,2048,4,20,0.001,0.022439997163019143,0.6533701568841934,0.3384991670027375
n1_d2048_r4,1,2048,4,21,0.001,0.023093129217159003,0.6510329395532608,0.3459852500236593
n1_d2048_r4,1,2048,4,22,0.001,0.0232107811170863,0.6532209664583206,0.34725970798172057
n1_d2048_r4,1,2048,4,23,0.001,0.023286092997295782,0.6467591673135757,0.34152395895216614
n1_d2048_r4,1,2048,4,24,0.001,0.02280175537453033,0.6476956009864807,0.34412695799255744
n1_d2048_r4,1,2048,4,25,0.001,0.021837296342710033,0.6460554450750351,0.3430092920316383
n1_d2048_r4,1,2048,4,26,0.001,0.021612488897517323,0.643115371465683,0.3390500830137171
n1_d2048_r4,1,2048,4,27,0.001,0.021223791656666435,0.6392968147993088,0.3861537089687772
n1_d2048_r4,1,2048,4,28,0.001,0.019962242964538746,0.6399720162153244,0.3474257920170203
n1_d2048_r4,1,2048,4,29,0.001,0.018584922123409342,0.6386715322732925,0.3423602920374833
n1_d2048_r4,1,2048,4,30,0.001,0.01799731129722204,0.6399522572755814,0.3458500409615226
n1_d2048_r4,1,2048,4,31,0.001,0.017721169846481644,0.633978396654129,0.34098845801781863
n1_d2048_r4,1,2048,4,32,0.001,0.01750362422899343,0.6324914842844009,0.34166549996007234
n1_d2048_r4,1,2048,4,33,0.001,0.01706304662366165,0.6305342465639114,0.33625841699540615
n1_d2048_r4,1,2048,4,34,0.001,0.01673990820563631,0.6314773410558701,0.34692500001983717
n1_d2048_r4,1,2048,4,35,0.001,0.01699915215431247,0.6310050636529922,0.38088316697394475
n1_d2048_r4,1,2048,4,36,0.001,0.017492237595433835,0.6291833370923996,0.3355842920136638
n1_d2048_r4,1,2048,4,37,0.001,0.018122847730410285,0.6279193162918091,0.3421519999974407
n1_d2048_r4,1,2048,4,38,0.001,0.017747988560586236,0.6252146661281586,0.34508433303562924
n1_d2048_r4,1,2048,4,39,0.001,0.01726259580027545,0.6251860111951828,0.3385964999906719
n1_d2048_r4,1,2048,4,40,0.001,0.01671201304270653,0.6240752190351486,0.3476117909885943
n1_d2048_r4,1,2048,4,41,0.001,0.015669447639083955,0.6256335079669952,0.34494745900155976
n1_d2048_r4,1,2048,4,42,0.001,0.014965143171139061,0.6230609863996506,0.3774366250145249
n1_d2048_r4,1,2048,4,43,0.001,0.014621306392655242,0.6214765757322311,0.34075195901095867
n1_d2048_r4,1,2048,4,44,0.001,0.01458451915095793,0.6235481351613998,0.344475332996808
n1_d2048_r4,1,2048,4,45,0.001,0.014297579546109773,0.619953915476799,0.34451091702794656
n1_d2048_r4,1,2048,4,46,0.001,0.01420097939990228,0.6193540245294571,0.3448726659989916
n1_d2048_r4,1,2048,4,47,0.001,0.01432501729868818,0.6144823580980301,0.34544558299239725
n1_d2048_r4,1,2048,4,48,0.001,0.014779691373405512,0.6168549209833145,0.33579570800065994
n1_d2048_r4,1,2048,4,49,0.001,0.014758902259927709,0.615475058555603,0.33716637501493096
n1_d2048_r4,1,2048,4,50,0.001,0.014363266302098054,0.6192716807126999,0.341443250013981
n1_d2048_r4,1,2048,4,51,0.001,0.013691508698684629,0.6118380576372147,0.37493254098808393
n1_d2048_r4,1,2048,4,52,0.001,0.013087332103168592,0.6145627349615097,0.34297033300390467
n1_d2048_r4,1,2048,4,53,0.001,0.012487232954299543,0.6147965341806412,0.3401879579760134
n1_d2048_r4,1,2048,4,54,0.001,0.012050305864249822,0.6129420399665833,0.33611075003864244
n1_d2048_r4,1,2048,4,55,0.001,0.011638364558166359,0.6119080632925034,0.3377662500133738
n1_d2048_r4,1,2048,4,56,0.001,0.011632387482677586,0.6117394268512726,0.33514133299468085
n1_d2048_r4,1,2048,4,57,0.001,0.01187880571524147,0.6143739819526672,0.3406248340033926
n1_d2048_r4,1,2048,4,58,0.001,0.011904824772500433,0.613326221704483,0.3861561670200899
n1_d2048_r4,1,2048,4,59,0.001,0.011888149150763638,0.6129378825426102,0.3449578750296496
n1_d2048_r4,1,2048,4,60,0.001,0.011819371065939777,0.6081220060586929,0.3363255000440404
n1_d2048_r4,1,2048,4,61,0.001,0.011786736104113515,0.6098778247833252,0.3417622909764759
n1_d2048_r4,1,2048,4,62,0.001,0.011544306609721389,0.6126033663749695,0.3418111669598147
n1_d2048_r4,1,2048,4,63,0.001,0.011123657131975051,0.6098396480083466,0.3417565419804305
n1_d2048_r4,1,2048,4,64,0.001,0.011004248161043506,0.6119758784770966,0.3561609999742359
n1_d2048_r4,1,2048,4,65,0.001,0.010901084839133546,0.6115561723709106,0.3429302499862388
n1_d2048_r4,1,2048,4,66,0.001,0.010677930258680135,0.606698140501976,0.3762952089891769
n1_d2048_r4,1,2048,4,67,0.001,0.010685884724807693,0.6122666895389557,0.34804075001738966
n1_d2048_r4,1,2048,4,68,0.001,0.011035786348656984,0.6130812615156174,0.34140562504762784
n1_d2048_r4,1,2048,4,69,0.001,0.011112770931504201,0.607842817902565,0.34000912500778213
n1_d2048_r4,1,2048,4,70,0.001,0.010765474715299206,0.610405370593071,0.3525677499710582
n1_d2048_r4,1,2048,4,71,0.001,0.010375769299571402,0.6040893644094467,0.3413755420478992
n1_d2048_r4,1,2048,4,72,0.001,0.009767022973392159,0.6074703186750412,0.34158304100856185
n1_d2048_r4,1,2048,4,73,0.001,0.009419056736078346,0.6078469604253769,0.34348779096035287
n1_d2048_r4,1,2048,4,74,0.001,0.00878119608387351,0.604916512966156,0.37312779104104266
n1_d2048_r4,1,2048,4,75,0.001,0.008606371528003365,0.6052178591489792,0.34454012499190867
n1_d2048_r4,1,2048,4,76,0.001,0.008603506747022038,0.6089284867048264,0.35402183298720047
n1_d2048_r4,1,2048,4,77,0.001,0.008574944560677977,0.6051566749811172,0.34037787502165884
n1_d2048_r4,1,2048,4,78,0.001,0.00869514160149265,0.6084247380495071,0.34285370900761336
n1_d2048_r4,1,2048,4,79,0.001,0.008926316666475032,0.6088512986898422,0.34287225001025945
n1_d2048_r4,1,2048,4,80,0.0005,0.0074732248176587746,0.6029539555311203,0.3421216249698773
n1_d2048_r4,1,2048,4,81,0.0005,0.001282589944821666,0.6028033047914505,0.34097462496720254
n1_d2048_r4,1,2048,4,82,0.0005,0.00030139583043364837,0.6023204773664474,0.3851964170462452
n1_d2048_r4,1,2048,4,83,0.0005,7.680906333007442e-05,0.6023293435573578,0.34131387498928234
n1_d2048_r4,1,2048,4,84,0.0005,2.0838113798049562e-05,0.6022990792989731,0.34374949999619275
n1_d2048_r4,1,2048,4,85,0.0005,6.34881940797527e-06,0.6024049371480942,0.33935916697373614
n1_d2048_r4,1,2048,4,86,0.0005,2.3284728465355897e-06,0.602338507771492,0.34160691598663107
n1_d2048_r4,1,2048,4,87,0.0005,9.869930939210292e-07,0.6023911684751511,0.34559512499254197
n1_d2048_r4,1,2048,4,88,0.0005,5.161124942976159e-07,0.6023780107498169,0.3502294160425663
n1_d2048_r4,1,2048,4,89,0.0005,3.498736360629806e-07,0.602380245923996,0.3421222919714637
n1_d2048_r4,1,2048,4,90,0.0005,3.099473885326276e-07,0.6023464649915695,0.38044195802649483
n1_d2048_r4,1,2048,4,91,0.0005,3.5085126848244386e-07,0.6023712754249573,0.3452472079661675
n1_d2048_r4,1,2048,4,92,0.0005,4.967854307924569e-07,0.6023530066013336,0.34214416600298136
n1_d2048_r4,1,2048,4,93,0.00025,6.734609627745414e-07,0.6023790687322617,0.3489274579915218
n1_d2048_r4,1,2048,4,94,0.00025,1.3290662292941846e-07,0.6023688316345215,0.34708362497622147
n1_d2048_r4,1,2048,4,95,0.00025,4.1115897908561294e-08,0.6023706048727036,0.3405895000323653
n1_d2048_r4,1,2048,4,96,0.00025,1.3763131537225526e-08,0.6023711562156677,0.34175525000318885
n1_d2048_r4,1,2048,4,97,0.00025,5.893920386468299e-09,0.6023690402507782,0.336542584002018
n1_d2048_r4,1,2048,4,98,0.00025,3.2395147085695353e-09,0.6023699194192886,0.3778272080235183
n1_d2048_r4,1,2048,4,99,0.00025,2.5640404868743083e-09,0.60236856341362,0.34170724998693913
n1_d2048_r4,1,2048,4,100,0.00025,2.758816630005212e-09,0.6023704260587692,0.35024512495147064
n1_d2048_r4,1,2048,4,101,0.000125,2.613237080721642e-09,0.6023699939250946,0.34610258298926055
n1_d2048_r4,1,2048,4,102,0.000125,4.1281010749495695e-10,0.6023696810007095,0.34190541703719646
n1_d2048_r4,1,2048,4,103,0.000125,8.852838918210239e-11,0.6023698300123215,0.34146558301290497
n1_d2048_r4,1,2048,4,104,0.000125,2.3660277946938035e-11,0.6023696660995483,0.34346199996070936
n1_d4096_r4,1,4096,4,1,0.001,0.9868877921253443,0.8955580443143845,0.50829170900397
n1_d4096_r4,1,4096,4,2,0.001,0.5766010070219636,0.779161810874939,0.5060030840104446
n1_d4096_r4,1,4096,4,3,0.001,0.24603022006340325,0.7139982581138611,0.4593964589876123
n1_d4096_r4,1,4096,4,4,0.001,0.09836759808240458,0.6899305880069733,0.4590542920050211
n1_d4096_r4,1,4096,4,5,0.001,0.047765051684109494,0.6657396107912064,0.6082320829737
n1_d4096_r4,1,4096,4,6,0.001,0.028128391626523808,0.6692039370536804,0.4711877919617109
n1_d4096_r4,1,4096,4,7,0.001,0.020462348831642885,0.6574891805648804,0.4499974159989506
n1_d4096_r4,1,4096,4,8,0.001,0.018387537202215753,0.6625370681285858,0.4534128340310417
n1_d4096_r4,1,4096,4,9,0.001,0.018732839773292653,0.6588982939720154,0.4481087499880232
n1_d4096_r4,1,4096,4,10,0.001,0.020220817103108857,0.66242516040802,0.5013520420179702
n1_d4096_r4,1,4096,4,11,0.001,0.022648979756922927,0.659447118639946,0.4498463749769144
n1_d4096_r4,1,4096,4,12,0.001,0.024928789047407918,0.6575589925050735,0.44815225002821535
n1_d4096_r4,1,4096,4,13,0.001,0.027269249345408753,0.6618064939975739,0.45192424999549985
n1_d4096_r4,1,4096,4,14,0.001,0.028233104370883666,0.6538138687610626,0.45428983302554116
n1_d4096_r4,1,4096,4,15,0.001,0.027161629041074775,0.6557261049747467,0.4535448750248179
n1_d4096_r4,1,4096,4,16,0.001,0.025828905490925536,0.6488580852746964,0.4492677500238642
n1_d4096_r4,1,4096,4,17,0.001,0.02428295348363463,0.650703102350235,0.442541083029937
n1_d4096_r4,1,4096,4,18,0.001,0.022322247561533004,0.6458739936351776,0.4815761670470238
n1_d4096_r4,1,4096,4,19,0.001,0.020454252131457906,0.6486018598079681,0.8276928340201266
n1_d4096_r4,1,4096,4,20,0.001,0.019468513542960864,0.6439895629882812,1.0328477500006557
n1_d4096_r4,1,4096,4,21,0.001,0.018974492035340518,0.6454714685678482,0.9723198750289157
n1_d4096_r4,1,4096,4,22,0.001,0.017983874437049963,0.6429015100002289,0.6224232499953359
n1_d4096_r4,1,4096,4,23,0.001,0.017271310949581675,0.6411538422107697,0.49156949995085597
n1_d4096_r4,1,4096,4,24,0.001,0.017423313096514903,0.640519306063652,0.4956850410089828
n1_d4096_r4,1,4096,4,25,0.001,0.018023077558609657,0.6409685611724854,0.48216858302475885
n1_d4096_r4,1,4096,4,26,0.001,0.01837214716942981,0.6421517878770828,0.4514581250259653
n1_d4096_r4,1,4096,4,27,0.001,0.019526029260305222,0.6404416114091873,0.4658112499746494
n1_d4096_r4,1,4096,4,28,0.001,0.02005712013487937,0.6423311084508896,0.43965966696850955
n1_d4096_r4,1,4096,4,29,0.001,0.019811074431345332,0.6354996860027313,0.4943728749640286
n1_d4096_r4,1,4096,4,30,0.001,0.019179332484782208,0.638607069849968,0.4504044579807669
n1_d4096_r4,1,4096,4,31,0.001,0.018802482874889392,0.6316245198249817,0.6622922920505516
n1_d4096_r4,1,4096,4,32,0.001,0.018023284173978027,0.6338000148534775,0.7143384580267593
n1_d4096_r4,1,4096,4,33,0.001,0.017290692994720303,0.6298499554395676,0.5279882500180975
n1_d4096_r4,1,4096,4,34,0.001,0.016320117138093337,0.6388008743524551,0.49750754196429625
n1_d4096_r4,1,4096,4,35,0.001,0.015576477395370603,0.6307542771100998,0.4608890000381507
n1_d4096_r4,1,4096,4,36,0.001,0.015164245160121936,0.6329723596572876,0.4698961250251159
n1_d4096_r4,1,4096,4,37,0.001,0.014566227779141627,0.6292445957660675,0.4476132090203464
n1_d4096_r4,1,4096,4,38,0.001,0.014265907382650767,0.6307625770568848,0.4600642909645103
n1_d4096_r4,1,4096,4,39,0.001,0.014053906583285425,0.6283604502677917,0.545197041996289
n1_d4096_r4,1,4096,4,40,0.001,0.013963138735562097,0.6291174441576004,0.6442211670218967
n1_d4096_r4,1,4096,4,41,0.001,0.013601053338788915,0.6307667791843414,0.5832393339951523
n1_d4096_r4,1,4096,4,42,0.001,0.013208257070800755,0.6252158135175705,0.5040932910051197
n1_d4096_r4,1,4096,4,43,0.001,0.013019745456404053,0.6246894598007202,0.45676137501141056
n1_d4096_r4,1,4096,4,44,0.001,0.013296650955453515,0.6253458112478256,0.45466966700041667
n1_d4096_r4,1,4096,4,45,0.001,0.01364207641017856,0.6292191445827484,0.465208999987226
n1_d4096_r4,1,4096,4,46,0.001,0.013656997383804992,0.6223946660757065,0.48035575001267716
n1_d4096_r4,1,4096,4,47,0.001,0.013801180975860916,0.6234470903873444,0.485768917016685
n1_d4096_r4,1,4096,4,48,0.001,0.013681212061783299,0.620387002825737,0.4874570000101812
n1_d4096_r4,1,4096,4,49,0.001,0.013400578194705304,0.6209178417921066,0.49644175003049895
n1_d4096_r4,1,4096,4,50,0.001,0.01325516622455325,0.6237607896327972,0.5391733750002459
n1_d4096_r4,1,4096,4,51,0.001,0.012646275557926856,0.6224988400936127,0.6621652920148335
n1_d4096_r4,1,4096,4,52,0.001,0.011947230523219332,0.6176634281873703,0.666282374993898
n1_d4096_r4,1,4096,4,53,0.001,0.011587107510422356,0.6202800273895264,0.5794556670007296
n1_d4096_r4,1,4096,4,54,0.001,0.01110055288154399,0.6151672005653381,0.442623458977323
n1_d4096_r4,1,4096,4,55,0.001,0.010186809035076294,0.6179203242063522,0.48167316702893004
n1_d4096_r4,1,4096,4,56,0.001,0.010107636073371395,0.6141170412302017,0.4444852080196142
n1_d4096_r4,1,4096,4,57,0.001,0.010332608115277253,0.6167533993721008,0.49316337500931695
n1_d4096_r4,1,4096,4,58,0.001,0.010598463384667411,0.6156166195869446,0.4579592500231229
n1_d4096_r4,1,4096,4,59,0.001,0.010395399054687005,0.6170558333396912,0.456120542017743
n1_d4096_r4,1,4096,4,60,0.001,0.010199346139415866,0.6171620637178421,0.4861655830172822
n1_d4096_r4,1,4096,4,61,0.001,0.009959406754205702,0.6143063306808472,0.47060795803554356
n1_d4096_r4,1,4096,4,62,0.001,0.009933020493917866,0.613555908203125,0.48282862501218915
n1_d4096_r4,1,4096,4,63,0.001,0.009846348006249173,0.6156796663999557,0.44754870899487287
n1_d4096_r4,1,4096,4,64,0.001,0.00965273112160503,0.6147489696741104,0.4674991250503808
n1_d4096_r4,1,4096,4,65,0.001,0.00939331840709201,0.6149975508451462,0.4876176249817945
n1_d4096_r4,1,4096,4,66,0.001,0.009362378477817401,0.610330805182457,0.4534948749933392
n1_d4096_r4,1,4096,4,67,0.001,0.008999962508823955,0.6122371256351471,0.44688179198419675
n1_d4096_r4,1,4096,4,68,0.001,0.008716121225006646,0.6123844087123871,0.4655182909918949
n1_d4096_r4,1,4096,4,69,0.001,0.008378562011785107,0.6135728359222412,0.44821137498365715
n1_d4096_r4,1,4096,4,70,0.001,0.008287279524665792,0.6125182211399078,0.4519357499666512
n1_d4096_r4,1,4096,4,71,0.001,0.008415755786700174,0.6087915599346161,0.4481146250036545
n1_d4096_r4,1,4096,4,72,0.001,0.008657296129968017,0.6116213500499725,0.44766004203120247
n1_d4096_r4,1,4096,4,73,0.001,0.008393808515393175,0.6075351536273956,0.5096905829850584
n1_d4096_r4,1,4096,4,74,0.001,0.008320820081280544,0.6114551573991776,0.4476815829984844
n1_d4096_r4,1,4096,4,75,0.001,0.008199997137126047,0.6081988513469696,0.4530197500134818
n1_d4096_r4,1,4096,4,76,0.001,0.008514734014170244,0.609627828001976,0.4476077080471441
n1_d4096_r4,1,4096,4,77,0.001,0.008664781005791156,0.6074344217777252,0.4659412499750033
n1_d4096_r4,1,4096,4,78,0.001,0.008107811034278711,0.6110498160123825,0.4458316249656491
n1_d4096_r4,1,4096,4,79,0.001,0.007497314680222189,0.6067951917648315,0.4568982499768026
n1_d4096_r4,1,4096,4,80,0.001,0.007118062578229001,0.6065677106380463,0.4504332080250606
n1_d4096_r4,1,4096,4,81,0.001,0.00682908918679459,0.6078086942434311,0.4960014580283314
n1_d4096_r4,1,4096,4,82,0.001,0.006682895535050193,0.60782191157341,0.45860645902575925
n1_d4096_r4,1,4096,4,83,0.001,0.006561718488228507,0.607536256313324,0.4541803339961916
n1_d4096_r4,1,4096,4,84,0.001,0.006501414653030224,0.6060693264007568,0.44927229097811505
n1_d4096_r4,1,4096,4,85,0.001,0.006647306254308205,0.6056371331214905,0.44541270803892985
n1_d4096_r4,1,4096,4,86,0.001,0.0070946460582490545,0.6093536764383316,0.4649362500058487
n1_d4096_r4,1,4096,4,87,0.001,0.007310592805879423,0.6078689992427826,0.44663766701705754
n1_d4096_r4,1,4096,4,88,0.001,0.0070209547302511055,0.6074502170085907,0.4559943750500679
n1_d4096_r4,1,4096,4,89,0.001,0.006746770472091157,0.60564024746418,0.4931863750098273
n1_d4096_r4,1,4096,4,90,0.001,0.006481194963271264,0.6078977733850479,0.510279249981977
n1_d4096_r4,1,4096,4,91,0.001,0.006420284535124665,0.6042554527521133,0.46631220902781934
n1_d4096_r4,1,4096,4,92,0.001,0.006336155740427785,0.6076987981796265,0.48008379101520404
n1_d4096_r4,1,4096,4,93,0.001,0.006248583475098712,0.6047307103872299,0.47486104199197143
n1_d4096_r4,1,4096,4,94,0.001,0.0061713407703791745,0.6036790013313293,0.5365575409960002
n1_d4096_r4,1,4096,4,95,0.001,0.006056318361515878,0.6024095863103867,0.5178404169855639
n1_d4096_r4,1,4096,4,96,0.001,0.0058964882264263,0.6051256209611893,0.47369904204970226
n1_d4096_r4,1,4096,4,97,0.001,0.005869992088264553,0.6030516922473907,0.4600202079745941
n1_d4096_r4,1,4096,4,98,0.001,0.005990899822791107,0.6032512187957764,0.519316541031003
n1_d4096_r4,1,4096,4,99,0.001,0.006117583434388507,0.6028318405151367,0.47894233401166275
n1_d4096_r4,1,4096,4,100,0.001,0.005713469989132136,0.6023373603820801,0.4756733329850249
n1_d4096_r4,1,4096,4,101,0.001,0.005365064505895134,0.6047829240560532,0.4840582920005545
n1_d4096_r4,1,4096,4,102,0.001,0.005184509971513762,0.6022861301898956,0.47911166603444144
n1_d4096_r4,1,4096,4,103,0.001,0.004913311187920044,0.6038292199373245,0.500627999950666
n1_d4096_r4,1,4096,4,104,0.001,0.004824706633371534,0.6028386652469635,0.48030695895431563
n1_d4096_r4,1,4096,4,105,0.001,0.00489334603662428,0.6055724769830704,0.44800616696011275
n1_d4096_r4,1,4096,4,106,0.001,0.004977493264959776,0.6009455472230911,0.5456968750222586
n1_d4096_r4,1,4096,4,107,0.001,0.005167850740690483,0.6035840213298798,0.4510611250298098
n1_d4096_r4,1,4096,4,108,0.001,0.005399071418651147,0.6008852571249008,0.47608941700309515
n1_d4096_r4,1,4096,4,109,0.001,0.0055409687374776695,0.6025732159614563,0.44254966598236933
n1_d4096_r4,1,4096,4,110,0.001,0.005715681214496726,0.60130475461483,0.4458168750279583
n1_d4096_r4,1,4096,4,111,0.001,0.005460956797833205,0.6030113399028778,0.5663331669638865
n1_d4096_r4,1,4096,4,112,0.001,0.005376029956096318,0.6017211675643921,0.4758481250028126
n1_d4096_r4,1,4096,4,113,0.001,0.005085375370981637,0.5982095301151276,0.49304045899771154
n1_d4096_r4,1,4096,4,114,0.001,0.0048057514395623,0.6032875031232834,0.4605609580175951
n1_d4096_r4,1,4096,4,115,0.001,0.004787241474332404,0.6003936380147934,0.5094558750279248
n1_d4096_r4,1,4096,4,116,0.001,0.004650814349588472,0.6026242226362228,0.47988087497651577
n1_d4096_r4,1,4096,4,117,0.001,0.004453863573871786,0.601365253329277,0.45951358298771083
n1_d4096_r4,1,4096,4,118,0.001,0.00426471455830324,0.5990291982889175,0.44781537499511614
n1_d4096_r4,1,4096,4,119,0.001,0.004408763035826269,0.6002495288848877,0.48220420797588304
n1_d4096_r4,1,4096,4,120,0.001,0.0046296392119984375,0.6017794907093048,0.44823624996934086
n1_d4096_r4,1,4096,4,121,0.001,0.004476555721339537,0.6017950475215912,0.5141040419694036
n1_d4096_r4,1,4096,4,122,0.0005,0.0038028904800739838,0.5989375114440918,0.48349820799194276
n1_d4096_r4,1,4096,4,123,0.0005,0.0005702211694824655,0.5980521738529205,0.5051519999979064
n1_d4096_r4,1,4096,4,124,0.0005,0.00011558618405160814,0.5983067899942398,0.464057499950286
n1_d4096_r4,1,4096,4,125,0.0005,2.7938541947492013e-05,0.5980909019708633,0.4701306250062771
n1_d4096_r4,1,4096,4,126,0.0005,1.0528106667351267e-05,0.5981645435094833,0.5059565419796854
n1_d4096_r4,1,4096,4,127,0.0005,5.758356300233913e-06,0.5981109440326691,0.4696251659770496
n1_d4096_r4,1,4096,4,128,0.0005,4.3272099636837424e-06,0.5981454849243164,0.4847690839669667
n1_d4096_r4,1,4096,4,129,0.0005,4.574070971763433e-06,0.5980982035398483,0.5068951660068706
n1_d4096_r4,1,4096,4,130,0.0005,5.809422773062067e-06,0.5981475859880447,0.4963717079954222
n1_d4096_r4,1,4096,4,131,0.0005,9.562067005752795e-06,0.5981140583753586,0.5079286249820143
n1_d4096_r4,1,4096,4,132,0.00025,1.2651190040458005e-05,0.5980964750051498,0.549151792016346
n1_d4096_r4,1,4096,4,133,0.00025,3.6410615824600256e-06,0.5980997234582901,0.4653823749977164
n1_d4096_r4,1,4096,4,134,0.00025,2.4089844155028572e-06,0.5981186777353287,0.47535058396169916
n1_d4096_r4,1,4096,4,135,0.00025,2.122461816467247e-06,0.5981071442365646,0.4667684590094723
n1_d4096_r4,1,4096,4,136,0.00025,2.0476323296797494e-06,0.5981175154447556,0.4511109169689007
n1_d4096_r4,1,4096,4,137,0.00025,2.0363175419202406e-06,0.5981031656265259,0.4994885829510167
n1_d4096_r4,1,4096,4,138,0.00025,2.06320951465222e-06,0.5981192290782928,0.46550558297894895
n1_d4096_r4,1,4096,4,139,0.00025,2.143651937291935e-06,0.5981056690216064,0.45895804202882573
n1_d4096_r4,1,4096,4,140,0.000125,2.18173018728951e-06,0.5981174111366272,0.459969750023447
n1_d4096_r4,1,4096,4,141,0.000125,1.9750262716944356e-06,0.5981137007474899,0.46194933296646923
n1_d4096_r4,1,4096,4,142,0.000125,1.9482737594767735e-06,0.598115548491478,0.5036601659958251
n1_d4096_r4,1,4096,4,143,0.000125,1.9415100807763236e-06,0.5981150716543198,0.4661369170062244
n1_d64_r5,1,64,5,1,0.001,1.0566529012285173,0.9141573756933212,0.2459285840159282
n1_d64_r5,1,64,5,2,0.001,0.8004043470136821,0.7361118048429489,0.2311903330264613
n1_d64_r5,1,64,5,3,0.001,0.6536805597133934,0.6085486114025116,0.22927670902572572
n1_d64_r5,1,64,5,4,0.001,0.5773417167365551,0.5579352080821991,0.23697920801350847
n1_d64_r5,1,64,5,5,0.001,0.5468850405886769,0.5358747690916061,0.22906166699249297
n1_d64_r5,1,64,5,6,0.001,0.5299711492843926,0.5238509029150009,0.2524720410001464
n1_d64_r5,1,64,5,7,0.001,0.5197518323548138,0.5164073407649994,0.2508795000030659
n1_d64_r5,1,64,5,8,0.001,0.5135875479318202,0.5128759294748306,0.24966041598236188
n1_d64_r5,1,64,5,9,0.001,0.5097485904116184,0.5111648738384247,0.31539254199014977
n1_d64_r5,1,64,5,10,0.001,0.5071593900211155,0.5091373324394226,0.250440375006292
n1_d64_r5,1,64,5,11,0.001,0.5055965546052903,0.5085371285676956,0.23204224999062717
n1_d64_r5,1,64,5,12,0.001,0.5044572015758604,0.5073002278804779,0.23903979099122807
n1_d64_r5,1,64,5,13,0.001,0.5031921989284456,0.5054184198379517,0.2578409580164589
n1_d64_r5,1,64,5,14,0.001,0.5027639747131616,0.5060406625270844,0.2565993329626508
n1_d64_r5,1,64,5,15,0.001,0.50207379180938,0.505237802863121,0.2500938330194913
n1_d64_r5,1,64,5,16,0.001,0.5012214423622936,0.5060345381498337,0.2861010829801671
n1_d64_r5,1,64,5,17,0.001,0.5009914110414684,0.5060780644416809,0.25824487500358373
n1_d64_r5,1,64,5,18,0.001,0.5003492287360132,0.5046627670526505,0.25233670795569196
n1_d64_r5,1,64,5,19,0.001,0.49957351409830153,0.5037934184074402,0.2340330409933813
n1_d64_r5,1,64,5,20,0.001,0.4992979390081018,0.5040495544672012,0.2553137500071898
n1_d64_r5,1,64,5,21,0.001,0.4987993480172008,0.504631981253624,0.2693857910344377
n1_d64_r5,1,64,5,22,0.001,0.4983531916514039,0.5041833519935608,0.22720270795980468
n1_d64_r5,1,64,5,23,0.001,0.4978734457399696,0.5037616938352585,0.22580633300822228
n1_d64_r5,1,64,5,24,0.001,0.49751276709139347,0.502928614616394,0.2671613749698736
n1_d64_r5,1,64,5,25,0.001,0.496818138519302,0.504490464925766,0.23310858401237056
n1_d64_r5,1,64,5,26,0.001,0.49655185849405825,0.5032865777611732,0.22671329096192494
n1_d64_r5,1,64,5,27,0.001,0.4962528711184859,0.5042206943035126,0.22478466702159494
n1_d64_r5,1,64,5,28,0.001,0.49589252658188343,0.5041153281927109,0.22672879102174193
n1_d64_r5,1,64,5,29,0.001,0.4952810185495764,0.5040452778339386,0.2345969169982709
n1_d64_r5,1,64,5,30,0.001,0.49504469498060644,0.5035493820905685,0.22825316700618714
n1_d64_r5,1,64,5,31,0.001,0.4948274800553918,0.5038287788629532,0.22812849999172613
n1_d64_r5,1,64,5,32,0.001,0.4948151169810444,0.5036590397357941,0.2630691670347005
n1_d64_r5,1,64,5,33,0.0005,0.49308342998847365,0.5030242651700974,0.22596762498142198
n1_d64_r5,1,64,5,34,0.0005,0.49293070076964796,0.5032537281513214,0.2281568329781294
n1_d64_r5,1,64,5,35,0.0005,0.49281150358729064,0.5031494349241257,0.22678199998335913
n1_d64_r5,1,64,5,36,0.0005,0.4926236807368696,0.5034782439470291,0.2250763750053011
n1_d64_r5,1,64,5,37,0.0005,0.49260413786396384,0.5031504482030869,0.22647708404110745
n1_d64_r5,1,64,5,38,0.0005,0.4924506803508848,0.5034263134002686,0.23309541697381064
n1_d64_r5,1,64,5,39,0.0005,0.4924553621094674,0.5031950622797012,0.22626183298416436
n1_d64_r5,1,64,5,40,0.0005,0.4922960076946765,0.5031195729970932,0.2626934160361998
n1_d64_r5,1,64,5,41,0.00025,0.4914747967850417,0.5028678327798843,0.22898779198294505
n1_d64_r5,1,64,5,42,0.00025,0.4913616778794676,0.502909779548645,0.22627879196079448
n1_d64_r5,1,64,5,43,0.00025,0.4913635600823909,0.5031770467758179,0.2270957909640856
n1_d64_r5,1,64,5,44,0.00025,0.49130071490071714,0.5033328831195831,0.22879329201532528
n1_d64_r5,1,64,5,45,0.00025,0.4912745929323137,0.5029114484786987,0.22551945794839412
n1_d64_r5,1,64,5,46,0.00025,0.49121498479507864,0.5029139518737793,0.22629704198334366
n1_d64_r5,1,64,5,47,0.00025,0.4911922267638147,0.5027386844158173,0.2323050830163993
n1_d64_r5,1,64,5,48,0.00025,0.4911598269827664,0.5030856877565384,0.26677733298856765
n1_d64_r5,1,64,5,49,0.00025,0.49109930475242436,0.5030518770217896,0.2270891250227578
n1_d64_r5,1,64,5,50,0.00025,0.491062204586342,0.5030574947595596,0.22607233398593962
n1_d64_r5,1,64,5,51,0.00025,0.49103551311418414,0.5029702484607697,0.22809516702545807
n1_d64_r5,1,64,5,52,0.00025,0.49100681114941835,0.5030420869588852,0.2265766670461744
n1_d64_r5,1,64,5,53,0.00025,0.4909845443908125,0.5030836760997772,0.22838354104897007
n1_d64_r5,1,64,5,54,0.00025,0.4908702033571899,0.5029261410236359,0.22732450003968552
n1_d64_r5,1,64,5,55,0.00025,0.4908623902592808,0.5028550773859024,0.2287437909981236
n1_d64_r5,1,64,5,56,0.000125,0.49045535968616605,0.5027497261762619,0.27050916699226946
n1_d64_r5,1,64,5,57,0.000125,0.4904323860537261,0.5029468089342117,0.2257660410250537
n1_d64_r5,1,64,5,58,0.000125,0.49042478390038013,0.5028726905584335,0.2249880830058828
n1_d64_r5,1,64,5,59,0.000125,0.4903809744864702,0.5028729289770126,0.22739583300426602
n1_d64_r5,1,64,5,60,0.000125,0.49037834093905985,0.502848744392395,0.22753970901248977
n1_d64_r5,1,64,5,61,0.000125,0.490357554750517,0.5029313266277313,0.2258828750345856
n1_d64_r5,1,64,5,62,0.000125,0.49036746961064637,0.5029727220535278,0.2274930000421591
n1_d64_r5,1,64,5,63,0.000125,0.490355574991554,0.5028148591518402,0.2585387920262292
n1_d64_r5,1,64,5,64,6.25e-05,0.4901105067692697,0.5028092712163925,0.2401684169890359
n1_d64_r5,1,64,5,65,6.25e-05,0.4901073502842337,0.5028409957885742,0.22759362496435642
n1_d64_r5,1,64,5,66,6.25e-05,0.49009655392728746,0.5028141587972641,0.2252898330334574
n1_d64_r5,1,64,5,67,6.25e-05,0.49008266418240964,0.5028484165668488,0.22626241703983396
n1_d128_r5,1,128,5,1,0.001,0.9621229721233249,0.8673993796110153,0.2364149580243975
n1_d128_r5,1,128,5,2,0.001,0.7277417154982686,0.6609383523464203,0.23212095897179097
n1_d128_r5,1,128,5,3,0.001,0.5847929471638054,0.5751597434282303,0.2335139160277322
n1_d128_r5,1,128,5,4,0.001,0.5429800460115075,0.552680104970932,0.27357395802391693
n1_d128_r5,1,128,5,5,0.001,0.5236193835735321,0.5390251576900482,0.2349709170521237
n1_d128_r5,1,128,5,6,0.001,0.5118789665866643,0.532151460647583,0.24048020801274106
n1_d128_r5,1,128,5,7,0.001,0.5038253604434431,0.5265638679265976,0.23349779203999788
n1_d128_r5,1,128,5,8,0.001,0.49843103578314185,0.5223854929208755,0.2306448330054991
n1_d128_r5,1,128,5,9,0.001,0.4939506386872381,0.5217131227254868,0.2337358749937266
n1_d128_r5,1,128,5,10,0.001,0.49098493275232613,0.5198518335819244,0.23143400001572445
n1_d128_r5,1,128,5,11,0.001,0.48850114666856825,0.5182074457406998,0.23050441697705537
n1_d128_r5,1,128,5,12,0.001,0.4864087626338005,0.517510175704956,0.27182149997679517
n1_d128_r5,1,128,5,13,0.001,0.4848685208708048,0.5188137739896774,0.23180112498812377
n1_d128_r5,1,128,5,14,0.001,0.4833246145863086,0.5179621130228043,0.23290375003125519
n1_d128_r5,1,128,5,15,0.001,0.4821631081867963,0.5150550007820129,0.24117291701259091
n1_d128_r5,1,128,5,16,0.001,0.4806141087319702,0.5163449048995972,0.23397433303762227
n1_d128_r5,1,128,5,17,0.001,0.4797740562353283,0.5174738466739655,0.23349616600899026
n1_d128_r5,1,128,5,18,0.001,0.478605868993327,0.5180124193429947,0.23126124998088926
n1_d128_r5,1,128,5,19,0.001,0.47826492600142956,0.5186153799295425,0.26414212497184053
n1_d128_r5,1,128,5,20,0.001,0.4767408019397408,0.5172373950481415,0.23844545800238848
n1_d128_r5,1,128,5,21,0.001,0.4758916571736336,0.519104853272438,0.2316129999817349
n1_d128_r5,1,128,5,22,0.001,0.4751714838203043,0.5204975008964539,0.23376099998131394
n1_d128_r5,1,128,5,23,0.001,0.474359389860183,0.5181576013565063,0.23492175003048033
n1_d128_r5,1,128,5,24,0.0005,0.47095128637738526,0.5196586400270462,0.23436362500069663
n1_d128_r5,1,128,5,25,0.0005,0.4700865549966693,0.5199345499277115,0.2330297909793444
n1_d128_r5,1,128,5,26,0.0005,0.46966950222849846,0.519941121339798,0.23436945799039677
n1_d128_r5,1,128,5,27,0.0005,0.46940452978014946,0.5206948071718216,0.26599958300357684
n1_d128_r5,1,128,5,28,0.0005,0.46898132539354265,0.5202998667955399,0.23721945798024535
n1_d128_r5,1,128,5,29,0.0005,0.46869717771187425,0.5207818448543549,0.23176204197807238
n1_d128_r5,1,128,5,30,0.0005,0.46828417060896754,0.520389050245285,0.23334679199615493
n1_d128_r5,1,128,5,31,0.0005,0.4681320444215089,0.5213348567485809,0.23111824999796227
n1_d128_r5,1,128,5,32,0.00025,0.46604305040091276,0.5210346877574921,0.23880004201782867
n1_d128_r5,1,128,5,33,0.00025,0.46581293013878167,0.5213208198547363,0.23256087501067668
n1_d128_r5,1,128,5,34,0.00025,0.46554816723801196,0.5212501734495163,0.23189870896749198
n1_d128_r5,1,128,5,35,0.00025,0.46545810741372406,0.521607980132103,0.26568879204569384
n1_d256_r5,1,256,5,1,0.001,0.9508798397146165,0.8390835225582123,0.2394970830064267
n1_d256_r5,1,256,5,2,0.001,0.6857315972447395,0.6288340240716934,0.23590145900379866
n1_d256_r5,1,256,5,3,0.001,0.5584229016676545,0.5848227590322495,0.2371333329938352
n1_d256_r5,1,256,5,4,0.001,0.518042357172817,0.5699025094509125,0.23635683301836252
n1_d256_r5,1,256,5,5,0.001,0.4958204438444227,0.5581299662590027,0.23914320801850408
n1_d256_r5,1,256,5,6,0.001,0.4803885514847934,0.5555616766214371,0.24638341699028388
n1_d256_r5,1,256,5,7,0.001,0.4681031743530184,0.553984597325325,0.23868945898720995
n1_d256_r5,1,256,5,8,0.001,0.4591726989019662,0.5554267466068268,0.27999120799358934
n1_d256_r5,1,256,5,9,0.001,0.45055841375142336,0.555438756942749,0.23633395897923037
n1_d256_r5,1,256,5,10,0.001,0.4437290756031871,0.5612210780382156,0.23780579201411456
n1_d256_r5,1,256,5,11,0.001,0.4370905891992152,0.5602845400571823,0.23576624999986961
n1_d256_r5,1,256,5,12,0.001,0.4317054161801934,0.5622266978025436,0.238528290996328
n1_d256_r5,1,256,5,13,0.001,0.42629790981300175,0.5642637014389038,0.23476287501398474
n1_d256_r5,1,256,5,14,0.001,0.4219391362275928,0.5698970556259155,0.24738045898266137
n1_d256_r5,1,256,5,15,0.001,0.41670937393791974,0.5751675516366959,0.2377673339797184
n1_d256_r5,1,256,5,16,0.0005,0.40412046341225505,0.5719250589609146,0.2782847079797648
n1_d256_r5,1,256,5,17,0.0005,0.4010509557556361,0.5772051960229874,0.23718599998392165
n1_d256_r5,1,256,5,18,0.0005,0.39868620154447854,0.5795030295848846,0.2361910830368288
n1_d256_r5,1,256,5,19,0.0005,0.3969254600815475,0.5838011056184769,0.23468158399919048
n1_d256_r5,1,256,5,20,0.0005,0.3950950123835355,0.5852065086364746,0.23841954197268933
n1_d256_r5,1,256,5,21,0.0005,0.3928122706711292,0.5887839794158936,0.27080274996114895
n1_d256_r5,1,256,5,22,0.0005,0.3914754567667842,0.5905319303274155,0.25429312500637025
n1_d256_r5,1,256,5,23,0.0005,0.38948477641679347,0.5951733887195587,0.2631597919971682
n1_d256_r5,1,256,5,24,0.00025,0.38305732724256814,0.5947725772857666,0.2911263750283979
n1_d256_r5,1,256,5,25,0.00025,0.38159714452922344,0.595176100730896,0.23552395799197257
n1_d256_r5,1,256,5,26,0.00025,0.3806074569001794,0.5978521108627319,0.2370799999916926
n1_d256_r5,1,256,5,27,0.00025,0.3796283390838653,0.5987793952226639,0.23503045801771805
n1_d512_r5,1,512,5,1,0.001,0.9596723304130137,0.8563924878835678,0.27181279100477695
n1_d512_r5,1,512,5,2,0.001,0.6484330501407385,0.6511792838573456,0.2692161669838242
n1_d512_r5,1,512,5,3,0.001,0.5072725992649794,0.6173943281173706,0.27545449999161065
n1_d512_r5,1,512,5,4,0.001,0.44453982287086546,0.6171105355024338,0.31377020897343755
n1_d512_r5,1,512,5,5,0.001,0.4022071354556829,0.6241031289100647,0.2664951670449227
n1_d512_r5,1,512,5,6,0.001,0.3675229949876666,0.6348054856061935,0.2680675000301562
n1_d512_r5,1,512,5,7,0.001,0.337505912873894,0.6557393819093704,0.27012870798353106
n1_d512_r5,1,512,5,8,0.001,0.31095696007832885,0.6771762371063232,0.27389608300291
n1_d512_r5,1,512,5,9,0.001,0.28732983174268156,0.6934874206781387,0.2705132910050452
n1_d512_r5,1,512,5,10,0.001,0.26454883941914886,0.7256034314632416,0.26652395800920203
n1_d512_r5,1,512,5,11,0.001,0.24502810614649206,0.7358208298683167,0.27627366699744016
n1_d512_r5,1,512,5,12,0.001,0.22694621165283024,0.7580423951148987,0.30733099998906255
n1_d512_r5,1,512,5,13,0.0005,0.19018398725893348,0.7732115834951401,0.26765391597291455
n1_d512_r5,1,512,5,14,0.0005,0.17862864444032311,0.7906969636678696,0.26580762496450916
n1_d512_r5,1,512,5,15,0.0005,0.17017005011439323,0.8113791942596436,0.2706807919894345
n1_d512_r5,1,512,5,16,0.0005,0.16378927970072255,0.8295046836137772,0.27113966597244143
n1_d512_r5,1,512,5,17,0.0005,0.15796966600464657,0.8348716795444489,0.2665251250145957
n1_d512_r5,1,512,5,18,0.0005,0.15185317205032334,0.8498837798833847,0.26744912494905293
n1_d512_r5,1,512,5,19,0.0005,0.14686651580268517,0.8627039343118668,0.3086014169966802
n1_d512_r5,1,512,5,20,0.0005,0.14218688698019832,0.872637540102005,0.2701610419899225
n1_d512_r5,1,512,5,21,0.00025,0.12620389775838703,0.8823369294404984,0.2674434999935329
n1_d512_r5,1,512,5,22,0.00025,0.1219404346193187,0.8949016332626343,0.2679684160393663
n1_d512_r5,1,512,5,23,0.00025,0.11993185116443783,0.8998212963342667,0.26985949999652803
n1_d512_r5,1,512,5,24,0.00025,0.11742034374037758,0.9110105782747269,0.2745432920055464
n1_d1024_r5,1,1024,5,1,0.001,0.9472287986427546,0.8364056795835495,0.28850395896006376
n1_d1024_r5,1,1024,5,2,0.001,0.5494592019822448,0.6549608707427979,0.3276782080065459
n1_d1024_r5,1,1024,5,3,0.001,0.352634517243132,0.6546454876661301,0.28776329196989536
n1_d1024_r5,1,1024,5,4,0.001,0.23811625817324966,0.6887707859277725,0.28481691697379574
n1_d1024_r5,1,1024,5,5,0.001,0.15795525099383667,0.723210945725441,0.2865497089806013
n1_d1024_r5,1,1024,5,6,0.001,0.10133591038174927,0.7622314244508743,0.28699649998452514
n1_d1024_r5,1,1024,5,7,0.001,0.06472218307317235,0.7778718918561935,0.28694633301347494
n1_d1024_r5,1,1024,5,8,0.001,0.04289167022216134,0.7967628240585327,0.2876655000145547
n1_d1024_r5,1,1024,5,9,0.001,0.029864469077438116,0.8019574582576752,0.29936624999390915
n1_d1024_r5,1,1024,5,10,0.001,0.023122929778764956,0.8101711869239807,0.2896197499940172
n1_d1024_r5,1,1024,5,11,0.001,0.020834933500736952,0.8073344230651855,0.32622179097961634
n1_d1024_r5,1,1024,5,12,0.0005,0.014426258028834127,0.8012775480747223,0.29164295800728723
n1_d1024_r5,1,1024,5,13,0.0005,0.004508147545493557,0.8022128492593765,0.28938729100627825
n1_d1024_r5,1,1024,5,14,0.0005,0.0020421032704689424,0.8041227161884308,0.2891500829719007
n1_d1024_r5,1,1024,5,15,0.0005,0.0011249028461861599,0.8053314238786697,0.2868646670249291
n1_d1024_r5,1,1024,5,16,0.0005,0.0007016040203779994,0.8062753826379776,0.29808345902711153
n1_d1024_r5,1,1024,5,17,0.0005,0.00047956149091987754,0.8075356334447861,0.2900389999849722
n1_d1024_r5,1,1024,5,18,0.0005,0.00035010961937587126,0.8076731562614441,0.3251471249968745
n1_d1024_r5,1,1024,5,19,0.0005,0.00027483202063649514,0.808773472905159,0.29533595900284126
n1_d1024_r5,1,1024,5,20,0.00025,0.00019288341724177371,0.8091068267822266,0.28777125000488013
n1_d1024_r5,1,1024,5,21,0.00025,0.00010157797026977278,0.8092211186885834,0.2899182499968447
n1_d1024_r5,1,1024,5,22,0.00025,7.590453853367762e-05,0.8096556216478348,0.28738383296877146
n1_d1024_r5,1,1024,5,23,0.00025,6.301608193837183e-05,0.809719130396843,0.29891695897094905
n1_d2048_r5,1,2048,5,1,0.001,0.9642897695302963,0.8589602112770081,0.34528274997137487
n1_d2048_r5,1,2048,5,2,0.001,0.4116678866557777,0.7318025678396225,0.3350540000246838
n1_d2048_r5,1,2048,5,3,0.001,0.14844154607271776,0.7511583268642426,0.3717838749871589
n1_d2048_r5,1,2048,5,4,0.001,0.06196493603056297,0.7362604886293411,0.3335143750300631
n1_d2048_r5,1,2048,5,5,0.001,0.03973466806928627,0.73024120926857,0.33853091596392915
n1_d2048_r5,1,2048,5,6,0.001,0.03323292212735396,0.7206396162509918,0.3417113749892451
n1_d2048_r5,1,2048,5,7,0.001,0.0335630690533435,0.7134910970926285,0.33150087494868785
n1_d2048_r5,1,2048,5,8,0.001,0.03424561023712158,0.7076721340417862,0.33407545898808166
n1_d2048_r5,1,2048,5,9,0.001,0.03432425647042692,0.7014509588479996,0.3294927919632755
n1_d2048_r5,1,2048,5,10,0.001,0.03386336233234033,0.6986023187637329,0.3341568330070004
n1_d2048_r5,1,2048,5,11,0.001,0.031654615959268995,0.7000345885753632,0.3730163330328651
n1_d2048_r5,1,2048,5,12,0.001,0.02855244348756969,0.6952594220638275,0.3414213749929331
n1_d2048_r5,1,2048,5,13,0.001,0.026436692991410382,0.6890756040811539,0.33169541700044647
n1_d2048_r5,1,2048,5,14,0.001,0.024596698305686004,0.6901285946369171,0.337410792009905
n1_d2048_r5,1,2048,5,15,0.001,0.023202013719128445,0.6833248138427734,0.3346482500201091
n1_d2048_r5,1,2048,5,16,0.001,0.022952348313992843,0.6799571663141251,0.3288602500106208
n1_d2048_r5,1,2048,5,17,0.001,0.022618055721977726,0.6806971579790115,0.33892754203407094
n1_d2048_r5,1,2048,5,18,0.001,0.02217518560064491,0.679510697722435,0.3754138750373386
n1_d2048_r5,1,2048,5,19,0.001,0.022163399116834626,0.6721140593290329,0.33296200004406273
n1_d2048_r5,1,2048,5,20,0.001,0.022500310034956783,0.6714842766523361,0.3345683329971507
n1_d2048_r5,1,2048,5,21,0.001,0.02249602797382977,0.668438196182251,0.3359300830052234
n1_d2048_r5,1,2048,5,22,0.001,0.0221664440468885,0.6690240055322647,0.3357325419783592
n1_d2048_r5,1,2048,5,23,0.001,0.021624553366564214,0.6641470044851303,0.3355193749885075
n1_d2048_r5,1,2048,5,24,0.001,0.020660919399233535,0.6640992164611816,0.34379241697024554
n1_d2048_r5,1,2048,5,25,0.001,0.019732103850401472,0.6612798571586609,0.336273833992891
n1_d2048_r5,1,2048,5,26,0.001,0.019139973206620198,0.6566000878810883,0.3704500829917379
n1_d2048_r5,1,2048,5,27,0.001,0.018568665327620693,0.6604120433330536,0.34950545796891674
n1_d2048_r5,1,2048,5,28,0.001,0.018381176370894536,0.6537136733531952,0.3295156250242144
n1_d2048_r5,1,2048,5,29,0.001,0.018327707235584967,0.6546617895364761,0.3354430419858545
n1_d2048_r5,1,2048,5,30,0.001,0.018111067955032922,0.6544051915407181,0.34115220804233104
n1_d2048_r5,1,2048,5,31,0.001,0.017842429733718745,0.6540795862674713,0.331852458009962
n1_d2048_r5,1,2048,5,32,0.001,0.01742542384454282,0.6473820209503174,0.33204258303157985
n1_d2048_r5,1,2048,5,33,0.001,0.01705112240597373,0.65415920317173,0.34578983299434185
n1_d2048_r5,1,2048,5,34,0.001,0.01723210867930902,0.6465751677751541,0.3753118329914287
n1_d2048_r5,1,2048,5,35,0.001,0.017346794105833396,0.6473857313394547,0.33607104199472815
n1_d2048_r5,1,2048,5,36,0.001,0.017185130425787065,0.6460835486650467,0.33647316601127386
n1_d2048_r5,1,2048,5,37,0.001,0.016813389367598575,0.6474210619926453,0.34160625003278255
n1_d2048_r5,1,2048,5,38,0.001,0.016106340030091815,0.6455121487379074,0.33535433397628367
n1_d2048_r5,1,2048,5,39,0.001,0.015815598839253653,0.643148198723793,0.33789320796495304
n1_d2048_r5,1,2048,5,40,0.001,0.01523919797182316,0.6460506319999695,0.3362143330159597
n1_d2048_r5,1,2048,5,41,0.001,0.014462153776548803,0.6431223601102829,0.3339489169884473
n1_d2048_r5,1,2048,5,42,0.001,0.014264006334997248,0.6405004411935806,0.36086566699668765
n1_d2048_r5,1,2048,5,43,0.001,0.014350035780807957,0.6405391544103622,0.38265916699310765
n1_d2048_r5,1,2048,5,44,0.001,0.014612839397159405,0.6423258185386658,0.33738120895577595
n1_d2048_r5,1,2048,5,45,0.001,0.015123703764402308,0.6369442492723465,0.33773620799183846
n1_d2048_r5,1,2048,5,46,0.001,0.014655110193416476,0.6410354673862457,0.33848858397686854
n1_d2048_r5,1,2048,5,47,0.001,0.01380238238198217,0.6349098533391953,0.3286768749821931
n1_d2048_r5,1,2048,5,48,0.001,0.013113767359755002,0.6350574046373367,0.33752058405661955
n1_d2048_r5,1,2048,5,49,0.001,0.01271830711630173,0.6352590173482895,0.3430038329679519
n1_d2048_r5,1,2048,5,50,0.001,0.012482675942010246,0.6331059783697128,0.33697975001996383
n1_d2048_r5,1,2048,5,51,0.001,0.012140554892539512,0.6324084848165512,0.374771666014567
n1_d2048_r5,1,2048,5,52,0.001,0.012249410559888929,0.6312111616134644,0.33834983297856525
n1_d2048_r5,1,2048,5,53,0.001,0.012576669418194797,0.6369303464889526,0.3362828749814071
n1_d2048_r5,1,2048,5,54,0.001,0.012726224391371943,0.6328091323375702,0.33604245801689103
n1_d2048_r5,1,2048,5,55,0.001,0.012564586933876853,0.6344203054904938,0.3483507499913685
n1_d2048_r5,1,2048,5,56,0.001,0.012310593490838073,0.6300104856491089,0.3368707920308225
n1_d2048_r5,1,2048,5,57,0.001,0.012064049558830447,0.6345685124397278,0.3311692909919657
n1_d2048_r5,1,2048,5,58,0.001,0.012122142135922331,0.6277890503406525,0.37197379203280434
n1_d2048_r5,1,2048,5,59,0.001,0.011815609308541752,0.6277168989181519,0.33436587505275384
n1_d2048_r5,1,2048,5,60,0.001,0.011312710339552723,0.6282360255718231,0.33598670799983665
n1_d2048_r5,1,2048,5,61,0.001,0.010873699509829748,0.6254607886075974,0.3490353329689242
n1_d2048_r5,1,2048,5,62,0.001,0.010386043424659874,0.6280329078435898,0.32942520797951147
n1_d2048_r5,1,2048,5,63,0.001,0.010063216272101272,0.6275158375501633,0.3371079579810612
n1_d2048_r5,1,2048,5,64,0.001,0.009925416270561982,0.6234927922487259,0.33788687497144565
n1_d2048_r5,1,2048,5,65,0.001,0.00997781378828222,0.6228439211845398,0.33472783298930153
n1_d2048_r5,1,2048,5,66,0.001,0.010164677139982814,0.6258373409509659,0.3736096670036204
n1_d2048_r5,1,2048,5,67,0.001,0.010000970607507043,0.626942440867424,0.33760620903922245
n1_d2048_r5,1,2048,5,68,0.001,0.009720301681227284,0.6271864771842957,0.33270337496651337
n1_d2048_r5,1,2048,5,69,0.001,0.009714727031678194,0.6232313811779022,0.3323124159942381
n1_d2048_r5,1,2048,5,70,0.001,0.009891318622976542,0.6217058748006821,0.3345067090122029
n1_d2048_r5,1,2048,5,71,0.001,0.009782595421711449,0.6241518706083298,0.33664279198274016
n1_d2048_r5,1,2048,5,72,0.001,0.009827409805438947,0.6215543299913406,0.33484904101351276
n1_d2048_r5,1,2048,5,73,0.001,0.009774999212822877,0.6237185597419739,0.34450095903594047
n1_d2048_r5,1,2048,5,74,0.001,0.009889100736472756,0.623532310128212,0.37450470903422683
n1_d2048_r5,1,2048,5,75,0.001,0.00983324424669263,0.6254421174526215,0.34023758297553286
n1_d2048_r5,1,2048,5,76,0.001,0.009633342833694769,0.6208655387163162,0.3355119170155376
n1_d2048_r5,1,2048,5,77,0.001,0.009246310994058149,0.6229764521121979,0.33239608304575086
n1_d2048_r5,1,2048,5,78,0.001,0.008750314595090458,0.6195598542690277,0.3365434579900466
n1_d2048_r5,1,2048,5,79,0.001,0.008476210892695235,0.6206709146499634,0.340259458986111
n1_d2048_r5,1,2048,5,80,0.001,0.00824333473428851,0.6167885363101959,0.3304967919830233
n1_d2048_r5,1,2048,5,81,0.001,0.007922347529529361,0.6196331232786179,0.3342291669687256
n1_d2048_r5,1,2048,5,82,0.001,0.007643731914868113,0.6214114129543304,0.3709117079852149
n1_d2048_r5,1,2048,5,83,0.001,0.00755133750863024,0.6200497001409531,0.32767208298901096
n1_d2048_r5,1,2048,5,84,0.001,0.007572680693556322,0.6199218332767487,0.33307504100957885
n1_d2048_r5,1,2048,5,85,0.001,0.0077790634604752995,0.6195818930864334,0.34115833399118856
n1_d2048_r5,1,2048,5,86,0.001,0.008466558501822874,0.6223591268062592,0.33051983400946483
n1_d2048_r5,1,2048,5,87,0.001,0.008946855177782709,0.6202742904424667,0.3366411250317469
n1_d2048_r5,1,2048,5,88,0.001,0.008775972237344831,0.6183399558067322,0.33077574998605996
n1_d2048_r5,1,2048,5,89,0.0005,0.00668687359575415,0.6157253682613373,0.33142687496729195
n1_d2048_r5,1,2048,5,90,0.0005,0.0011329649132676423,0.614888459444046,0.3741138749755919
n1_d2048_r5,1,2048,5,91,0.0005,0.00026836896245185926,0.6152620911598206,0.34046375000616536
n1_d2048_r5,1,2048,5,92,0.0005,6.579721124921889e-05,0.6150737851858139,0.33229649998247623
n1_d2048_r5,1,2048,5,93,0.0005,1.7697462162402644e-05,0.6150582283735275,0.3316613750066608
n1_d2048_r5,1,2048,5,94,0.0005,5.552107634088088e-06,0.6151349097490311,0.33484487497480586
n1_d2048_r5,1,2048,5,95,0.0005,1.9816746963385867e-06,0.615160807967186,0.3342265840037726
n1_d2048_r5,1,2048,5,96,0.0005,8.218933231773917e-07,0.6151289939880371,0.3374890829436481
n1_d2048_r5,1,2048,5,97,0.0005,4.3535102944858295e-07,0.6151560395956039,0.34121529100229964
n1_d2048_r5,1,2048,5,98,0.0005,2.974654279563893e-07,0.6151388734579086,0.37417166703380644
n1_d2048_r5,1,2048,5,99,0.00025,2.08997012696166e-07,0.6151464134454727,0.3395785410539247
n1_d2048_r5,1,2048,5,100,0.00025,4.722690750968983e-08,0.6151485443115234,0.332983750035055
n1_d2048_r5,1,2048,5,101,0.00025,2.2765292442827878e-08,0.6151463985443115,0.3333648330299184
n1_d2048_r5,1,2048,5,102,0.00025,1.4670550080309042e-08,0.615148201584816,0.3321092500118539
n1_d2048_r5,1,2048,5,103,0.00025,1.2357181440863368e-08,0.61514812707901,0.3413436249829829
n1_d2048_r5,1,2048,5,104,0.00025,9.90442415756132e-09,0.6151492446660995,0.3346064589568414
n1_d2048_r5,1,2048,5,105,0.00025,8.14079901623535e-09,0.6151503324508667,0.37072775000706315
n1_d2048_r5,1,2048,5,106,0.00025,6.886463039569579e-09,0.6151488125324249,0.34079954196931794
n1_d2048_r5,1,2048,5,107,0.000125,5.219884176375228e-09,0.6151508837938309,0.33414329099468887
n1_d2048_r5,1,2048,5,108,0.000125,3.955438624856852e-09,0.6151506453752518,0.33689624996623024
n1_d2048_r5,1,2048,5,109,0.000125,3.4937840710791424e-09,0.6151502132415771,0.3389835419948213
n1_d2048_r5,1,2048,5,110,0.000125,2.8464612576717396e-09,0.6151498109102249,0.33814387500751764
n1_d4096_r5,1,4096,5,1,0.001,0.9704855517484248,0.9521918296813965,0.49102829198818654
n1_d4096_r5,1,4096,5,2,0.001,0.5059084915556014,0.7973435521125793,0.4521355840261094
n1_d4096_r5,1,4096,5,3,0.001,0.1786293440964073,0.749641939997673,0.49971570796333253
n1_d4096_r5,1,4096,5,4,0.001,0.0728901014663279,0.7261208444833755,0.45828504202654585
n1_d4096_r5,1,4096,5,5,0.001,0.03883568132005166,0.7175753265619278,0.4531923329923302
n1_d4096_r5,1,4096,5,6,0.001,0.025831955863395706,0.7104010581970215,0.4498358339769766
n1_d4096_r5,1,4096,5,7,0.001,0.021071761853818316,0.7132853865623474,0.45696029101964086
n1_d4096_r5,1,4096,5,8,0.001,0.020320564100984484,0.7071713656187057,0.4525888749631122
n1_d4096_r5,1,4096,5,9,0.001,0.021977911426802166,0.7095962315797806,0.46005808300105855
n1_d4096_r5,1,4096,5,10,0.001,0.024925340883783065,0.7054972052574158,0.45190858299611136
n1_d4096_r5,1,4096,5,11,0.001,0.028569636386237107,0.7060953676700592,0.49230020795948803
n1_d4096_r5,1,4096,5,12,0.001,0.03182832089078147,0.7036047875881195,0.44921491597779095
n1_d4096_r5,1,4096,5,13,0.001,0.03192136557481717,0.7016857266426086,0.4697884159977548
n1_d4096_r5,1,4096,5,14,0.001,0.030183405528077856,0.703292965888977,0.45019166701240465
n1_d4096_r5,1,4096,5,15,0.001,0.026887175859883428,0.6994835287332535,0.44638837495585904
n1_d4096_r5,1,4096,5,16,0.001,0.024146394949639216,0.6932226717472076,0.45596137503162026
n1_d4096_r5,1,4096,5,17,0.001,0.02248180320020765,0.6916254460811615,0.44982783403247595
n1_d4096_r5,1,4096,5,18,0.001,0.02100387346581556,0.685695230960846,0.4668796250480227
n1_d4096_r5,1,4096,5,19,0.001,0.020365424919873476,0.685795322060585,0.49277345900190994
n1_d4096_r5,1,4096,5,20,0.001,0.019806223470368423,0.6865075081586838,0.4571662499802187
n1_d4096_r5,1,4096,5,21,0.001,0.01927045807678951,0.6794063299894333,0.45037566596874967
n1_d4096_r5,1,4096,5,22,0.001,0.019313874923682306,0.6828459203243256,0.4682761669973843
n1_d4096_r5,1,4096,5,23,0.001,0.019126670449622907,0.681746318936348,0.45002649998059496
n1_d4096_r5,1,4096,5,24,0.001,0.01961073417623993,0.680000901222229,0.45280374999856576
n1_d4096_r5,1,4096,5,25,0.001,0.020229946050676517,0.6797788292169571,0.44808012497378513
n1_d4096_r5,1,4096,5,26,0.001,0.020850529508606996,0.6722729057073593,0.49446745903696865
n1_d4096_r5,1,4096,5,27,0.001,0.020474865654250607,0.6764024496078491,0.45514387503499165
n1_d4096_r5,1,4096,5,28,0.001,0.020313042790803593,0.6743413209915161,0.44949854200240225
n1_d4096_r5,1,4096,5,29,0.001,0.020243715029209852,0.6748224645853043,0.4606663339654915
n1_d4096_r5,1,4096,5,30,0.001,0.019432511551713105,0.6723132878541946,0.4489831250393763
n1_d4096_r5,1,4096,5,31,0.001,0.018733941673417576,0.6735938191413879,0.4709865830373019
n1_d4096_r5,1,4096,5,32,0.001,0.01775335676938994,0.6672296226024628,0.4491915419930592
n1_d4096_r5,1,4096,5,33,0.001,0.016689024938386865,0.6632656157016754,0.4589932920061983
n1_d4096_r5,1,4096,5,34,0.001,0.01566882369661471,0.6653629094362259,0.4909825409995392
n1_d4096_r5,1,4096,5,35,0.001,0.015904936684819404,0.6653007566928864,0.4564359999494627
n1_d4096_r5,1,4096,5,36,0.001,0.016136591715621762,0.6594057232141495,0.4564992090454325
n1_d4096_r5,1,4096,5,37,0.001,0.015454038337338716,0.6601489037275314,0.4564057919778861
n1_d4096_r5,1,4096,5,38,0.001,0.015380587370600551,0.6612340360879898,0.4525711659807712
n1_d4096_r5,1,4096,5,39,0.001,0.01556974140839884,0.6629349887371063,0.4562240419909358
n1_d4096_r5,1,4096,5,40,0.001,0.015375657370896079,0.6591522693634033,0.46129512501647696
n1_d4096_r5,1,4096,5,41,0.001,0.014939226995920762,0.6541702598333359,0.45396295899990946
n1_d4096_r5,1,4096,5,42,0.001,0.01416861676989356,0.6581393927335739,0.5005559579585679
n1_d4096_r5,1,4096,5,43,0.001,0.013916616757342126,0.6509140282869339,0.4526673329528421
n1_d4096_r5,1,4096,5,44,0.001,0.014129688519460615,0.657342329621315,0.4732778749894351
n1_d4096_r5,1,4096,5,45,0.001,0.013901975718908943,0.6526445597410202,0.4598463330185041
n1_d4096_r5,1,4096,5,46,0.001,0.013406208730884828,0.6507197767496109,0.4625145000172779
n1_d4096_r5,1,4096,5,47,0.001,0.013447182602249086,0.6500762403011322,0.4513018329744227
n1_d4096_r5,1,4096,5,48,0.001,0.013273019190819468,0.6508793979883194,0.4621064580278471
n1_d4096_r5,1,4096,5,49,0.001,0.013064360908174422,0.6442862302064896,0.4667981659877114
n1_d4096_r5,1,4096,5,50,0.001,0.013170532147341873,0.6491721570491791,0.5001665829913691
n1_d4096_r5,1,4096,5,51,0.001,0.013002444873563945,0.6463263779878616,0.4609440410276875
n1_d4096_r5,1,4096,5,52,0.001,0.01245667915645754,0.6474228501319885,0.4629913330427371
n1_d4096_r5,1,4096,5,53,0.001,0.011989962738880422,0.6462498605251312,0.4639561250223778
n1_d4096_r5,1,4096,5,54,0.001,0.011734892672393471,0.6435230523347855,0.46382812497904524
n1_d4096_r5,1,4096,5,55,0.001,0.011430177735746838,0.640601247549057,0.45644641702529043
n1_d4096_r5,1,4096,5,56,0.001,0.011055236442189198,0.6406727135181427,0.4517238339758478
n1_d4096_r5,1,4096,5,57,0.001,0.011087920342106372,0.640992283821106,0.46242487500421703
n1_d4096_r5,1,4096,5,58,0.001,0.01092737424914958,0.6413451284170151,0.4681331659667194
n1_d4096_r5,1,4096,5,59,0.001,0.011032414538931334,0.6408065110445023,0.5015842909924686
n1_d4096_r5,1,4096,5,60,0.001,0.01107325151679106,0.6401299983263016,0.4550569170387462
n1_d4096_r5,1,4096,5,61,0.001,0.011052536814531777,0.6425906866788864,0.46505691698985174
n1_d4096_r5,1,4096,5,62,0.001,0.010593207196507137,0.6398949325084686,0.46608408394968137
n1_d4096_r5,1,4096,5,63,0.001,0.0103604303112661,0.642937570810318,0.46236949996091425
n1_d4096_r5,1,4096,5,64,0.001,0.009648597024352057,0.6388619542121887,0.456293250026647
n1_d4096_r5,1,4096,5,65,0.001,0.009284217729145894,0.6381476074457169,0.4663052500109188
n1_d4096_r5,1,4096,5,66,0.001,0.009093096083233831,0.6381201595067978,0.46029466699110344
n1_d4096_r5,1,4096,5,67,0.001,0.00895580699943821,0.6379904448986053,0.5123385000042617
n1_d4096_r5,1,4096,5,68,0.001,0.009147906108410098,0.6368607878684998,0.4507699999958277
n1_d4096_r5,1,4096,5,69,0.001,0.009111504550673999,0.6369804590940475,0.4637075000209734
n1_d4096_r5,1,4096,5,70,0.001,0.00942066902280203,0.6344185173511505,0.4517320839804597
n1_d4096_r5,1,4096,5,71,0.001,0.009758631869772216,0.6351812034845352,0.4696594589622691
n1_d4096_r5,1,4096,5,72,0.001,0.00944790216817637,0.6333267986774445,0.46106262505054474
n1_d4096_r5,1,4096,5,73,0.001,0.00918837186327437,0.6365575641393661,0.45144516602158546
n1_d4096_r5,1,4096,5,74,0.001,0.009102409945626277,0.6327725052833557,0.5011216250131838
n1_d4096_r5,1,4096,5,75,0.001,0.008717934164451435,0.6354627460241318,0.45314270799281076
n1_d4096_r5,1,4096,5,76,0.001,0.008614043650595704,0.6290000677108765,0.4729454999906011
n1_d4096_r5,1,4096,5,77,0.001,0.008229303341067862,0.6317427456378937,0.4579569159541279
n1_d4096_r5,1,4096,5,78,0.001,0.008069729188719066,0.6283975094556808,0.458752500009723
n1_d4096_r5,1,4096,5,79,0.001,0.008070763924479252,0.6355779021978378,0.45157074998132885
n1_d4096_r5,1,4096,5,80,0.001,0.007538659723650198,0.6298305541276932,0.47052058298140764
n1_d4096_r5,1,4096,5,81,0.001,0.007244217962579569,0.6336662024259567,0.4546087920316495
n1_d4096_r5,1,4096,5,82,0.001,0.006984033068874851,0.6290285438299179,0.533843916025944
n1_d4096_r5,1,4096,5,83,0.001,0.00689839172991924,0.6319777965545654,0.4529697499820031
n1_d4096_r5,1,4096,5,84,0.001,0.007070926698361291,0.6275757253170013,0.46028370899148285
n1_d4096_r5,1,4096,5,85,0.001,0.0071559458556293976,0.6323757469654083,0.47030899999663234
n1_d4096_r5,1,4096,5,86,0.001,0.007226475834613666,0.6270364373922348,0.48543745902134106
n1_d4096_r5,1,4096,5,87,0.001,0.007474817171896575,0.6286390274763107,0.4737816249835305
n1_d4096_r5,1,4096,5,88,0.001,0.007608002055349061,0.6270664781332016,0.47013029200024903
n1_d4096_r5,1,4096,5,89,0.001,0.007277789001818746,0.6285895705223083,0.4741220410214737
n1_d4096_r5,1,4096,5,90,0.001,0.007107454373908695,0.6262943148612976,0.5052265000413172
n1_d4096_r5,1,4096,5,91,0.001,0.006989139212237205,0.629680410027504,0.4621188329765573
n1_d4096_r5,1,4096,5,92,0.001,0.006831403628893895,0.6298940181732178,0.4636359590222128
n1_d4096_r5,1,4096,5,93,0.001,0.006646202986303251,0.6283774375915527,0.4825003750156611
n1_d4096_r5,1,4096,5,94,0.001,0.006568492826772854,0.6233765631914139,0.4831469589844346
n1_d4096_r5,1,4096,5,95,0.001,0.0067144926797482185,0.6291835904121399,0.47759591601789
n1_d4096_r5,1,4096,5,96,0.001,0.006734400234563509,0.626446008682251,0.4614812089712359
n1_d4096_r5,1,4096,5,97,0.001,0.006454220645537134,0.627091571688652,0.4704890830325894
n1_d4096_r5,1,4096,5,98,0.001,0.006082311083446257,0.6269529759883881,0.5285234170150943
n1_d4096_r5,1,4096,5,99,0.001,0.005803062966151629,0.6263795346021652,0.4764195419847965
n1_d4096_r5,1,4096,5,100,0.001,0.005556349395192228,0.6241963803768158,0.46566408302169293
n1_d4096_r5,1,4096,5,101,0.001,0.005588734791672323,0.6269244253635406,0.49822433397639543
n1_d4096_r5,1,4096,5,102,0.001,0.005770778025180334,0.6239020377397537,0.4766415419871919
n1_d4096_r5,1,4096,5,103,0.0005,0.004739921663713176,0.6228356957435608,0.4824849579599686
n1_d4096_r5,1,4096,5,104,0.0005,0.0006799732686886273,0.6231865584850311,0.46720999997342005
n1_d4096_r5,1,4096,5,105,0.0005,0.0001341816595754608,0.622730553150177,0.47909316699951887
n1_d4096_r5,1,4096,5,106,0.0005,2.9197638568234652e-05,0.6228839755058289,0.5226255409652367
n1_d4096_r5,1,4096,5,107,0.0005,7.46117947159064e-06,0.6229016035795212,0.47448124998481944
n1_d4096_r5,1,4096,5,108,0.0005,2.480224568834899e-06,0.622992753982544,0.470703000028152
n1_d4096_r5,1,4096,5,109,0.0005,1.3003253562793304e-06,0.6229016780853271,0.4879814590094611
n1_d4096_r5,1,4096,5,110,0.0005,1.0728108579272089e-06,0.6229544430971146,0.5480297500034794
n1_d4096_r5,1,4096,5,111,0.0005,1.3165821257654642e-06,0.6229444891214371,0.4811400420148857
n1_d4096_r5,1,4096,5,112,0.0005,2.146853700146778e-06,0.6229952573776245,0.46609854098642245
n1_d4096_r5,1,4096,5,113,0.0005,4.0633500040243575e-06,0.6228759437799454,0.46854729199549183
n1_d4096_r5,1,4096,5,114,0.00025,5.4509418152548506e-06,0.6229222267866135,0.5050502920057625
n1_d4096_r5,1,4096,5,115,0.00025,1.0972376405238293e-06,0.6229134351015091,0.4795132500003092
n1_d4096_r5,1,4096,5,116,0.00025,2.830340406489995e-07,0.6229261159896851,0.45914904098026454
n1_d4096_r5,1,4096,5,117,0.00025,8.421563324478853e-08,0.6229162812232971,0.46085341600701213
n1_d4096_r5,1,4096,5,118,0.00025,3.473567188050364e-08,0.6229197531938553,0.4693688330007717
n1_d4096_r5,1,4096,5,119,0.00025,2.0620887192235315e-08,0.6229214817285538,0.46598154201637954
n1_d4096_r5,1,4096,5,120,0.00025,1.861689443924397e-08,0.6229185461997986,0.4832662499975413
n1_d4096_r5,1,4096,5,121,0.00025,2.0539454286677694e-08,0.6229198724031448,0.4917845419840887
n1_d4096_r5,1,4096,5,122,0.000125,2.5188755348876102e-08,0.6229202151298523,0.5072864999528974
n1_d4096_r5,1,4096,5,123,0.000125,3.391913049044515e-09,0.6229200810194016,0.4967667500022799
n1_d4096_r5,1,4096,5,124,0.000125,7.330011857903385e-10,0.6229201406240463,0.5008358749910258
n1_d4096_r5,1,4096,5,125,0.000125,1.6928035801453203e-10,0.6229207217693329,0.4695174170192331
n1_d64_r6,1,64,6,1,0.001,1.0477096191607416,0.8883077651262283,0.27378658298403025
n1_d64_r6,1,64,6,2,0.001,0.8100516074337065,0.7217072248458862,0.24495191703317687
n1_d64_r6,1,64,6,3,0.001,0.6735963653773069,0.6107243001461029,0.23645475000375882
n1_d64_r6,1,64,6,4,0.001,0.5987534206360579,0.5678691267967224,0.24017416697461158
n1_d64_r6,1,64,6,5,0.001,0.5657887679990381,0.5419006869196892,0.23401612497400492
n1_d64_r6,1,64,6,6,0.001,0.5446529125329107,0.5266691446304321,0.23785754200071096
n1_d64_r6,1,64,6,7,0.001,0.5304880365729332,0.5154674053192139,0.23380312498193234
n1_d64_r6,1,64,6,8,0.001,0.520875942427665,0.507170245051384,0.2326657499652356
n1_d64_r6,1,64,6,9,0.001,0.5140475102234632,0.5016778334975243,0.2699620420462452
n1_d64_r6,1,64,6,10,0.001,0.5095930411480367,0.4996388331055641,0.24205108301248401
n1_d64_r6,1,64,6,11,0.001,0.5063488518353552,0.4963376373052597,0.23388304200489074
n1_d64_r6,1,64,6,12,0.001,0.5040811626240611,0.49663352966308594,0.232708084047772
n1_d64_r6,1,64,6,13,0.001,0.5028265756554902,0.493982657790184,0.2319460419821553
n1_d64_r6,1,64,6,14,0.001,0.5015502141322941,0.4941471368074417,0.23616391699761152
n1_d64_r6,1,64,6,15,0.001,0.5006498033180833,0.4952673390507698,0.23194383300142363
n1_d64_r6,1,64,6,16,0.001,0.5000744857825339,0.49388477206230164,0.2667609589989297
n1_d64_r6,1,64,6,17,0.001,0.4994915856514126,0.49375278502702713,0.23618775000795722
n1_d64_r6,1,64,6,18,0.001,0.4988508156966418,0.49454618245363235,0.23613008297979832
n1_d64_r6,1,64,6,19,0.001,0.4985770971979946,0.49368514120578766,0.23380208399612457
n1_d64_r6,1,64,6,20,0.001,0.4980797239113599,0.4939453825354576,0.23479862499516457
n1_d64_r6,1,64,6,21,0.001,0.4976673189084977,0.4936490058898926,0.2329582499805838
n1_d64_r6,1,64,6,22,0.001,0.49737086170352995,0.49440883100032806,0.23454962496180087
n1_d64_r6,1,64,6,23,0.001,0.4971519778482616,0.4943273365497589,0.23390958399977535
n1_d64_r6,1,64,6,24,0.001,0.4967448345851153,0.49335741996765137,0.27413724997313693
n1_d64_r6,1,64,6,25,0.001,0.49661530344747007,0.495644249022007,0.23327004100428894
n1_d64_r6,1,64,6,26,0.001,0.4965782661456615,0.4954361990094185,0.24259050004184246
n1_d64_r6,1,64,6,27,0.001,0.4960334189236164,0.4942827448248863,0.24865795898949727
n1_d64_r6,1,64,6,28,0.001,0.4956848337315023,0.49514003098011017,0.2354187499731779
n1_d64_r6,1,64,6,29,0.001,0.49574512732215226,0.49343693256378174,0.2501074169995263
n1_d64_r6,1,64,6,30,0.001,0.49547301745042205,0.4939010888338089,0.2334635829902254
n1_d64_r6,1,64,6,31,0.001,0.49531199038028717,0.4949943721294403,0.2368007079930976
n1_d64_r6,1,64,6,32,0.001,0.49497772264294326,0.49443022906780243,0.27127529203426093
n1_d64_r6,1,64,6,33,0.0005,0.4934981057886034,0.4939759224653244,0.23342366697033867
n1_d64_r6,1,64,6,34,0.0005,0.493311699712649,0.4940022826194763,0.2335603330284357
n1_d64_r6,1,64,6,35,0.0005,0.49327639187686145,0.49437930434942245,0.23385245900135487
n1_d64_r6,1,64,6,36,0.0005,0.4931322119664401,0.4942406564950943,0.23858662496786565
n1_d64_r6,1,64,6,37,0.0005,0.49298657895997167,0.49418988078832626,0.23299979197327048
n1_d64_r6,1,64,6,38,0.0005,0.4930827079806477,0.49403122812509537,0.23275545897195116
n1_d64_r6,1,64,6,39,0.0005,0.49287943285889924,0.49373894184827805,0.23618004203308374
n1_d64_r6,1,64,6,40,0.0005,0.49288481660187244,0.49321987479925156,0.27050087501993403
n1_d64_r6,1,64,6,41,0.0005,0.4927130627911538,0.49384839832782745,0.2337032089708373
n1_d64_r6,1,64,6,42,0.0005,0.4926995353307575,0.49413055926561356,0.2342791249975562
n1_d64_r6,1,64,6,43,0.0005,0.4926094065885991,0.49399930983781815,0.2349946249742061
n1_d64_r6,1,64,6,44,0.0005,0.4927066711243242,0.49416108429431915,0.2371477090055123
n1_d64_r6,1,64,6,45,0.0005,0.4925107220187783,0.4942304715514183,0.2352702499483712
n1_d64_r6,1,64,6,46,0.0005,0.4923558358568698,0.4938524588942528,0.23368637496605515
n1_d64_r6,1,64,6,47,0.0005,0.4923733463510871,0.49420978128910065,0.2354624579893425
n1_d64_r6,1,64,6,48,0.0005,0.49238792224787176,0.4942596107721329,0.27120658301282674
n1_d64_r6,1,64,6,49,0.00025,0.4914824634324759,0.4942353814840317,0.233780000009574
n1_d64_r6,1,64,6,50,0.00025,0.4914529339876026,0.49435339868068695,0.23167345800902694
n1_d64_r6,1,64,6,51,0.00025,0.4914066332858056,0.49430273473262787,0.23597387498011813
n1_d64_r6,1,64,6,52,0.00025,0.4913919970858842,0.4941750690340996,0.2310339590185322
n1_d64_r6,1,64,6,53,0.00025,0.49134352849796414,0.49452346563339233,0.23716116702416912
n1_d64_r6,1,64,6,54,0.00025,0.49129107873886824,0.4940290078520775,0.23286600003484637
n1_d64_r6,1,64,6,55,0.00025,0.4912266759201884,0.49418458342552185,0.23176362499361858
n1_d64_r6,1,64,6,56,0.00025,0.4912378741428256,0.4942905083298683,0.27257199998712167
n1_d64_r6,1,64,6,57,0.000125,0.49079365585930645,0.4942285791039467,0.23261787503724918
n1_d64_r6,1,64,6,58,0.000125,0.49081552075222135,0.4942758157849312,0.23273849999532104
n1_d64_r6,1,64,6,59,0.000125,0.4907972887158394,0.4941530227661133,0.23367133300052956
n1_d64_r6,1,64,6,60,0.000125,0.49075628560967743,0.4941755309700966,0.2408606669632718
n1_d128_r6,1,128,6,1,0.001,0.9817503415979445,0.7985248863697052,0.2450222079642117
n1_d128_r6,1,128,6,2,0.001,0.7358267693780363,0.6279482841491699,0.24834379099775106
n1_d128_r6,1,128,6,3,0.001,0.6016888786107302,0.5557298958301544,0.28218154195928946
n1_d128_r6,1,128,6,4,0.001,0.5532562516164035,0.534540481865406,0.24191066599451005
n1_d128_r6,1,128,6,5,0.001,0.5314551489427686,0.5217110067605972,0.23964216699823737
n1_d128_r6,1,128,6,6,0.001,0.5173190487548709,0.51467464864254,0.24132074997760355
n1_d128_r6,1,128,6,7,0.001,0.5076074078679085,0.5104751884937286,0.23876600002404302
n1_d128_r6,1,128,6,8,0.001,0.5003273368347436,0.5058517083525658,0.2403249170165509
n1_d128_r6,1,128,6,9,0.001,0.49538935092277825,0.5041389316320419,0.23830270796315745
n1_d128_r6,1,128,6,10,0.001,0.49136423552408814,0.5024117827415466,0.24591829197015613
n1_d128_r6,1,128,6,11,0.001,0.4887108716648072,0.5011405795812607,0.2782761249691248
n1_d128_r6,1,128,6,12,0.001,0.4866915876045823,0.5019508004188538,0.23919400002341717
n1_d128_r6,1,128,6,13,0.001,0.48444102867506444,0.5007119551301003,0.23750345798907802
n1_d128_r6,1,128,6,14,0.001,0.4827516267541796,0.5029128193855286,0.23594283300917596
n1_d128_r6,1,128,6,15,0.001,0.4814445876982063,0.502253845334053,0.23907008301466703
n1_d128_r6,1,128,6,16,0.001,0.48061215435154736,0.5011776015162468,0.24257337499875575
n1_d128_r6,1,128,6,17,0.001,0.479241099441424,0.502865694463253,0.2369078749907203
n1_d128_r6,1,128,6,18,0.001,0.47816526982933283,0.5014737695455551,0.2768731659743935
n1_d128_r6,1,128,6,19,0.001,0.4773509365040809,0.5010089427232742,0.24427541601471603
n1_d128_r6,1,128,6,20,0.001,0.4762780505698174,0.5022402927279472,0.24069691699696705
n1_d128_r6,1,128,6,21,0.001,0.47554461867548525,0.5024566128849983,0.23829737497726455
n1_d128_r6,1,128,6,22,0.0005,0.4718699804507196,0.5025101825594902,0.23672645899932832
n1_d128_r6,1,128,6,23,0.0005,0.47093939525075257,0.5028283074498177,0.23718812502920628
n1_d128_r6,1,128,6,24,0.0005,0.4706256950739771,0.5019783079624176,0.23859916598303244
n1_d128_r6,1,128,6,25,0.0005,0.4702306299004704,0.5023707300424576,0.23750058299629018
n1_d128_r6,1,128,6,26,0.0005,0.4701053809840232,0.503425732254982,0.2717108749784529
n1_d128_r6,1,128,6,27,0.0005,0.4694942608475685,0.5030747205018997,0.25172216701321304
n1_d128_r6,1,128,6,28,0.0005,0.46932039712555707,0.5033451691269875,0.24032912496477365
n1_d128_r6,1,128,6,29,0.0005,0.4690094031393528,0.5041490644216537,0.2360617920057848
n1_d128_r6,1,128,6,30,0.00025,0.46695530437864363,0.5038740783929825,0.2363984999828972
n1_d128_r6,1,128,6,31,0.00025,0.4667365369386971,0.5036604702472687,0.23738250002497807
n1_d128_r6,1,128,6,32,0.00025,0.46668021590448916,0.5036783218383789,0.23759333399357274
n1_d128_r6,1,128,6,33,0.00025,0.4664693686645478,0.5041045844554901,0.23692712502088398
n1_d256_r6,1,256,6,1,0.001,0.9339073617011309,0.7787358909845352,0.2818116669659503
n1_d256_r6,1,256,6,2,0.001,0.658628539647907,0.5820949375629425,0.24727599998004735
n1_d256_r6,1,256,6,3,0.001,0.546057588653639,0.5590413957834244,0.24684258399065584
n1_d256_r6,1,256,6,4,0.001,0.5105805634520948,0.5485623627901077,0.2433682080009021
n1_d256_r6,1,256,6,5,0.001,0.4898824787233025,0.539493978023529,0.24312179198022932
n1_d256_r6,1,256,6,6,0.001,0.4758295121137053,0.5393145233392715,0.241243083961308
n1_d256_r6,1,256,6,7,0.001,0.4651660097297281,0.5368527099490166,0.24738191603682935
n1_d256_r6,1,256,6,8,0.001,0.45558631839230657,0.5442182645201683,0.27385554095963016
n1_d256_r6,1,256,6,9,0.001,0.4484546356834471,0.5414091050624847,0.24668804102111608
n1_d256_r6,1,256,6,10,0.001,0.44203736959025264,0.5445261895656586,0.24154345801798627
n1_d256_r6,1,256,6,11,0.001,0.4365850642789155,0.5469833165407181,0.2516569999861531
n1_d256_r6,1,256,6,12,0.001,0.4312256518751383,0.5480759739875793,0.24282533302903175
n1_d256_r6,1,256,6,13,0.001,0.42670062044635415,0.553438812494278,0.24269208399346098
n1_d256_r6,1,256,6,14,0.001,0.4213695761281997,0.5569759905338287,0.24080779100768268
n1_d256_r6,1,256,6,15,0.001,0.41763361170887947,0.5616777092218399,0.2420375840156339
n1_d256_r6,1,256,6,16,0.0005,0.405835589626804,0.5617683380842209,0.24115687503945082
n1_d256_r6,1,256,6,17,0.0005,0.4026543360669166,0.5662854611873627,0.2829173339996487
n1_d256_r6,1,256,6,18,0.0005,0.4006927099544555,0.5687702000141144,0.23902208398794755
n1_d256_r6,1,256,6,19,0.0005,0.39845315949060023,0.5709861516952515,0.2515733750187792
n1_d256_r6,1,256,6,20,0.0005,0.3967152510304004,0.5757332146167755,0.24010387499583885
n1_d256_r6,1,256,6,21,0.0005,0.3950438811443746,0.5795212388038635,0.23931237502256408
n1_d256_r6,1,256,6,22,0.0005,0.3932382396887988,0.5798369646072388,0.24140479101333767
n1_d256_r6,1,256,6,23,0.0005,0.39126596320420504,0.5838707089424133,0.24166225001681596
n1_d256_r6,1,256,6,24,0.00025,0.38498129905201495,0.5851667374372482,0.2769364999840036
n1_d256_r6,1,256,6,25,0.00025,0.38364811218343675,0.586992546916008,0.24546337500214577
n1_d256_r6,1,256,6,26,0.00025,0.3827678975649178,0.5886654257774353,0.24269120901590213
n1_d256_r6,1,256,6,27,0.00025,0.38196756481193006,0.5903839766979218,0.24594258301658556
n1_d512_r6,1,512,6,1,0.001,1.0038707507774234,0.8615164309740067,0.27916104200994596
n1_d512_r6,1,512,6,2,0.001,0.6750851487740874,0.6188387125730515,0.2802756250021048
n1_d512_r6,1,512,6,3,0.001,0.5132772256620228,0.5866677612066269,0.2769672910217196
n1_d512_r6,1,512,6,4,0.001,0.44611271447502077,0.5877980887889862,0.2775066669564694
n1_d512_r6,1,512,6,5,0.001,0.4025187552906573,0.590346172451973,0.31182154203997925
n1_d512_r6,1,512,6,6,0.001,0.365983703173697,0.6048758029937744,0.2733359170379117
n1_d512_r6,1,512,6,7,0.001,0.33541522757150233,0.6187791526317596,0.27308087499113753
n1_d512_r6,1,512,6,8,0.001,0.3076134074945003,0.638756662607193,0.2831369580235332
n1_d512_r6,1,512,6,9,0.001,0.28299268882256,0.6530193090438843,0.2741499579860829
n1_d512_r6,1,512,6,10,0.001,0.26012148323934525,0.6889451891183853,0.2749671249766834
n1_d512_r6,1,512,6,11,0.001,0.2412561314413324,0.7128219753503799,0.27641716599464417
n1_d512_r6,1,512,6,12,0.0005,0.20174901990685612,0.7207926660776138,0.27484654099680483
n1_d512_r6,1,512,6,13,0.0005,0.18812131229788065,0.7383820414543152,0.3131557499873452
n1_d512_r6,1,512,6,14,0.0005,0.1791571420035325,0.755090519785881,0.27336395799648017
n1_d512_r6,1,512,6,15,0.0005,0.17199014173820615,0.7754052728414536,0.28313004196388647
n1_d512_r6,1,512,6,16,0.0005,0.16468959982739761,0.785658672451973,0.27612004202092066
n1_d512_r6,1,512,6,17,0.0005,0.1579143680864945,0.8005582839250565,0.270473666023463
n1_d512_r6,1,512,6,18,0.0005,0.15197432681452483,0.8161281049251556,0.27254775003530085
n1_d512_r6,1,512,6,19,0.0005,0.14590290986234322,0.8320998102426529,0.27286170795559883
n1_d512_r6,1,512,6,20,0.00025,0.12972414534306154,0.8390846103429794,0.27047704200958833
n1_d512_r6,1,512,6,21,0.00025,0.12503388104960322,0.8509422242641449,0.3126337499707006
n1_d512_r6,1,512,6,22,0.00025,0.12242912064539269,0.8558892011642456,0.2763331250171177
n1_d512_r6,1,512,6,23,0.00025,0.1200242787017487,0.8656129986047745,0.2823225409956649
n1_d1024_r6,1,1024,6,1,0.001,0.9518963629379869,0.7678269296884537,0.293465249997098
n1_d1024_r6,1,1024,6,2,0.001,0.5331269330345094,0.6266884803771973,0.29430787498131394
n1_d1024_r6,1,1024,6,3,0.001,0.3383946302346885,0.6538909673690796,0.2918599999975413
n1_d1024_r6,1,1024,6,4,0.001,0.22742346278391778,0.6895694732666016,0.2937859169906005
n1_d1024_r6,1,1024,6,5,0.001,0.1485256910091266,0.7203163951635361,0.33262795803602785
n1_d1024_r6,1,1024,6,6,0.001,0.09620864648604766,0.7714242786169052,0.29547470895340666
n1_d1024_r6,1,1024,6,7,0.001,0.06126310510444455,0.7830422073602676,0.29330299998400733
n1_d1024_r6,1,1024,6,8,0.001,0.04145682757371105,0.7900944948196411,0.29251895897323266
n1_d1024_r6,1,1024,6,9,0.001,0.030448252582573332,0.8002371490001678,0.29569674999220297
n1_d1024_r6,1,1024,6,10,0.001,0.024449237054795958,0.8039163202047348,0.30546145897824317
n1_d1024_r6,1,1024,6,11,0.0005,0.016156398378370795,0.7937779575586319,0.29593062499770895
n1_d1024_r6,1,1024,6,12,0.0005,0.0051874233158741845,0.7974333167076111,0.3265947919571772
n1_d1024_r6,1,1024,6,13,0.0005,0.002568287800386315,0.8002694398164749,0.3019581249682233
n1_d1024_r6,1,1024,6,14,0.0005,0.0015024853755676304,0.8032194375991821,0.29505608399631456
n1_d1024_r6,1,1024,6,15,0.0005,0.0009822103943406546,0.8048261106014252,0.29397979099303484
n1_d1024_r6,1,1024,6,16,0.0005,0.0006905881978127582,0.8068326115608215,0.28846049995627254
n1_d1024_r6,1,1024,6,17,0.0005,0.0005239131821781484,0.8072307407855988,0.29063008300727233
n1_d1024_r6,1,1024,6,18,0.0005,0.00043045324810009333,0.8083982169628143,0.2918020419892855
n1_d1024_r6,1,1024,6,19,0.00025,0.00030474330174001807,0.8084585219621658,0.28886916604824364
n1_d1024_r6,1,1024,6,20,0.00025,0.00014159779954070473,0.8085228353738785,0.29910754202865064
n1_d1024_r6,1,1024,6,21,0.00025,9.99622531736577e-05,0.808921292424202,0.32868320803390816
n1_d1024_r6,1,1024,6,22,0.00025,8.062737038017076e-05,0.8093765676021576,0.29580554098356515
n1_d2048_r6,1,2048,6,1,0.001,0.9546352857723832,0.7859788835048676,0.34265037497971207
n1_d2048_r6,1,2048,6,2,0.001,0.40323965437710285,0.7102809697389603,0.3375217500142753
n1_d2048_r6,1,2048,6,3,0.001,0.14842340350151062,0.7048390656709671,0.34327758400468156
n1_d2048_r6,1,2048,6,4,0.001,0.06184914617915638,0.6935787200927734,0.33471758395899087
n1_d2048_r6,1,2048,6,5,0.001,0.03895356062275823,0.6897884160280228,0.347245583019685
n1_d2048_r6,1,2048,6,6,0.001,0.03349223195982631,0.6856504678726196,0.38891412498196587
n1_d2048_r6,1,2048,6,7,0.001,0.0333377631905023,0.6829593181610107,0.33857070800149813
n1_d2048_r6,1,2048,6,8,0.001,0.03381201713636983,0.6797431111335754,0.33778441697359085
n1_d2048_r6,1,2048,6,9,0.001,0.033880024318932556,0.6693555265665054,0.3410822919686325
n1_d2048_r6,1,2048,6,10,0.001,0.03322823684720788,0.6708808988332748,0.34028437500819564
n1_d2048_r6,1,2048,6,11,0.001,0.030830064904876053,0.6643640100955963,0.34146883396897465
n1_d2048_r6,1,2048,6,12,0.001,0.028529782910482027,0.6565481126308441,0.3427657919819467
n1_d2048_r6,1,2048,6,13,0.001,0.02681251981994137,0.6496928185224533,0.3688089170027524
n1_d2048_r6,1,2048,6,14,0.001,0.025127450193394907,0.652565136551857,0.34575825004139915
n1_d2048_r6,1,2048,6,15,0.001,0.02421638679516036,0.6459835767745972,0.33283437497448176
n1_d2048_r6,1,2048,6,16,0.001,0.0235107084736228,0.6443063169717789,0.33690150000620633
n1_d2048_r6,1,2048,6,17,0.001,0.0230212277820101,0.6432198137044907,0.35571479197824374
n1_d2048_r6,1,2048,6,18,0.001,0.02247734263073653,0.636572390794754,0.3331507910043001
n1_d2048_r6,1,2048,6,19,0.001,0.022599071700824425,0.6399863511323929,0.33801737503381446
n1_d2048_r6,1,2048,6,20,0.001,0.022563413047464564,0.6320563852787018,0.3416116669541225
n1_d2048_r6,1,2048,6,21,0.001,0.02198798587778583,0.6372463554143906,0.3707625839742832
n1_d2048_r6,1,2048,6,22,0.001,0.021310899610398337,0.629941314458847,0.33860812499187887
n1_d2048_r6,1,2048,6,23,0.001,0.020810902569792233,0.6286840885877609,0.35155916697112843
n1_d2048_r6,1,2048,6,24,0.001,0.020331409301434178,0.6268294155597687,0.3379798330133781
n1_d2048_r6,1,2048,6,25,0.001,0.01990847455454059,0.6237678080797195,0.3371607910376042
n1_d2048_r6,1,2048,6,26,0.001,0.019343570071214344,0.620867908000946,0.34310291695874184
n1_d2048_r6,1,2048,6,27,0.001,0.018909287951828446,0.6172100454568863,0.3356445000390522
n1_d2048_r6,1,2048,6,28,0.001,0.01878049609513255,0.6180619150400162,0.3397990839439444
n1_d2048_r6,1,2048,6,29,0.001,0.018414781217870768,0.617467001080513,0.3871843340457417
n1_d2048_r6,1,2048,6,30,0.001,0.018369213270489126,0.6108363270759583,0.3396195839741267
n1_d2048_r6,1,2048,6,31,0.001,0.018420088941638824,0.6141292005777359,0.3347932080505416
n1_d2048_r6,1,2048,6,32,0.001,0.018115606522769667,0.609788104891777,0.3389199580415152
n1_d2048_r6,1,2048,6,33,0.001,0.017836723949585576,0.6082928776741028,0.3389182919636369
n1_d2048_r6,1,2048,6,34,0.001,0.01702981809648918,0.6102437824010849,0.33875512500526384
n1_d2048_r6,1,2048,6,35,0.001,0.016739667735237163,0.60902900993824,0.35450575000140816
n1_d2048_r6,1,2048,6,36,0.001,0.01678163583710557,0.6094180792570114,0.3380066250101663
n1_d2048_r6,1,2048,6,37,0.001,0.016178023943211883,0.6047439128160477,0.3727922079851851
n1_d2048_r6,1,2048,6,38,0.001,0.01568427561869612,0.6033536195755005,0.3424849580042064
n1_d2048_r6,1,2048,6,39,0.001,0.015285659188521095,0.6010408848524094,0.33468541700858623
n1_d2048_r6,1,2048,6,40,0.001,0.015020749364339281,0.6006956100463867,0.3402278329594992
n1_d2048_r6,1,2048,6,41,0.001,0.014457101831794716,0.6001270115375519,0.3481278329854831
n1_d2048_r6,1,2048,6,42,0.001,0.014272499982325826,0.5974319130182266,0.3401361660216935
n1_d2048_r6,1,2048,6,43,0.001,0.01432330426905537,0.5980722606182098,0.34450095903594047
n1_d2048_r6,1,2048,6,44,0.001,0.014134578137600329,0.5978964567184448,0.33422291703755036
n1_d2048_r6,1,2048,6,45,0.001,0.014145410335913766,0.5975592583417892,0.3726382500026375
n1_d2048_r6,1,2048,6,46,0.001,0.014601749440771528,0.593193531036377,0.342615041998215
n1_d2048_r6,1,2048,6,47,0.001,0.014662464869616088,0.5935531258583069,0.3431214580195956
n1_d2048_r6,1,2048,6,48,0.001,0.014549954990798142,0.6000462025403976,0.3372395829646848
n1_d2048_r6,1,2048,6,49,0.001,0.01360306928108912,0.5924405157566071,0.3580211660009809
n1_d2048_r6,1,2048,6,50,0.001,0.012962261003849562,0.595237985253334,0.341177583031822
n1_d2048_r6,1,2048,6,51,0.001,0.012328299453656655,0.5914914309978485,0.3363797079655342
n1_d2048_r6,1,2048,6,52,0.001,0.01219849476183299,0.5934673547744751,0.3368161249672994
n1_d2048_r6,1,2048,6,53,0.001,0.011975364039244596,0.5908689647912979,0.34130024997284636
n1_d2048_r6,1,2048,6,54,0.001,0.011797850500443019,0.5939623564481735,0.3784575419849716
n1_d2048_r6,1,2048,6,55,0.001,0.011590376896492671,0.5926986634731293,0.3408437499892898
n1_d2048_r6,1,2048,6,56,0.001,0.011513001001731027,0.5904000997543335,0.33954108296893537
n1_d2048_r6,1,2048,6,57,0.001,0.01187304226186825,0.5904496163129807,0.33943179197376594
n1_d2048_r6,1,2048,6,58,0.001,0.012121136322093662,0.587917760014534,0.3421776659670286
n1_d2048_r6,1,2048,6,59,0.001,0.011969062259595376,0.5886193066835403,0.34183741599554196
n1_d2048_r6,1,2048,6,60,0.001,0.011840684186608996,0.5867389440536499,0.3354984589968808
n1_d2048_r6,1,2048,6,61,0.001,0.011923262376512866,0.59077088534832,0.3420217499951832
n1_d2048_r6,1,2048,6,62,0.001,0.012129820555855986,0.5887994319200516,0.37275329197291285
n1_d2048_r6,1,2048,6,63,0.001,0.011689113460306544,0.5880030989646912,0.335898666002322
n1_d2048_r6,1,2048,6,64,0.001,0.011119255927042104,0.5855323225259781,0.3344611249631271
n1_d2048_r6,1,2048,6,65,0.001,0.010684163877158426,0.5843905955553055,0.3504872500197962
n1_d2048_r6,1,2048,6,66,0.001,0.009852446699369466,0.5833031684160233,0.3363757499610074
n1_d2048_r6,1,2048,6,67,0.001,0.009562014802213525,0.582373321056366,0.33977170899743214
n1_d2048_r6,1,2048,6,68,0.001,0.009128604102443205,0.5823912173509598,0.34005720901768655
n1_d2048_r6,1,2048,6,69,0.001,0.008580500405514613,0.5832458883523941,0.3804956249659881
n1_d2048_r6,1,2048,6,70,0.001,0.008457492796878796,0.5832793116569519,0.33963225001934916
n1_d2048_r6,1,2048,6,71,0.001,0.008703795985638862,0.5821183025836945,0.3494569589965977
n1_d2048_r6,1,2048,6,72,0.001,0.00922051229281351,0.5803878009319305,0.33882620895747095
n1_d2048_r6,1,2048,6,73,0.001,0.009852527557086432,0.5829107761383057,0.3404101670021191
n1_d2048_r6,1,2048,6,74,0.001,0.010260091039526742,0.580170676112175,0.3339290419826284
n1_d2048_r6,1,2048,6,75,0.001,0.010290414596966002,0.5782003551721573,0.3408124999841675
n1_d2048_r6,1,2048,6,76,0.001,0.010309986133506754,0.585261732339859,0.33800645801238716
n1_d2048_r6,1,2048,6,77,0.001,0.009470076005527517,0.5809100419282913,0.40516466699773446
n1_d2048_r6,1,2048,6,78,0.001,0.008782350290857721,0.578723818063736,0.3443411249900237
n1_d2048_r6,1,2048,6,79,0.001,0.008419524801865919,0.5801191329956055,0.33783708297414705
n1_d2048_r6,1,2048,6,80,0.001,0.007935812311188783,0.5784214586019516,0.3340161250089295
n1_d2048_r6,1,2048,6,81,0.001,0.007945190107420785,0.57802514731884,0.34027674997923896
n1_d2048_r6,1,2048,6,82,0.001,0.008029475047806045,0.5787919759750366,0.33472024998627603
n1_d2048_r6,1,2048,6,83,0.001,0.00798890469741309,0.5790139585733414,0.34529279195703566
n1_d2048_r6,1,2048,6,84,0.001,0.007860838202759624,0.5782770812511444,0.33723412500694394
n1_d2048_r6,1,2048,6,85,0.001,0.007729420151008526,0.5793760716915131,0.3753000420401804
n1_d2048_r6,1,2048,6,86,0.001,0.007699433914240217,0.5782642662525177,0.3370426669716835
n1_d2048_r6,1,2048,6,87,0.001,0.007975624084792798,0.5794317275285721,0.33435304200975224
n1_d2048_r6,1,2048,6,88,0.001,0.008506879770720843,0.5774289071559906,0.33645783294923604
n1_d2048_r6,1,2048,6,89,0.001,0.008475475187879056,0.5766497850418091,0.3461675000144169
n1_d2048_r6,1,2048,6,90,0.001,0.008349391941010254,0.5762019455432892,0.34636841696919873
n1_d2048_r6,1,2048,6,91,0.001,0.008362825272342889,0.5733662396669388,0.3349497920135036
n1_d2048_r6,1,2048,6,92,0.001,0.00779643765417859,0.5755447596311569,0.3353117079823278
n1_d2048_r6,1,2048,6,93,0.001,0.007179020227340516,0.5747211575508118,0.37162195798009634
n1_d2048_r6,1,2048,6,94,0.001,0.006890838263643673,0.5768984854221344,0.3323990830103867
n1_d2048_r6,1,2048,6,95,0.001,0.0067721780797000974,0.5737567692995071,0.34492316702380776
n1_d2048_r6,1,2048,6,96,0.001,0.006556788877787767,0.5752264559268951,0.3372289999970235
n1_d2048_r6,1,2048,6,97,0.001,0.006682005881884834,0.5745697766542435,0.3343084590160288
n1_d2048_r6,1,2048,6,98,0.001,0.006612056407902855,0.5726154148578644,0.3338359580375254
n1_d2048_r6,1,2048,6,99,0.001,0.006635730984271504,0.5745954215526581,0.33779233298264444
n1_d2048_r6,1,2048,6,100,0.001,0.006817674118792638,0.5734827071428299,0.3376043330063112
n1_d2048_r6,1,2048,6,101,0.001,0.006817813937232131,0.5735558122396469,0.3861347089987248
n1_d2048_r6,1,2048,6,102,0.001,0.007212422540760599,0.5757964551448822,0.33960016700439155
n1_d2048_r6,1,2048,6,103,0.001,0.007321172779484186,0.5735341608524323,0.3460493750171736
n1_d2048_r6,1,2048,6,104,0.001,0.007092251027643215,0.5724233835935593,0.3424619159777649
n1_d2048_r6,1,2048,6,105,0.001,0.006708073462505126,0.5735156834125519,0.3375695419963449
n1_d2048_r6,1,2048,6,106,0.001,0.006260655161895556,0.5740726292133331,0.33641091699246317
n1_d2048_r6,1,2048,6,107,0.001,0.005986726122500841,0.5731519162654877,0.34893066697986796
n1_d2048_r6,1,2048,6,108,0.001,0.0059219963040959556,0.5731933563947678,0.3361347500467673
n1_d2048_r6,1,2048,6,109,0.001,0.006122642880654894,0.5742124617099762,0.3739241670118645
n1_d2048_r6,1,2048,6,110,0.001,0.006142937407275895,0.5723258554935455,0.3446730420109816
n1_d2048_r6,1,2048,6,111,0.001,0.006273086921282811,0.573066383600235,0.33592212497023866
n1_d2048_r6,1,2048,6,112,0.001,0.006263608764129458,0.5720840394496918,0.3354302919469774
n1_d2048_r6,1,2048,6,113,0.001,0.005941920135228429,0.5727125853300095,0.3544966250192374
n1_d2048_r6,1,2048,6,114,0.001,0.005727909829147393,0.5717939734458923,0.34281345800263807
n1_d2048_r6,1,2048,6,115,0.001,0.005629029004921904,0.5718677192926407,0.33906970801763237
n1_d2048_r6,1,2048,6,116,0.001,0.005573846308834618,0.5737933665513992,0.37278091604821384
n1_d2048_r6,1,2048,6,117,0.001,0.005581423938565422,0.5720609575510025,0.3430797079927288
n1_d2048_r6,1,2048,6,118,0.001,0.0055198110567289405,0.570886880159378,0.33725341700483114
n1_d2048_r6,1,2048,6,119,0.001,0.005641201132675633,0.5732760429382324,0.35219979198882356
n1_d2048_r6,1,2048,6,120,0.001,0.005968777535599656,0.5748963356018066,0.3396364999935031
n1_d2048_r6,1,2048,6,121,0.001,0.006342872085951967,0.5753244906663895,0.34027149999747053
n1_d2048_r6,1,2048,6,122,0.001,0.006561041474924423,0.5720025599002838,0.34109850000822917
n1_d2048_r6,1,2048,6,123,0.001,0.006153299393190537,0.572322353720665,0.3402920000371523
n1_d2048_r6,1,2048,6,124,0.001,0.005544144831219455,0.5710677206516266,0.33881275000749156
n1_d2048_r6,1,2048,6,125,0.001,0.0051197527536714915,0.5713150650262833,0.38525087502785027
n1_d2048_r6,1,2048,6,126,0.001,0.005023355013690889,0.5707570016384125,0.33659208402968943
n1_d2048_r6,1,2048,6,127,0.001,0.0048590525784675265,0.5715685784816742,0.34125858295010403
n1_d2048_r6,1,2048,6,128,0.001,0.004674939971664571,0.5728282183408737,0.3375704580103047
n1_d2048_r6,1,2048,6,129,0.001,0.004633500555428327,0.5731218606233597,0.35665029095252976
n1_d2048_r6,1,2048,6,130,0.001,0.004761533236887772,0.56997250020504,0.34395870799198747
n1_d2048_r6,1,2048,6,131,0.001,0.004966279841028154,0.5712488293647766,0.34847641695523635
n1_d2048_r6,1,2048,6,132,0.001,0.0053887124740867876,0.5723338425159454,0.37317725003231317
n1_d2048_r6,1,2048,6,133,0.001,0.006001132369419793,0.570964902639389,0.34434716700343415
n1_d2048_r6,1,2048,6,134,0.001,0.005964649433735758,0.570828840136528,0.3385957920108922
n1_d2048_r6,1,2048,6,135,0.001,0.005726271199819166,0.5680338740348816,0.33634391595842317
n1_d2048_r6,1,2048,6,136,0.001,0.0052785504685743945,0.5718200951814651,0.3396970829926431
n1_d2048_r6,1,2048,6,137,0.001,0.004830365198358777,0.5688661336898804,0.34092254197457805
n1_d2048_r6,1,2048,6,138,0.001,0.004496434301472618,0.5704535245895386,0.341226666001603
n1_d2048_r6,1,2048,6,139,0.001,0.004363477895822143,0.5671540945768356,0.33973875001538545
n1_d2048_r6,1,2048,6,140,0.001,0.004489268123506918,0.5701276957988739,0.3710282910033129
n1_d2048_r6,1,2048,6,141,0.001,0.004700207602581941,0.5690325647592545,0.3412735000019893
n1_d2048_r6,1,2048,6,142,0.001,0.004710696293841465,0.5681008398532867,0.33749862504191697
n1_d2048_r6,1,2048,6,143,0.001,0.004787405161550851,0.5704622566699982,0.3417619160027243
n1_d2048_r6,1,2048,6,144,0.001,0.0046756352257943945,0.5694246888160706,0.3334802080062218
n1_d2048_r6,1,2048,6,145,0.001,0.004666895078116795,0.5693154335021973,0.3486293749883771
n1_d2048_r6,1,2048,6,146,0.001,0.004508849549893057,0.5695144087076187,0.33767995896050707
n1_d2048_r6,1,2048,6,147,0.001,0.0043428059016150655,0.5692837983369827,0.33502399997087196
n1_d2048_r6,1,2048,6,148,0.0005,0.00356414501038671,0.5660386085510254,0.3745676660328172
n1_d2048_r6,1,2048,6,149,0.0005,0.0006586925346709904,0.5673502534627914,0.3521103340317495
n1_d2048_r6,1,2048,6,150,0.0005,0.00015501414554819348,0.5668354779481888,0.3424550830386579
n1_d2048_r6,1,2048,6,151,0.0005,4.124902723390278e-05,0.5668430924415588,0.33945020800456405
n1_d2048_r6,1,2048,6,152,0.0005,1.2153071970999463e-05,0.5667469948530197,0.3379731670138426
n1_d2048_r6,1,2048,6,153,0.0005,3.9057074179282836e-06,0.5667867660522461,0.3433769590337761
n1_d2048_r6,1,2048,6,154,0.0005,1.453213257285313e-06,0.5668004304170609,0.33673687500413507
n1_d2048_r6,1,2048,6,155,0.0005,5.848776989392235e-07,0.5667940676212311,0.34675033297389746
n1_d2048_r6,1,2048,6,156,0.0005,2.750957507346996e-07,0.5667788982391357,0.3743165420019068
n1_d2048_r6,1,2048,6,157,0.00025,1.3931087194940517e-07,0.5667824149131775,0.33439704100601375
n1_d2048_r6,1,2048,6,158,0.00025,2.4909145454610204e-08,0.5667833387851715,0.33704033301910385
n1_d2048_r6,1,2048,6,159,0.00025,6.40499566578745e-09,0.5667854845523834,0.33723075001034886
n1_d2048_r6,1,2048,6,160,0.00025,1.821690405294507e-09,0.5667850822210312,0.33892287500202656
n1_d2048_r6,1,2048,6,161,0.00025,5.636596285205075e-10,0.5667849332094193,0.3474745840067044
n1_d2048_r6,1,2048,6,162,0.00025,1.8189867396611187e-10,0.5667849779129028,0.33758995903190225
n1_d2048_r6,1,2048,6,163,0.00025,6.009706241764251e-11,0.5667849034070969,0.3358482500188984
n1_d2048_r6,1,2048,6,164,0.00025,1.966230382178559e-11,0.5667849183082581,0.3873857919825241
n1_d2048_r6,1,2048,6,165,0.000125,6.679128777153541e-12,0.5667849332094193,0.34694983303779736
n1_d2048_r6,1,2048,6,166,0.000125,2.596366380389298e-12,0.5667849779129028,0.33698800002457574
n1_d2048_r6,1,2048,6,167,0.000125,1.6299587776428984e-12,0.5667849332094193,0.3455747499829158
n1_d2048_r6,1,2048,6,168,0.000125,1.1586484225330792e-12,0.5667849630117416,0.33868970902403817
n1_d4096_r6,1,4096,6,1,0.001,0.9805729482322931,0.8835903704166412,0.4951571249985136
n1_d4096_r6,1,4096,6,2,0.001,0.5430985593702644,0.7624682039022446,0.46067462500650436
n1_d4096_r6,1,4096,6,3,0.001,0.1803286833455786,0.6942386031150818,0.45101854199310765
n1_d4096_r6,1,4096,6,4,0.001,0.07295681539108045,0.6729196757078171,0.5083554579759948
n1_d4096_r6,1,4096,6,5,0.001,0.040936762394267134,0.6605128943920135,0.4508764579659328
n1_d4096_r6,1,4096,6,6,0.001,0.02866867462580558,0.6592913419008255,0.4607064169831574
n1_d4096_r6,1,4096,6,7,0.001,0.023417246877215803,0.6570732891559601,0.4509920420241542
n1_d4096_r6,1,4096,6,8,0.001,0.02248863123531919,0.6603225916624069,0.4687102920142934
n1_d4096_r6,1,4096,6,9,0.001,0.024191691263695247,0.6554815173149109,0.46511445799842477
n1_d4096_r6,1,4096,6,10,0.001,0.026812769123353064,0.6596659123897552,0.4523095419863239
n1_d4096_r6,1,4096,6,11,0.001,0.02916054695378989,0.6511136293411255,0.4591501670074649
n1_d4096_r6,1,4096,6,12,0.001,0.031147961650276557,0.6524905860424042,0.50015037500998
n1_d4096_r6,1,4096,6,13,0.001,0.02994406178186182,0.6489493995904922,0.46436262503266335
n1_d4096_r6,1,4096,6,14,0.001,0.028585032603587024,0.6491793990135193,0.4555372910108417
n1_d4096_r6,1,4096,6,15,0.001,0.026331324115744792,0.6460326313972473,0.45901033299742267
n1_d4096_r6,1,4096,6,16,0.001,0.024398330962867476,0.6451047956943512,0.45090804202482104
n1_d4096_r6,1,4096,6,17,0.001,0.022627541809924878,0.6431121379137039,0.4654551660059951
n1_d4096_r6,1,4096,6,18,0.001,0.021518161898711696,0.6423703879117966,0.45040595903992653
n1_d4096_r6,1,4096,6,19,0.001,0.02057281232555397,0.6386585682630539,0.4549706249963492
n1_d4096_r6,1,4096,6,20,0.001,0.020052726264111698,0.6411134004592896,0.49472816701745614
n1_d4096_r6,1,4096,6,21,0.001,0.020451134085305966,0.6388276368379593,0.46661912504350767
n1_d4096_r6,1,4096,6,22,0.001,0.020535166549962014,0.6394838243722916,0.4534218750195578
n1_d4096_r6,1,4096,6,23,0.001,0.020334704502602108,0.6382487714290619,0.45361116697313264
n1_d4096_r6,1,4096,6,24,0.001,0.01961346637835959,0.6337292641401291,0.4511915829498321
n1_d4096_r6,1,4096,6,25,0.001,0.019293557161290664,0.6291212886571884,0.4538450000109151
n1_d4096_r6,1,4096,6,26,0.001,0.01895816216710955,0.6319008618593216,0.4742575840209611
n1_d4096_r6,1,4096,6,27,0.001,0.018618661466462072,0.6292872428894043,0.4580919159925543
n1_d4096_r6,1,4096,6,28,0.001,0.018124280031770468,0.6294747292995453,0.49848750000819564
n1_d4096_r6,1,4096,6,29,0.001,0.017762153198418673,0.6275079846382141,0.45491987495915964
n1_d4096_r6,1,4096,6,30,0.001,0.017521980371384416,0.6285256296396255,0.46282187500037253
n1_d4096_r6,1,4096,6,31,0.001,0.017251276673050597,0.6211494952440262,0.45279358397237957
n1_d4096_r6,1,4096,6,32,0.001,0.01705665679037338,0.6214006543159485,0.45814137504203245
n1_d4096_r6,1,4096,6,33,0.001,0.017020202467392664,0.6209621727466583,0.4530330420238897
n1_d4096_r6,1,4096,6,34,0.001,0.01670829827344278,0.626331552863121,0.45468125003390014
n1_d4096_r6,1,4096,6,35,0.001,0.016308107966324314,0.6243814826011658,0.49921645905124024
n1_d4096_r6,1,4096,6,36,0.001,0.016512396119651385,0.6219858676195145,0.46474137500626966
n1_d4096_r6,1,4096,6,37,0.001,0.016703695473552216,0.6216884553432465,0.44858670799294487
n1_d4096_r6,1,4096,6,38,0.001,0.01603021696791984,0.6195042133331299,0.45515724999131635
n1_d4096_r6,1,4096,6,39,0.001,0.014892167069774587,0.6184053421020508,0.46600970800500363
n1_d4096_r6,1,4096,6,40,0.001,0.014243657315091696,0.6161021888256073,0.4481551669887267
n1_d4096_r6,1,4096,6,41,0.001,0.013905215055274311,0.6178523600101471,0.45776695804670453
n1_d4096_r6,1,4096,6,42,0.001,0.013597103396023158,0.6155445128679276,0.45522750000236556
n1_d4096_r6,1,4096,6,43,0.001,0.01295652543194592,0.6153464466333389,0.495584707998205
n1_d4096_r6,1,4096,6,44,0.001,0.012814034664188512,0.612594485282898,0.4674650829983875
n1_d4096_r6,1,4096,6,45,0.001,0.012893388215161394,0.6141894459724426,0.4541718339896761
n1_d4096_r6,1,4096,6,46,0.001,0.012898917819256894,0.6142811179161072,0.4434403330087662
n1_d4096_r6,1,4096,6,47,0.001,0.013160419242922217,0.6146197319030762,0.4559514590073377
n1_d4096_r6,1,4096,6,48,0.001,0.013131050887750462,0.6163802295923233,0.45849074999568984
n1_d4096_r6,1,4096,6,49,0.001,0.013137776826624759,0.6123431473970413,0.4581337919807993
n1_d4096_r6,1,4096,6,50,0.001,0.012682218024565373,0.6089367270469666,0.45256829203572124
n1_d4096_r6,1,4096,6,51,0.001,0.01223613899492193,0.6077203899621964,0.44944204099010676
n1_d4096_r6,1,4096,6,52,0.001,0.011963164542976301,0.6147205233573914,0.49503024999285117
n1_d4096_r6,1,4096,6,53,0.001,0.01172530969051877,0.6064087897539139,0.4594387090182863
n1_d4096_r6,1,4096,6,54,0.001,0.011806405716924928,0.6120717823505402,0.4608534589642659
n1_d4096_r6,1,4096,6,55,0.001,0.011533102668181527,0.6075544357299805,0.4545291670365259
n1_d4096_r6,1,4096,6,56,0.001,0.01071818466152763,0.6100651621818542,0.4582615830004215
n1_d4096_r6,1,4096,6,57,0.001,0.010214058180281427,0.6070680916309357,0.4673807079670951
n1_d4096_r6,1,4096,6,58,0.001,0.009910533975926228,0.6036797165870667,0.46092316700378433
n1_d4096_r6,1,4096,6,59,0.001,0.009549308397254208,0.6074600517749786,0.49369458301225677
n1_d4096_r6,1,4096,6,60,0.001,0.009441118309041485,0.6044383347034454,0.4610121250152588
n1_d4096_r6,1,4096,6,61,0.001,0.00968738737719832,0.6050336062908173,0.45406395802274346
n1_d4096_r6,1,4096,6,62,0.001,0.009934213780070422,0.6049402952194214,0.47004937496967614
n1_d4096_r6,1,4096,6,63,0.001,0.010018660446803551,0.6038002222776413,0.45199345803121105
n1_d4096_r6,1,4096,6,64,0.001,0.010038653890660498,0.6076122224330902,0.45430350000970066
n1_d4096_r6,1,4096,6,65,0.001,0.010044342685432639,0.6018861681222916,0.45227695896755904
n1_d4096_r6,1,4096,6,66,0.001,0.009671552063082345,0.6023026257753372,0.4590880830073729
n1_d4096_r6,1,4096,6,67,0.001,0.009278173616621643,0.5998580008745193,0.49502854101592675
n1_d4096_r6,1,4096,6,68,0.001,0.009311241672548931,0.6039544343948364,0.4475259999744594
n1_d4096_r6,1,4096,6,69,0.001,0.009079570587346097,0.6023627370595932,0.4556924590142444
n1_d4096_r6,1,4096,6,70,0.001,0.008695509834069526,0.5971621125936508,0.4493374999728985
n1_d4096_r6,1,4096,6,71,0.001,0.008308005755679915,0.6015692949295044,0.4684841249836609
n1_d4096_r6,1,4096,6,72,0.001,0.008340117041370831,0.5987217873334885,0.4500034580123611
n1_d4096_r6,1,4096,6,73,0.001,0.008259859539975878,0.5987722277641296,0.4580257920315489
n1_d4096_r6,1,4096,6,74,0.001,0.008132382878102362,0.5982707440853119,0.4520800829632208
n1_d4096_r6,1,4096,6,75,0.001,0.008110823629976949,0.6025832742452621,0.4990942499716766
n1_d4096_r6,1,4096,6,76,0.001,0.007843744220735971,0.598543256521225,0.4547189170261845
n1_d4096_r6,1,4096,6,77,0.001,0.0077342288532236125,0.5961098521947861,0.4532599999802187
n1_d4096_r6,1,4096,6,78,0.001,0.007798426773661049,0.5935090333223343,0.4547884169733152
n1_d4096_r6,1,4096,6,79,0.001,0.0075455457299540285,0.5983055979013443,0.45150033303070813
n1_d4096_r6,1,4096,6,80,0.001,0.007522586609411519,0.596577912569046,0.4638762910035439
n1_d4096_r6,1,4096,6,81,0.001,0.007553552197350655,0.5946656316518784,0.45864654099568725
n1_d4096_r6,1,4096,6,82,0.001,0.0073022219075937755,0.5937017947435379,0.4640753329731524
n1_d4096_r6,1,4096,6,83,0.001,0.007187489027273841,0.5988398492336273,0.4915310830110684
n1_d4096_r6,1,4096,6,84,0.001,0.007108332087227609,0.5949767827987671,0.47090566699625924
n1_d4096_r6,1,4096,6,85,0.001,0.007146265666960971,0.5961218476295471,0.45589454198488966
n1_d4096_r6,1,4096,6,86,0.001,0.007236526143969968,0.5941452234983444,0.4610120840370655
n1_d4096_r6,1,4096,6,87,0.0005,0.005764491868831101,0.591099351644516,0.4519591659773141
n1_d4096_r6,1,4096,6,88,0.0005,0.000871806542363629,0.5915570259094238,0.46322949999012053
n1_d4096_r6,1,4096,6,89,0.0005,0.0001777201948129914,0.5909278988838196,0.46308249997673556
n1_d4096_r6,1,4096,6,90,0.0005,4.023024537502806e-05,0.5910995602607727,0.45925591699779034
n1_d4096_r6,1,4096,6,91,0.0005,1.1347845838116655e-05,0.5910097807645798,0.49291841604281217
n1_d4096_r6,1,4096,6,92,0.0005,4.6208163926309e-06,0.5909823179244995,0.4566927090054378
n1_d4096_r6,1,4096,6,93,0.0005,4.131687748376578e-06,0.5910234749317169,0.46547979197930545
n1_d4096_r6,1,4096,6,94,0.0005,4.337140095067582e-06,0.59095698595047,0.4520461250212975
n1_d4096_r6,1,4096,6,95,0.0005,4.036386384242974e-06,0.5909896045923233,0.45370075001847
n1_d4096_r6,1,4096,6,96,0.0005,5.095116607733985e-06,0.590989887714386,0.45428366702981293
n1_d4096_r6,1,4096,6,97,0.0005,7.239158527738709e-06,0.5910550802946091,0.4535096670151688
n1_d4096_r6,1,4096,6,98,0.00025,8.44059872839864e-06,0.5909734517335892,0.46407516702311113
n1_d4096_r6,1,4096,6,99,0.00025,1.3391900344217333e-06,0.591030478477478,0.495840749994386
n1_d4096_r6,1,4096,6,100,0.00025,3.519810994889738e-07,0.5910201966762543,0.45436920796055347
n1_d4096_r6,1,4096,6,101,0.00025,1.0771327960124033e-07,0.5910268723964691,0.4559612920274958
n1_d4096_r6,1,4096,6,102,0.00025,5.101035045751434e-08,0.5910238921642303,0.4594822499784641
n1_d4096_r6,1,4096,6,103,0.00025,3.8391555136352284e-08,0.5910210013389587,0.4606635000091046
n1_d4096_r6,1,4096,6,104,0.00025,3.943066279044061e-08,0.5910195708274841,0.45473979099188
n1_d4096_r6,1,4096,6,105,0.00025,4.727750416155807e-08,0.5910237282514572,0.4481169159989804
n1_d4096_r6,1,4096,6,106,0.000125,5.271281984520204e-08,0.5910259485244751,0.4576810419675894
n1_d4096_r6,1,4096,6,107,0.000125,7.3528811060652455e-09,0.5910219848155975,0.4632287500426173
n1_d4096_r6,1,4096,6,108,0.000125,1.8099722848968769e-09,0.5910236090421677,0.4959774169838056
n1_d4096_r6,1,4096,6,109,0.000125,4.871624426560847e-10,0.5910225212574005,0.4530947500024922
n1_d64_r7,1,64,7,1,0.001,1.1702283374033868,1.0036161690950394,0.24407245800830424
n1_d64_r7,1,64,7,2,0.001,0.9164108331315219,0.8570003360509872,0.2348903330275789
n1_d64_r7,1,64,7,3,0.001,0.772066539619118,0.7111845761537552,0.23422041698358953
n1_d64_r7,1,64,7,4,0.001,0.6438578302040696,0.6132738143205643,0.2355360840447247
n1_d64_r7,1,64,7,5,0.001,0.5797674644272774,0.5765063762664795,0.23195929103530943
n1_d64_r7,1,64,7,6,0.001,0.5531026558019221,0.5608105361461639,0.2354863749933429
n1_d64_r7,1,64,7,7,0.001,0.537753347074613,0.5494587421417236,0.2312908750027418
n1_d64_r7,1,64,7,8,0.001,0.5277091711759567,0.5422942787408829,0.23186812503263354
n1_d64_r7,1,64,7,9,0.001,0.5206510073039681,0.5385227203369141,0.277935208985582
n1_d64_r7,1,64,7,10,0.001,0.5154016118030995,0.5355893671512604,0.23373666702536866
n1_d64_r7,1,64,7,11,0.001,0.5114115285687149,0.5312611609697342,0.23263945803046227
n1_d64_r7,1,64,7,12,0.001,0.5089898277074099,0.5304497629404068,0.23009804100729525
n1_d64_r7,1,64,7,13,0.001,0.5070076298434287,0.528289720416069,0.23215466598048806
n1_d64_r7,1,64,7,14,0.001,0.505422244546935,0.5280766487121582,0.23247200000332668
n1_d64_r7,1,64,7,15,0.001,0.5045178348664194,0.526862844824791,0.22983308299444616
n1_d64_r7,1,64,7,16,0.001,0.5035245490726084,0.5264588296413422,0.2644571660202928
n1_d64_r7,1,64,7,17,0.001,0.5026061199605465,0.5274821668863297,0.2336950420285575
n1_d64_r7,1,64,7,18,0.001,0.5020479813683778,0.5265293568372726,0.23542783298762515
n1_d64_r7,1,64,7,19,0.001,0.5015876383986324,0.5264690667390823,0.23129954101750627
n1_d64_r7,1,64,7,20,0.001,0.5010053643491119,0.5265653133392334,0.23033620801288635
n1_d64_r7,1,64,7,21,0.001,0.5006821886636317,0.5258850604295731,0.230823416961357
n1_d64_r7,1,64,7,22,0.001,0.5002052818890661,0.5250584781169891,0.23189170798286796
n1_d64_r7,1,64,7,23,0.001,0.4996996826957911,0.5249473750591278,0.2306266250088811
n1_d64_r7,1,64,7,24,0.001,0.4991831164807081,0.5252281129360199,0.27227858296828344
n1_d64_r7,1,64,7,25,0.001,0.498899350175634,0.5252894312143326,0.23041900002863258
n1_d64_r7,1,64,7,26,0.001,0.49847076763398945,0.524176150560379,0.23130783304804936
n1_d64_r7,1,64,7,27,0.001,0.49784865882247686,0.5249128863215446,0.23583995801163837
n1_d64_r7,1,64,7,28,0.001,0.4978016389068216,0.5250479802489281,0.22909049998270348
n1_d64_r7,1,64,7,29,0.001,0.4973022129852325,0.5245781987905502,0.23019208398181945
n1_d64_r7,1,64,7,30,0.001,0.49704089434817433,0.5249377489089966,0.22785012499662116
n1_d64_r7,1,64,7,31,0.001,0.49687510379590094,0.5240178257226944,0.2446069999714382
n1_d64_r7,1,64,7,32,0.001,0.49651280767284334,0.5245313197374344,0.26966762501979247
n1_d64_r7,1,64,7,33,0.001,0.4961701224092394,0.5237745493650436,0.23140420799609274
n1_d64_r7,1,64,7,34,0.001,0.4961079335771501,0.5251602977514267,0.2313894999679178
n1_d64_r7,1,64,7,35,0.001,0.49603879335336387,0.5237081125378609,0.2344310840126127
n1_d64_r7,1,64,7,36,0.001,0.4955643832217902,0.5255326926708221,0.23236950003774837
n1_d64_r7,1,64,7,37,0.001,0.49543853010982275,0.5238964930176735,0.2294226250378415
n1_d64_r7,1,64,7,38,0.001,0.4955224716104567,0.5234632790088654,0.22868649999145418
n1_d64_r7,1,64,7,39,0.001,0.49501165561378,0.5228756368160248,0.23134387499885634
n1_d64_r7,1,64,7,40,0.001,0.4948975571896881,0.5227569788694382,0.26638858299702406
n1_d64_r7,1,64,7,41,0.001,0.4946498633362353,0.5240189656615257,0.23112220800248906
n1_d64_r7,1,64,7,42,0.001,0.494641822995618,0.5237326398491859,0.23011599999153987
n1_d64_r7,1,64,7,43,0.001,0.49461894598789513,0.5229260921478271,0.2290710830129683
n1_d64_r7,1,64,7,44,0.001,0.49432184151373804,0.5244285315275192,0.23595429200213403
n1_d64_r7,1,64,7,45,0.001,0.4942502451594919,0.522929847240448,0.23009541700594127
n1_d64_r7,1,64,7,46,0.001,0.4940942444372922,0.5233298689126968,0.23107995896134526
n1_d64_r7,1,64,7,47,0.001,0.4938185780774802,0.52271818369627,0.23022191697964445
n1_d64_r7,1,64,7,48,0.001,0.4940404968801886,0.5235311090946198,0.27307816699612886
n1_d64_r7,1,64,7,49,0.001,0.4936512012500316,0.5239791721105576,0.2306428750162013
n1_d64_r7,1,64,7,50,0.001,0.49354372220113873,0.5231495648622513,0.22967754205456004
n1_d64_r7,1,64,7,51,0.001,0.4935843439307064,0.5241318196058273,0.23056991602061316
n1_d64_r7,1,64,7,52,0.001,0.4935971109662205,0.5235616713762283,0.23189216695027426
n1_d64_r7,1,64,7,53,0.001,0.4934713083785027,0.5249590277671814,0.23910370899830014
n1_d64_r7,1,64,7,54,0.001,0.49337184079922736,0.5244492143392563,0.23208866600180045
n1_d64_r7,1,64,7,55,0.001,0.4929946812335402,0.524483248591423,0.22904783295234665
n1_d64_r7,1,64,7,56,0.0005,0.4918947571422905,0.5240120068192482,0.2722847079858184
n1_d64_r7,1,64,7,57,0.0005,0.49157286738045514,0.5242879837751389,0.2292575409519486
n1_d64_r7,1,64,7,58,0.0005,0.4914773057680577,0.5245119780302048,0.22854108299361542
n1_d64_r7,1,64,7,59,0.0005,0.49160626041702926,0.5244219079613686,0.22954949998529628
n1_d64_r7,1,64,7,60,0.0005,0.4914865540340543,0.5242852792143822,0.2288891249918379
n1_d64_r7,1,64,7,61,0.0005,0.4915188676677644,0.5242366120219231,0.22922512498917058
n1_d64_r7,1,64,7,62,0.0005,0.4914595705922693,0.5247628018260002,0.2354727500351146
n1_d64_r7,1,64,7,63,0.0005,0.4914439448621124,0.5244383662939072,0.26253441598964855
n1_d64_r7,1,64,7,64,0.00025,0.49062464968301356,0.5246649533510208,0.235779165988788
n1_d64_r7,1,64,7,65,0.00025,0.49055754859000444,0.5247227028012276,0.23123133298940957
n1_d64_r7,1,64,7,66,0.00025,0.49048681696876884,0.5248827338218689,0.22980479203397408
n1_d64_r7,1,64,7,67,0.00025,0.4904665560461581,0.5247232466936111,0.22878462501103058
n1_d128_r7,1,128,7,1,0.001,0.9153253487311304,0.8098454922437668,0.23894366598688066
n1_d128_r7,1,128,7,2,0.001,0.695210122037679,0.6429306268692017,0.24970504199154675
n1_d128_r7,1,128,7,3,0.001,0.585151131497696,0.5947896987199783,0.2423007910256274
n1_d128_r7,1,128,7,4,0.001,0.5480154238175601,0.576117068529129,0.27884945896221325
n1_d128_r7,1,128,7,5,0.001,0.52763612405397,0.5602185279130936,0.2355823339894414
n1_d128_r7,1,128,7,6,0.001,0.5149305271916091,0.553855836391449,0.23787650000303984
n1_d128_r7,1,128,7,7,0.001,0.505587610648945,0.5496705174446106,0.23444599995855242
n1_d128_r7,1,128,7,8,0.001,0.49919351073913276,0.5467652976512909,0.23617112496867776
n1_d128_r7,1,128,7,9,0.001,0.4944166278000921,0.5443239510059357,0.23595875001046807
n1_d128_r7,1,128,7,10,0.001,0.49131471407599747,0.5431458652019501,0.2374580829637125
n1_d128_r7,1,128,7,11,0.001,0.4882534828502685,0.5416377782821655,0.2332284160074778
n1_d128_r7,1,128,7,12,0.001,0.4863400834146887,0.5417396128177643,0.2807561250519939
n1_d128_r7,1,128,7,13,0.001,0.4843723103404045,0.5406732857227325,0.23319612495834008
n1_d128_r7,1,128,7,14,0.001,0.48301586508750916,0.5398749262094498,0.23559404199477285
n1_d128_r7,1,128,7,15,0.001,0.4816459163557738,0.5426192283630371,0.2354239160194993
n1_d128_r7,1,128,7,16,0.001,0.48063873685896397,0.5442588180303574,0.2357732499949634
n1_d128_r7,1,128,7,17,0.001,0.47972113685682416,0.5408346652984619,0.235558416985441
n1_d128_r7,1,128,7,18,0.001,0.4789667415898293,0.5437855571508408,0.2349149999790825
n1_d128_r7,1,128,7,19,0.001,0.47763947024941444,0.5436356216669083,0.2694360000314191
n1_d128_r7,1,128,7,20,0.001,0.4770358835812658,0.5453760623931885,0.24301629100227728
n1_d128_r7,1,128,7,21,0.001,0.4763487058226019,0.5455553382635117,0.23702995805069804
n1_d128_r7,1,128,7,22,0.001,0.47593589359894395,0.5453071594238281,0.2366782920435071
n1_d128_r7,1,128,7,23,0.0005,0.4720307334791869,0.545627161860466,0.2380547079956159
n1_d128_r7,1,128,7,24,0.0005,0.4715123591013253,0.5454237461090088,0.23359570902539417
n1_d128_r7,1,128,7,25,0.0005,0.47112791636027396,0.5460708290338516,0.23256679199403152
n1_d128_r7,1,128,7,26,0.0005,0.4708179314620793,0.5460567623376846,0.23197866597911343
n1_d128_r7,1,128,7,27,0.0005,0.4705487284809351,0.5461393296718597,0.2677360419766046
n1_d128_r7,1,128,7,28,0.0005,0.4701430208515376,0.5464327782392502,0.24136924999766052
n1_d128_r7,1,128,7,29,0.0005,0.47003718256019056,0.5472227483987808,0.24400258297100663
n1_d128_r7,1,128,7,30,0.0005,0.4697643325198442,0.5476195067167282,0.2358014999772422
n1_d128_r7,1,128,7,31,0.00025,0.467728492571041,0.5472861379384995,0.23509808303788304
n1_d128_r7,1,128,7,32,0.00025,0.4674451514147222,0.5475783199071884,0.2334812090266496
n1_d128_r7,1,128,7,33,0.00025,0.4672424823511392,0.547812432050705,0.23440008301986381
n1_d128_r7,1,128,7,34,0.00025,0.4671376885380596,0.5485028624534607,0.23386095801834017
n1_d256_r7,1,256,7,1,0.001,0.9276497014798224,0.8005754500627518,0.2826278750435449
n1_d256_r7,1,256,7,2,0.001,0.6638722373172641,0.6208851337432861,0.23749816697090864
n1_d256_r7,1,256,7,3,0.001,0.5518078845925629,0.5886708050966263,0.24035379197448492
n1_d256_r7,1,256,7,4,0.001,0.5158205879852176,0.5780625343322754,0.24342091695871204
n1_d256_r7,1,256,7,5,0.001,0.49444104242138565,0.5733990371227264,0.2417577079613693
n1_d256_r7,1,256,7,6,0.001,0.47954081068746746,0.5648441165685654,0.23831891699228436
n1_d256_r7,1,256,7,7,0.001,0.468226122437045,0.5687402933835983,0.23836062505142763
n1_d256_r7,1,256,7,8,0.001,0.45886468910612166,0.5675954520702362,0.23953187494771555
n1_d256_r7,1,256,7,9,0.001,0.45118247624486685,0.5715111643075943,0.2789309580111876
n1_d256_r7,1,256,7,10,0.001,0.4439487559720874,0.5716547816991806,0.23746679100440815
n1_d256_r7,1,256,7,11,0.001,0.4376608608290553,0.5757222026586533,0.23892075003823265
n1_d256_r7,1,256,7,12,0.001,0.43175355647690594,0.576681524515152,0.24493116704979911
n1_d256_r7,1,256,7,13,0.001,0.42669649003073573,0.5840026438236237,0.24463829095475376
n1_d256_r7,1,256,7,14,0.001,0.42158660269342363,0.5857205986976624,0.23815712501527742
n1_d256_r7,1,256,7,15,0.0005,0.4087830940261483,0.583541601896286,0.24104749999241903
n1_d256_r7,1,256,7,16,0.0005,0.4054036370944232,0.5872829556465149,0.23821954103186727
n1_d256_r7,1,256,7,17,0.0005,0.40320534026250243,0.5909907668828964,0.2806164160137996
n1_d256_r7,1,256,7,18,0.0005,0.40086594223976135,0.5946646481752396,0.23830754205118865
n1_d256_r7,1,256,7,19,0.0005,0.39883624925278127,0.5963239371776581,0.2376256249845028
n1_d256_r7,1,256,7,20,0.0005,0.3970065286848694,0.5979812294244766,0.24494704196695238
n1_d256_r7,1,256,7,21,0.0005,0.3948599637951702,0.6030237823724747,0.2430564590031281
n1_d256_r7,1,256,7,22,0.0005,0.3930114151444286,0.6051595509052277,0.23945350002031773
n1_d256_r7,1,256,7,23,0.00025,0.3867995401378721,0.6061863154172897,0.23572733299806714
n1_d256_r7,1,256,7,24,0.00025,0.3850849966984242,0.6072555631399155,0.23703320900676772
n1_d256_r7,1,256,7,25,0.00025,0.38405638793483377,0.6081364005804062,0.27675116702448577
n1_d256_r7,1,256,7,26,0.00025,0.38325989502482116,0.6102038621902466,0.2367064999998547
n1_d512_r7,1,512,7,1,0.001,0.9686706811189651,0.8441839516162872,0.2730736249941401
n1_d512_r7,1,512,7,2,0.001,0.6349533915054053,0.6284528970718384,0.2739312920020893
n1_d512_r7,1,512,7,3,0.001,0.4922765188384801,0.6084193587303162,0.28233466600067914
n1_d512_r7,1,512,7,4,0.001,0.43473828909918666,0.6121336817741394,0.27042395796161145
n1_d512_r7,1,512,7,5,0.001,0.3957226306665689,0.6222398281097412,0.27066058304626495
n1_d512_r7,1,512,7,6,0.001,0.36304937885142863,0.6396358162164688,0.3113063329947181
n1_d512_r7,1,512,7,7,0.001,0.33239582693204284,0.6602887809276581,0.27289949997793883
n1_d512_r7,1,512,7,8,0.001,0.3039569832617417,0.694249838590622,0.27282270800787956
n1_d512_r7,1,512,7,9,0.001,0.278115845634602,0.7040512710809708,0.2692424170090817
n1_d512_r7,1,512,7,10,0.001,0.25555825827177614,0.7381065487861633,0.28186279197689146
n1_d512_r7,1,512,7,11,0.001,0.23530614096671343,0.7467741370201111,0.2710462500108406
n1_d512_r7,1,512,7,12,0.0005,0.19622573058586568,0.767929419875145,0.2708048329805024
n1_d512_r7,1,512,7,13,0.0005,0.18224016076419502,0.790314257144928,0.27279687498230487
n1_d512_r7,1,512,7,14,0.0005,0.1738071518484503,0.7985121458768845,0.31351474998518825
n1_d512_r7,1,512,7,15,0.0005,0.16648905898910016,0.8200334310531616,0.270563707977999
n1_d512_r7,1,512,7,16,0.0005,0.15964139468269423,0.8344624191522598,0.2726896670064889
n1_d512_r7,1,512,7,17,0.0005,0.15391763631487265,0.8421442657709122,0.27563450002344325
n1_d512_r7,1,512,7,18,0.0005,0.14748855179641396,0.8581741601228714,0.2819572089938447
n1_d512_r7,1,512,7,19,0.0005,0.1419164226972498,0.8689239025115967,0.2696122920024209
n1_d512_r7,1,512,7,20,0.00025,0.12625878589460626,0.8788373321294785,0.2728673749952577
n1_d512_r7,1,512,7,21,0.00025,0.12223913718480617,0.8900283575057983,0.2762856660410762
n1_d512_r7,1,512,7,22,0.00025,0.11948899982962757,0.8932323902845383,0.30972958402708173
n1_d512_r7,1,512,7,23,0.00025,0.11711776937590912,0.9049835950136185,0.27139166597044095
n1_d1024_r7,1,1024,7,1,0.001,0.9823939930647612,0.8273905366659164,0.29373333405237645
n1_d1024_r7,1,1024,7,2,0.001,0.5426528113894165,0.6887128502130508,0.2991587080177851
n1_d1024_r7,1,1024,7,3,0.001,0.34761443734169006,0.6931140869855881,0.29239566600881517
n1_d1024_r7,1,1024,7,4,0.001,0.23671587684657425,0.7322911322116852,0.2938548329984769
n1_d1024_r7,1,1024,7,5,0.001,0.15438031312078238,0.7698955237865448,0.3256002910202369
n1_d1024_r7,1,1024,7,6,0.001,0.09767994709545746,0.7976976484060287,0.2959210409899242
n1_d1024_r7,1,1024,7,7,0.001,0.06198063844931312,0.82656629383564,0.28775266697630286
n1_d1024_r7,1,1024,7,8,0.001,0.0405544488603482,0.8358795046806335,0.2965594160486944
n1_d1024_r7,1,1024,7,9,0.001,0.02849169707042165,0.8435735106468201,0.3018966249655932
n1_d1024_r7,1,1024,7,10,0.001,0.02209684348781593,0.840675413608551,0.32846074999542907
n1_d1024_r7,1,1024,7,11,0.0005,0.013527017705200706,0.8335194289684296,0.316085500002373
n1_d1024_r7,1,1024,7,12,0.0005,0.004544585712210392,0.840130478143692,0.2909589579794556
n1_d1024_r7,1,1024,7,13,0.0005,0.0022411893605749356,0.8427088409662247,0.291664749966003
n1_d1024_r7,1,1024,7,14,0.0005,0.0013087626725791779,0.8445136398077011,0.32719529198948294
n1_d1024_r7,1,1024,7,15,0.0005,0.0008471781384287169,0.8457271456718445,0.299881707993336
n1_d1024_r7,1,1024,7,16,0.0005,0.0005915964609357616,0.8478867709636688,0.2939600000390783
n1_d1024_r7,1,1024,7,17,0.0005,0.00042995411286028684,0.8486068099737167,0.28969316702568904
n1_d1024_r7,1,1024,7,18,0.0005,0.00034121457861147064,0.8489327132701874,0.298726707987953
n1_d1024_r7,1,1024,7,19,0.00025,0.0002387655960092161,0.8494464606046677,0.28503200004342943
n1_d1024_r7,1,1024,7,20,0.00025,0.00012421245313021245,0.8498603850603104,0.28875516599509865
n1_d1024_r7,1,1024,7,21,0.00025,9.240962241108264e-05,0.8500806987285614,0.3232727500144392
n1_d1024_r7,1,1024,7,22,0.00025,7.505491443282608e-05,0.8503907173871994,0.30085258302278817
n1_d2048_r7,1,2048,7,1,0.001,0.9611340784467757,0.807075634598732,0.3440800000098534
n1_d2048_r7,1,2048,7,2,0.001,0.39225419447757304,0.7254536002874374,0.34468541701789945
n1_d2048_r7,1,2048,7,3,0.001,0.15021527174394578,0.7179941833019257,0.33887275005690753
n1_d2048_r7,1,2048,7,4,0.001,0.06178533984348178,0.7107339054346085,0.34060558304190636
n1_d2048_r7,1,2048,7,5,0.001,0.0383438297722023,0.7134942710399628,0.34159433300374076
n1_d2048_r7,1,2048,7,6,0.001,0.03152383986162022,0.7007134407758713,0.3371255840174854
n1_d2048_r7,1,2048,7,7,0.001,0.030400783827644773,0.7015615552663803,0.38016841595526785
n1_d2048_r7,1,2048,7,8,0.001,0.031948293748428114,0.69374980032444,0.34495762502774596
n1_d2048_r7,1,2048,7,9,0.001,0.03435837793222163,0.6993644684553146,0.3344415830215439
n1_d2048_r7,1,2048,7,10,0.001,0.034896111115813255,0.6853545904159546,0.3397687500109896
n1_d2048_r7,1,2048,7,11,0.001,0.03408055656473152,0.6860353350639343,0.33947187499143183
n1_d2048_r7,1,2048,7,12,0.001,0.031772635426023044,0.6813711225986481,0.3445821669884026
n1_d2048_r7,1,2048,7,13,0.001,0.02908086546813138,0.6817694008350372,0.3403823340195231
n1_d2048_r7,1,2048,7,14,0.001,0.027089239229098894,0.6702702641487122,0.3397263750084676
n1_d2048_r7,1,2048,7,15,0.001,0.025161534518701956,0.670531690120697,0.3811207920080051
n1_d2048_r7,1,2048,7,16,0.001,0.024018556272494607,0.6656946688890457,0.33951391599839553
n1_d2048_r7,1,2048,7,17,0.001,0.023735695576760918,0.6663408577442169,0.34282324998639524
n1_d2048_r7,1,2048,7,18,0.001,0.023329688134253956,0.6588213592767715,0.34445133397821337
n1_d2048_r7,1,2048,7,19,0.001,0.023465511461836286,0.6630951911211014,0.3377685000305064
n1_d2048_r7,1,2048,7,20,0.001,0.022935135828447528,0.6555044949054718,0.338532124995254
n1_d2048_r7,1,2048,7,21,0.001,0.02250732709944714,0.6604596823453903,0.33641466696280986
n1_d2048_r7,1,2048,7,22,0.001,0.021810558551806025,0.6518507450819016,0.3700616249698214
n1_d2048_r7,1,2048,7,23,0.001,0.02126122053596191,0.6512059569358826,0.34160987503128126
n1_d2048_r7,1,2048,7,24,0.001,0.021201709780143574,0.655411034822464,0.34450712497346103
n1_d2048_r7,1,2048,7,25,0.001,0.021518403460504487,0.6513502448797226,0.3380047079990618
n1_d2048_r7,1,2048,7,26,0.001,0.02137156754906755,0.6449751555919647,0.3351110419607721
n1_d2048_r7,1,2048,7,27,0.001,0.02006222626368981,0.6429996937513351,0.3395177500206046
n1_d2048_r7,1,2048,7,28,0.001,0.019453909968433436,0.643150582909584,0.33481470798142254
n1_d2048_r7,1,2048,7,29,0.001,0.018234473012853414,0.6400840282440186,0.33887379203224555
n1_d2048_r7,1,2048,7,30,0.001,0.017364133876981214,0.6399577111005783,0.3717374579864554
n1_d2048_r7,1,2048,7,31,0.001,0.01714238862041384,0.6381384134292603,0.3403387500438839
n1_d2048_r7,1,2048,7,32,0.001,0.01724927061877679,0.6392730921506882,0.33401224995031953
n1_d2048_r7,1,2048,7,33,0.001,0.01717252234084299,0.6355028599500656,0.3340844999765977
n1_d2048_r7,1,2048,7,34,0.001,0.01764992866810644,0.6352136433124542,0.3408852499560453
n1_d2048_r7,1,2048,7,35,0.001,0.018307684476894792,0.6326186805963516,0.3379559169989079
n1_d2048_r7,1,2048,7,36,0.001,0.01804674215236446,0.6327735036611557,0.33669537503737956
n1_d2048_r7,1,2048,7,37,0.001,0.018661578797036782,0.6280944645404816,0.34178562503075227
n1_d2048_r7,1,2048,7,38,0.001,0.018262311481521465,0.6301574259996414,0.37123270897427574
n1_d2048_r7,1,2048,7,39,0.001,0.01704780539148487,0.6281884759664536,0.34166837501106784
n1_d2048_r7,1,2048,7,40,0.001,0.015884980275586713,0.6256656050682068,0.34059512498788536
n1_d2048_r7,1,2048,7,41,0.001,0.015225406852550805,0.625445693731308,0.3371554580517113
n1_d2048_r7,1,2048,7,42,0.001,0.014709021095768549,0.6234600245952606,0.3470993749797344
n1_d2048_r7,1,2048,7,43,0.001,0.014134210388874635,0.6250293403863907,0.34247062500799075
n1_d2048_r7,1,2048,7,44,0.001,0.013962024517240934,0.6254529356956482,0.3361626249970868
n1_d2048_r7,1,2048,7,45,0.001,0.013773405422398355,0.6245268881320953,0.33453579200431705
n1_d2048_r7,1,2048,7,46,0.001,0.014161401464662049,0.6221685111522675,0.33296012500068173
n1_d2048_r7,1,2048,7,47,0.001,0.014583162046619691,0.615934282541275,0.3801069999462925
n1_d2048_r7,1,2048,7,48,0.001,0.013963139666884672,0.6232114732265472,0.3376694170292467
n1_d2048_r7,1,2048,7,49,0.001,0.013574931734183338,0.620055541396141,0.34886229201219976
n1_d2048_r7,1,2048,7,50,0.001,0.01332046360039385,0.6189461648464203,0.33756604098016396
n1_d2048_r7,1,2048,7,51,0.001,0.013191631274821702,0.6176442354917526,0.3378628339851275
n1_d2048_r7,1,2048,7,52,0.001,0.012957448852830566,0.6198177933692932,0.34372883301693946
n1_d2048_r7,1,2048,7,53,0.001,0.012650416130782105,0.6143763959407806,0.3389875419670716
n1_d2048_r7,1,2048,7,54,0.001,0.012497136325691827,0.6117574870586395,0.3341293329722248
n1_d2048_r7,1,2048,7,55,0.001,0.01241955507430248,0.6186836957931519,0.38909129198873416
n1_d2048_r7,1,2048,7,56,0.001,0.012172117683803663,0.6146167069673538,0.3360977499978617
n1_d2048_r7,1,2048,7,57,0.001,0.012144052794610616,0.6129542887210846,0.34272445895476267
n1_d2048_r7,1,2048,7,58,0.001,0.01191914878290845,0.6151849627494812,0.3377334999968298
n1_d2048_r7,1,2048,7,59,0.001,0.0115784646695829,0.6135739386081696,0.3401236250065267
n1_d2048_r7,1,2048,7,60,0.001,0.011842065323435236,0.6144339442253113,0.3377353330142796
n1_d2048_r7,1,2048,7,61,0.001,0.011975421533861663,0.6156425625085831,0.3484677500091493
n1_d2048_r7,1,2048,7,62,0.001,0.011918268239242025,0.6134243607521057,0.37026774999685585
n1_d2048_r7,1,2048,7,63,0.0005,0.009459541412070394,0.607798844575882,0.33716941595776007
n1_d2048_r7,1,2048,7,64,0.0005,0.0017012287644320168,0.6079203933477402,0.33333624998340383
n1_d2048_r7,1,2048,7,65,0.0005,0.0004109224344119866,0.607395589351654,0.3341277089784853
n1_d2048_r7,1,2048,7,66,0.0005,0.00010637730457574435,0.6072311848402023,0.3397830409812741
n1_d2048_r7,1,2048,7,67,0.0005,3.009681657317742e-05,0.6074157804250717,0.34487875003833324
n1_d2048_r7,1,2048,7,68,0.0005,9.964793232342117e-06,0.6072996258735657,0.3358944999636151
n1_d2048_r7,1,2048,7,69,0.0005,3.511092733887722e-06,0.607346385717392,0.33958358399104327
n1_d2048_r7,1,2048,7,70,0.0005,1.4950475710762134e-06,0.607245683670044,0.3944742919993587
n1_d2048_r7,1,2048,7,71,0.0005,7.821211136516126e-07,0.6073155850172043,0.3388670000131242
n1_d2048_r7,1,2048,7,72,0.0005,5.050388010019446e-07,0.6072870790958405,0.34056154201971367
n1_d2048_r7,1,2048,7,73,0.0005,4.139882543441331e-07,0.6072967052459717,0.3531355840386823
n1_d2048_r7,1,2048,7,74,0.0005,4.3695750373551334e-07,0.6072947233915329,0.33972062496468425
n1_d2048_r7,1,2048,7,75,0.00025,4.4474365545887906e-07,0.60727858543396,0.34169133397517726
n1_d2048_r7,1,2048,7,76,0.00025,7.996126880072119e-08,0.6073000729084015,0.3381891670287587
n1_d2048_r7,1,2048,7,77,0.00025,2.025769090668872e-08,0.6072981506586075,0.3371598339872435
n1_d2048_r7,1,2048,7,78,0.00025,5.5257308798073446e-09,0.6072997450828552,0.3756990829715505
n1_d2048_r7,1,2048,7,79,0.00025,1.770189586060289e-09,0.6072997897863388,0.3491606250172481
n1_d2048_r7,1,2048,7,80,0.00025,6.562087585555015e-10,0.607300192117691,0.33876983396476135
n1_d2048_r7,1,2048,7,81,0.00025,3.018028965845812e-10,0.6073001176118851,0.3415979170240462
n1_d2048_r7,1,2048,7,82,0.00025,1.6696049328236012e-10,0.607300266623497,0.3368562500108965
n1_d2048_r7,1,2048,7,83,0.000125,1.0466194344570592e-10,0.6072999238967896,0.34510120801860467
n1_d2048_r7,1,2048,7,84,0.000125,1.7469330710197066e-11,0.6072999089956284,0.34595416695810854
n1_d2048_r7,1,2048,7,85,0.000125,4.153758834083581e-12,0.6073000133037567,0.34943549998570234
n1_d2048_r7,1,2048,7,86,0.000125,1.3137742872149842e-12,0.6072999984025955,0.3811981249600649
n1_d4096_r7,1,4096,7,1,0.001,0.9687586594372988,0.9157705754041672,0.4870909579913132
n1_d4096_r7,1,4096,7,2,0.001,0.5233444457408041,0.7744526565074921,0.45709999999962747
n1_d4096_r7,1,4096,7,3,0.001,0.1754471861058846,0.7471900284290314,0.4531216670293361
n1_d4096_r7,1,4096,7,4,0.001,0.07139541179640219,0.7118676602840424,0.45207295898580924
n1_d4096_r7,1,4096,7,5,0.001,0.039782172374543734,0.7085114866495132,0.4548595839878544
n1_d4096_r7,1,4096,7,6,0.001,0.02649002562975511,0.6991521269083023,0.44602120900526643
n1_d4096_r7,1,4096,7,7,0.001,0.022420928566134535,0.7001800090074539,0.4944743340020068
n1_d4096_r7,1,4096,7,8,0.001,0.021366726185078733,0.6974708735942841,0.4656914999941364
n1_d4096_r7,1,4096,7,9,0.001,0.02325211651623249,0.6978965997695923,0.4550609170109965
n1_d4096_r7,1,4096,7,10,0.001,0.026598833996104077,0.7007422149181366,0.44770908303325996
n1_d4096_r7,1,4096,7,11,0.001,0.02931619601440616,0.6956299543380737,0.45490037504350767
n1_d4096_r7,1,4096,7,12,0.001,0.030847888789139688,0.697738528251648,0.45227300003170967
n1_d4096_r7,1,4096,7,13,0.001,0.029685335830436088,0.692802831530571,0.46166666597127914
n1_d4096_r7,1,4096,7,14,0.001,0.027884748807991855,0.6930596083402634,0.4426419159863144
n1_d4096_r7,1,4096,7,15,0.001,0.026018564705736935,0.6847329139709473,0.49003916600486264
n1_d4096_r7,1,4096,7,16,0.001,0.024520074803149328,0.6881421655416489,0.45685366698307917
n1_d4096_r7,1,4096,7,17,0.001,0.022801386920036748,0.6854748725891113,0.4584931670106016
n1_d4096_r7,1,4096,7,18,0.001,0.0208395755616948,0.6885182857513428,0.455678666010499
n1_d4096_r7,1,4096,7,19,0.001,0.019868513831170276,0.6860362887382507,0.448523374972865
n1_d4096_r7,1,4096,7,20,0.001,0.019333048127009533,0.681744322180748,0.4552920829737559
n1_d4096_r7,1,4096,7,21,0.001,0.020013477696920745,0.6819376647472382,0.45091974997194484
n1_d4096_r7,1,4096,7,22,0.001,0.020225987493176945,0.6844084113836288,0.46424183301860467
n1_d4096_r7,1,4096,7,23,0.001,0.019987965584732592,0.6794387102127075,0.48654958396218717
n1_d4096_r7,1,4096,7,24,0.001,0.01947599821141921,0.6817382872104645,0.4596731659839861
n1_d4096_r7,1,4096,7,25,0.001,0.019584858579037245,0.678004190325737,0.45365116599714383
n1_d4096_r7,1,4096,7,26,0.001,0.01961528965330217,0.6816255152225494,0.4676222500274889
n1_d4096_r7,1,4096,7,27,0.001,0.019496540538966656,0.6817597597837448,0.44964062504004687
n1_d4096_r7,1,4096,7,28,0.001,0.019062547391513363,0.6751003563404083,0.45113004196900874
n1_d4096_r7,1,4096,7,29,0.001,0.018778954799927305,0.6762956529855728,0.4551124169956893
n1_d4096_r7,1,4096,7,30,0.001,0.018082634109305218,0.678367093205452,0.44510149996494874
n1_d4096_r7,1,4096,7,31,0.001,0.017834259670053143,0.6678028404712677,0.5064655419555493
n1_d4096_r7,1,4096,7,32,0.001,0.017009847884764895,0.6712387204170227,0.453024375019595
n1_d4096_r7,1,4096,7,33,0.001,0.0161530020632199,0.6711539030075073,0.4556593339657411
n1_d4096_r7,1,4096,7,34,0.001,0.01572293179197004,0.6713721603155136,0.45313279202673584
n1_d4096_r7,1,4096,7,35,0.001,0.01566375144466292,0.6691246032714844,0.46602354204514995
n1_d4096_r7,1,4096,7,36,0.001,0.015758269029902294,0.6663575917482376,0.4491374579956755
n1_d4096_r7,1,4096,7,37,0.001,0.015436518428032286,0.6659833788871765,0.45931658399058506
n1_d4096_r7,1,4096,7,38,0.001,0.014848688246274833,0.665276974439621,0.45044866704847664
n1_d4096_r7,1,4096,7,39,0.001,0.014503403574053664,0.6699598878622055,0.49807779100956395
n1_d4096_r7,1,4096,7,40,0.001,0.014678323874250054,0.6656156480312347,0.4603575000073761
n1_d4096_r7,1,4096,7,41,0.001,0.01516736923076678,0.6657828539609909,0.45486762502696365
n1_d4096_r7,1,4096,7,42,0.001,0.015243616660882253,0.6614694595336914,0.4474027910036966
n1_d4096_r7,1,4096,7,43,0.001,0.014959210777305998,0.6628620028495789,0.4500896250247024
n1_d4096_r7,1,4096,7,44,0.001,0.014319052526843734,0.6662379056215286,0.4689758329768665
n1_d4096_r7,1,4096,7,45,0.001,0.013897432552766986,0.6619564294815063,0.4512472090427764
n1_d4096_r7,1,4096,7,46,0.001,0.013189487624913454,0.6582805812358856,0.45379408297594637
n1_d4096_r7,1,4096,7,47,0.001,0.012428823509253561,0.6599948704242706,0.48481058300239965
n1_d4096_r7,1,4096,7,48,0.001,0.012505117105320096,0.6590017229318619,0.4527934590005316
n1_d4096_r7,1,4096,7,49,0.001,0.012264668199350126,0.6563808768987656,0.46461541700409725
n1_d4096_r7,1,4096,7,50,0.001,0.011913909165741643,0.6589162796735764,0.45317125000292435
n1_d4096_r7,1,4096,7,51,0.001,0.011543641208845656,0.6548846364021301,0.45427837496390566
n1_d4096_r7,1,4096,7,52,0.001,0.011410890438128263,0.6566989570856094,0.4544208329753019
n1_d4096_r7,1,4096,7,53,0.001,0.011482833877380472,0.6541370898485184,0.46183533302973956
n1_d4096_r7,1,4096,7,54,0.001,0.01143536211020546,0.6553885340690613,0.4523400840116665
n1_d4096_r7,1,4096,7,55,0.001,0.011412583429773804,0.6569358855485916,0.45476154203061014
n1_d4096_r7,1,4096,7,56,0.001,0.011434643049142323,0.6532743871212006,0.49137975001940504
n1_d4096_r7,1,4096,7,57,0.001,0.011702958487148862,0.650826558470726,0.45736212498741224
n1_d4096_r7,1,4096,7,58,0.001,0.011622220401477534,0.652305856347084,0.4628335829474963
n1_d4096_r7,1,4096,7,59,0.001,0.01140019933518488,0.6546411961317062,0.4555355829652399
n1_d4096_r7,1,4096,7,60,0.001,0.01082115652752691,0.6535830497741699,0.4498814159887843
n1_d4096_r7,1,4096,7,61,0.001,0.010094533306983067,0.6528871655464172,0.4528633329900913
n1_d4096_r7,1,4096,7,62,0.001,0.010213494846539106,0.650416299700737,0.4597185410093516
n1_d4096_r7,1,4096,7,63,0.001,0.010265637167321984,0.6519138365983963,0.4574054579716176
n1_d4096_r7,1,4096,7,64,0.001,0.01014581371055101,0.6488912999629974,0.49034029099857435
n1_d4096_r7,1,4096,7,65,0.001,0.009589093915565172,0.6482175886631012,0.453743125020992
n1_d4096_r7,1,4096,7,66,0.001,0.008938770261011086,0.6490084230899811,0.4477554580080323
n1_d4096_r7,1,4096,7,67,0.001,0.008505493697157362,0.6485038846731186,0.4625172499800101
n1_d4096_r7,1,4096,7,68,0.001,0.00813738538272446,0.647160604596138,0.4527747079846449
n1_d4096_r7,1,4096,7,69,0.001,0.00793878636250156,0.6449877172708511,0.4500629589892924
n1_d4096_r7,1,4096,7,70,0.001,0.008096158857370028,0.6487923413515091,0.4558585420018062
n1_d4096_r7,1,4096,7,71,0.001,0.008472195480862865,0.6492366194725037,0.5000189589918591
n1_d4096_r7,1,4096,7,72,0.001,0.009306989068136318,0.6434922367334366,0.45868383400375023
n1_d4096_r7,1,4096,7,73,0.001,0.009623853431548923,0.6455311179161072,0.44828358403174207
n1_d4096_r7,1,4096,7,74,0.001,0.00939735812426079,0.6451231241226196,0.4510568340192549
n1_d4096_r7,1,4096,7,75,0.001,0.0087261591143033,0.6479214131832123,0.44435787497786805
n1_d4096_r7,1,4096,7,76,0.001,0.008527300255082082,0.6443535536527634,0.46600970800500363
n1_d4096_r7,1,4096,7,77,0.001,0.008138463239447447,0.6479904502630234,0.450648166006431
n1_d4096_r7,1,4096,7,78,0.001,0.008470162807498127,0.6428368538618088,0.45630400005029514
n1_d4096_r7,1,4096,7,79,0.001,0.008624782403785503,0.6446637809276581,0.4965833339956589
n1_d4096_r7,1,4096,7,80,0.001,0.007654917222680524,0.643804594874382,0.4627450000261888
n1_d4096_r7,1,4096,7,81,0.001,0.0069291717882151715,0.6432618051767349,0.4517950000008568
n1_d4096_r7,1,4096,7,82,0.001,0.006591255645616911,0.6444902569055557,0.44416929205181077
n1_d4096_r7,1,4096,7,83,0.001,0.006641156953264726,0.6431506723165512,0.458301458042115
n1_d4096_r7,1,4096,7,84,0.001,0.006396381919330452,0.6433570832014084,0.44890875002602115
n1_d4096_r7,1,4096,7,85,0.001,0.006171847315272316,0.63886958360672,0.4686847499688156
n1_d4096_r7,1,4096,7,86,0.001,0.006195078651217045,0.645196333527565,0.45450320799136534
n1_d4096_r7,1,4096,7,87,0.001,0.006516822621051688,0.6385710388422012,0.49948862503515556
n1_d4096_r7,1,4096,7,88,0.001,0.007002705744525883,0.6413110047578812,0.4477996249916032
n1_d4096_r7,1,4096,7,89,0.001,0.0073770265335042495,0.6425960063934326,0.46458654099842533
n1_d4096_r7,1,4096,7,90,0.001,0.007552873059466947,0.6432008743286133,0.4486508750123903
n1_d4096_r7,1,4096,7,91,0.001,0.007810399943991797,0.6425155997276306,0.4542068330338225
n1_d4096_r7,1,4096,7,92,0.001,0.007567776363430312,0.6441121399402618,0.4488780000247061
n1_d4096_r7,1,4096,7,93,0.001,0.007275724350620294,0.6408365219831467,0.4501441659522243
n1_d4096_r7,1,4096,7,94,0.001,0.006828869722085074,0.6433326303958893,0.46857320895651355
n1_d4096_r7,1,4096,7,95,0.001,0.006399650254024891,0.6416810154914856,0.49294654198456556
n1_d4096_r7,1,4096,7,96,0.0005,0.0050176882032246795,0.6386274993419647,0.4564486669842154
n1_d4096_r7,1,4096,7,97,0.0005,0.0008070193339335674,0.6376508176326752,0.4509466669987887
n1_d4096_r7,1,4096,7,98,0.0005,0.0001586547030001384,0.637666717171669,0.46228370803873986
n1_d4096_r7,1,4096,7,99,0.0005,3.198179486219033e-05,0.6375883966684341,0.44919779198244214
n1_d4096_r7,1,4096,7,100,0.0005,7.946919385659612e-06,0.6375254392623901,0.46154483302962035
n1_d4096_r7,1,4096,7,101,0.0005,2.7572015310894926e-06,0.6375519335269928,0.45351129199843854
n1_d4096_r7,1,4096,7,102,0.0005,1.7299306476203924e-06,0.6375407427549362,0.46329341595992446
n1_d4096_r7,1,4096,7,103,0.0005,1.8453172669907758e-06,0.637548565864563,0.5050266669713892
n1_d4096_r7,1,4096,7,104,0.0005,2.317488541958568e-06,0.637523889541626,0.4567329580313526
n1_d4096_r7,1,4096,7,105,0.0005,3.977164113155851e-06,0.6375129818916321,0.4497583750053309
n1_d4096_r7,1,4096,7,106,0.0005,5.577389778466113e-06,0.6375381201505661,0.4512508749612607
n1_d4096_r7,1,4096,7,107,0.0005,8.234028074483035e-06,0.6374014019966125,0.46777079202001914
n1_d4096_r7,1,4096,7,108,0.0005,1.5888090580062908e-05,0.6374957412481308,0.4560973339830525
n1_d4096_r7,1,4096,7,109,0.0005,2.8433625303136978e-05,0.6374927014112473,0.4552276660106145
n1_d4096_r7,1,4096,7,110,0.0005,6.190258167748652e-05,0.6372499167919159,0.44423612498212606
n1_d4096_r7,1,4096,7,111,0.0005,0.00015068865877765347,0.6372871994972229,0.5004843750502914
n1_d4096_r7,1,4096,7,112,0.0005,0.0004343370844708261,0.6372982263565063,0.46388491697143763
n1_d4096_r7,1,4096,7,113,0.0005,0.001342604343790299,0.6382609754800797,0.46033449994865805
n1_d4096_r7,1,4096,7,114,0.0005,0.0036973519418097567,0.6395561993122101,0.453243208990898
n1_d4096_r7,1,4096,7,115,0.0005,0.00695732764506829,0.638956755399704,0.45789583399891853
n1_d4096_r7,1,4096,7,116,0.0005,0.006947779616893968,0.6358380615711212,0.46348912501707673
n1_d4096_r7,1,4096,7,117,0.0005,0.004249265668477165,0.6382053941488266,0.4569877079920843
n1_d4096_r7,1,4096,7,118,0.0005,0.002183023867473821,0.6357730180025101,0.4845700419973582
n1_d4096_r7,1,4096,7,119,0.0005,0.00120728042884366,0.6362920701503754,0.4584901250200346
n1_d4096_r7,1,4096,7,120,0.0005,0.0006919152099271741,0.6367180049419403,0.46040437498595566
n1_d4096_r7,1,4096,7,121,0.0005,0.00048224853208012064,0.6357900351285934,0.4773283340036869
n1_d4096_r7,1,4096,7,122,0.0005,0.00043047358258263557,0.6364224702119827,0.45660512504400685
n1_d4096_r7,1,4096,7,123,0.0005,0.0004294519765153382,0.6358838379383087,0.449704583035782
n1_d4096_r7,1,4096,7,124,0.0005,0.000520413501362782,0.6361935585737228,0.4585764579824172
n1_d4096_r7,1,4096,7,125,0.0005,0.0007305426970560802,0.6367576569318771,0.4619199589942582
n1_d4096_r7,1,4096,7,126,0.0005,0.0011482872419037449,0.6365787535905838,0.4559978340403177
n1_d4096_r7,1,4096,7,127,0.00025,0.001449442193916184,0.63594089448452,0.4877693750313483
n1_d4096_r7,1,4096,7,128,0.00025,0.00021999432726715895,0.6354648023843765,0.4568014169926755
n1_d4096_r7,1,4096,7,129,0.00025,5.0469380028062005e-05,0.635468989610672,0.46783670800505206
n1_d4096_r7,1,4096,7,130,0.00025,1.2013338931637918e-05,0.6352488845586777,0.4710742080351338
n1_d4096_r7,1,4096,7,131,0.00025,3.5308449355397897e-06,0.6352928578853607,0.45402133296011016
n1_d4096_r7,1,4096,7,132,0.00025,1.3415342516864825e-06,0.6353038549423218,0.4574248330318369
n1_d4096_r7,1,4096,7,133,0.00025,7.276817450829753e-07,0.6353038251399994,0.4518355829641223
n1_d4096_r7,1,4096,7,134,0.00025,3.966199173532914e-07,0.6352975219488144,0.5055479159927927
n1_d4096_r7,1,4096,7,135,0.00025,3.1675821510201985e-07,0.6353047341108322,0.46261512499768287
n1_d4096_r7,1,4096,7,136,0.00025,3.3101109286892694e-07,0.6353182047605515,0.45575954200467095
n1_d4096_r7,1,4096,7,137,0.00025,5.484117828746804e-07,0.6353077292442322,0.45878891594475135
n1_d4096_r7,1,4096,7,138,0.00025,9.682150745593532e-07,0.6352886706590652,0.45560683304211125
n1_d4096_r7,1,4096,7,139,0.000125,1.3919913239845982e-06,0.6352933198213577,0.470029209041968
n1_d4096_r7,1,4096,7,140,0.000125,2.427327870924145e-07,0.6353025138378143,0.45384175004437566
n1_d4096_r7,1,4096,7,141,0.000125,7.40169542046143e-08,0.6352935135364532,0.4544147500419058
n1_d4096_r7,1,4096,7,142,0.000125,2.7986112059730228e-08,0.6353015154600143,0.4899852499947883
n1_d4096_r7,1,4096,7,143,0.000125,1.4671562575951924e-08,0.6352997273206711,0.472857250017114
n1_d4096_r7,1,4096,7,144,0.000125,9.981268405540034e-09,0.6353002190589905,0.4533736670273356
n1_d4096_r7,1,4096,7,145,0.000125,8.57412865012952e-09,0.6352974027395248,0.4588232079986483
n1_d4096_r7,1,4096,7,146,0.000125,9.49536562225295e-09,0.6353023797273636,0.4485227090190165
n1_d4096_r7,1,4096,7,147,6.25e-05,1.3106490778097557e-08,0.6352993547916412,0.4559171670116484
n1_d4096_r7,1,4096,7,148,6.25e-05,2.908572754173333e-09,0.6352990418672562,0.4654650839511305
n1_d4096_r7,1,4096,7,149,6.25e-05,6.130614724642741e-10,0.6352995932102203,0.453979582991451
n1_d4096_r7,1,4096,7,150,6.25e-05,1.5246634700203862e-10,0.6352996975183487,0.49800229095853865
n1_d64_r8,1,64,8,1,0.001,1.0364901605062187,0.8960463255643845,0.24190200003795326
n1_d64_r8,1,64,8,2,0.001,0.800204161554575,0.7154020518064499,0.23075783299282193
n1_d64_r8,1,64,8,3,0.001,0.6453259321860969,0.6004833728075027,0.23323562502628192
n1_d64_r8,1,64,8,4,0.001,0.5722706825472414,0.5614370703697205,0.2342397919856012
n1_d64_r8,1,64,8,5,0.001,0.5445825327187777,0.537656232714653,0.23327183304354548
n1_d64_r8,1,64,8,6,0.001,0.5277275939006358,0.5250120609998703,0.231111166998744
n1_d64_r8,1,64,8,7,0.001,0.5170605746097863,0.5164587944746017,0.2309310829732567
n1_d64_r8,1,64,8,8,0.001,0.5105731694493443,0.5119273066520691,0.23220866604242474
n1_d64_r8,1,64,8,9,0.001,0.5065853751730174,0.5063462257385254,0.2775997910066508
n1_d64_r8,1,64,8,10,0.001,0.503680347232148,0.5059615671634674,0.2316428329795599
n1_d64_r8,1,64,8,11,0.001,0.5020531753543764,0.5034857243299484,0.23216012498596683
n1_d64_r8,1,64,8,12,0.001,0.5006710097659379,0.5016351863741875,0.2338037920417264
n1_d64_r8,1,64,8,13,0.001,0.49970538215711713,0.5017667710781097,0.23469245800515637
n1_d64_r8,1,64,8,14,0.001,0.49908001301810145,0.5009728372097015,0.2310295000206679
n1_d64_r8,1,64,8,15,0.001,0.49813946383073926,0.5010780841112137,0.23142516700318083
n1_d64_r8,1,64,8,16,0.001,0.49810025934129953,0.5005957409739494,0.2651812919648364
n1_d64_r8,1,64,8,17,0.001,0.4973514771554619,0.4995459020137787,0.2412276670220308
n1_d64_r8,1,64,8,18,0.001,0.49674063827842474,0.5001964941620827,0.23417912499280646
n1_d64_r8,1,64,8,19,0.001,0.4967263420112431,0.5006701573729515,0.2312126670149155
n1_d64_r8,1,64,8,20,0.001,0.4961809536907822,0.5007105991244316,0.23336329200537875
n1_d64_r8,1,64,8,21,0.001,0.4959129292983562,0.5004419609904289,0.23120691697113216
n1_d64_r8,1,64,8,22,0.001,0.4955812895204872,0.5003563985228539,0.23147841595346108
n1_d64_r8,1,64,8,23,0.001,0.4953440735116601,0.4988461136817932,0.23157766601070762
n1_d64_r8,1,64,8,24,0.001,0.49511725921183825,0.4992236942052841,0.26950587501050904
n1_d64_r8,1,64,8,25,0.001,0.4949625860899687,0.5003310218453407,0.23388004099251702
n1_d64_r8,1,64,8,26,0.001,0.494541548890993,0.49968772381544113,0.23661175003508106
n1_d64_r8,1,64,8,27,0.001,0.49459273484535515,0.4996582046151161,0.23234487499576062
n1_d64_r8,1,64,8,28,0.001,0.4943851053249091,0.49928657710552216,0.23204362497199327
n1_d64_r8,1,64,8,29,0.001,0.493870377773419,0.5002638548612595,0.23332383297383785
n1_d64_r8,1,64,8,30,0.001,0.4939199876971543,0.5004144757986069,0.23069912497885525
n1_d64_r8,1,64,8,31,0.001,0.49349324661307037,0.5001034513115883,0.23198741697706282
n1_d64_r8,1,64,8,32,0.0005,0.49217892647720873,0.5000379979610443,0.2680527499760501
n1_d64_r8,1,64,8,33,0.0005,0.4920034606475383,0.4998742416501045,0.2342791249975562
n1_d64_r8,1,64,8,34,0.0005,0.49197093676775694,0.4996708109974861,0.2318636670242995
n1_d64_r8,1,64,8,35,0.0005,0.49181471834890544,0.4995821639895439,0.23678679199656472
n1_d64_r8,1,64,8,36,0.0005,0.49174256855621934,0.5000426918268204,0.2314511250006035
n1_d64_r8,1,64,8,37,0.0005,0.4916872661560774,0.49978746473789215,0.2349076250102371
n1_d64_r8,1,64,8,38,0.0005,0.4915219934191555,0.5001752227544785,0.23162191698793322
n1_d64_r8,1,64,8,39,0.0005,0.49153277021832764,0.49982862919569016,0.23005725000984967
n1_d64_r8,1,64,8,40,0.00025,0.49067139136604965,0.49996256828308105,0.26688650000141934
n1_d64_r8,1,64,8,41,0.00025,0.4905392930377275,0.5000025853514671,0.23441137501504272
n1_d64_r8,1,64,8,42,0.00025,0.49057196360081434,0.4999399706721306,0.22961062495596707
n1_d64_r8,1,64,8,43,0.00025,0.49044599616900086,0.4999476373195648,0.23127116600517184
n1_d128_r8,1,128,8,1,0.001,1.1310857995413244,0.9612808972597122,0.24289462500019
n1_d128_r8,1,128,8,2,0.001,0.8525516483932734,0.7571041733026505,0.23827795794932172
n1_d128_r8,1,128,8,3,0.001,0.6564150685444474,0.5894560664892197,0.23871783301001415
n1_d128_r8,1,128,8,4,0.001,0.5552358413115144,0.547858476638794,0.26958233304321766
n1_d128_r8,1,128,8,5,0.001,0.5275816663634032,0.5331858098506927,0.2444327920093201
n1_d128_r8,1,128,8,6,0.001,0.5128821316175163,0.5239534825086594,0.23626933299237862
n1_d128_r8,1,128,8,7,0.001,0.5037521326448768,0.5170054733753204,0.24098637502174824
n1_d128_r8,1,128,8,8,0.001,0.4980222787708044,0.5149994269013405,0.23780529102077708
n1_d128_r8,1,128,8,9,0.001,0.4941902058199048,0.511307492852211,0.24217258300632238
n1_d128_r8,1,128,8,10,0.001,0.4909702017903328,0.5122849941253662,0.2391605000011623
n1_d128_r8,1,128,8,11,0.001,0.489158084616065,0.5102384239435196,0.23798995901597664
n1_d128_r8,1,128,8,12,0.001,0.48703563469462097,0.5100381374359131,0.2713911249884404
n1_d128_r8,1,128,8,13,0.001,0.4854155781213194,0.509071096777916,0.2444779999786988
n1_d128_r8,1,128,8,14,0.001,0.4839185350574553,0.5107062608003616,0.23576116695767269
n1_d128_r8,1,128,8,15,0.001,0.4828138849698007,0.508772648870945,0.2381048749666661
n1_d128_r8,1,128,8,16,0.001,0.4817566766869277,0.508678674697876,0.23474395798984915
n1_d128_r8,1,128,8,17,0.001,0.4805439931806177,0.5095760077238083,0.23657670902321115
n1_d128_r8,1,128,8,18,0.001,0.4792273538187146,0.5107313320040703,0.2443980829557404
n1_d128_r8,1,128,8,19,0.001,0.4789118131157011,0.5107020288705826,0.23873095901217312
n1_d128_r8,1,128,8,20,0.001,0.4774225358851254,0.5107694640755653,0.26891179202357307
n1_d128_r8,1,128,8,21,0.001,0.4764931814279407,0.5100596100091934,0.24157012498471886
n1_d128_r8,1,128,8,22,0.001,0.4754082546569407,0.5115987211465836,0.23621712502790615
n1_d128_r8,1,128,8,23,0.001,0.47510252171196043,0.5117542743682861,0.2378875840222463
n1_d128_r8,1,128,8,24,0.001,0.47380634513683617,0.5107307285070419,0.2354730410152115
n1_d128_r8,1,128,8,25,0.0005,0.47076073405332863,0.5110583305358887,0.2358013330376707
n1_d128_r8,1,128,8,26,0.0005,0.4699175818823278,0.5121212527155876,0.24169637501472607
n1_d128_r8,1,128,8,27,0.0005,0.46929692872799933,0.5119942203164101,0.24119516601786017
n1_d128_r8,1,128,8,28,0.0005,0.46906025358475745,0.512600764632225,0.2684477500151843
n1_d128_r8,1,128,8,29,0.0005,0.46867767814546824,0.5125613510608673,0.24191779200918972
n1_d128_r8,1,128,8,30,0.0005,0.46844514762051404,0.5125734582543373,0.237068000016734
n1_d128_r8,1,128,8,31,0.0005,0.46818515355698764,0.5133077576756477,0.23768841597484425
n1_d128_r8,1,128,8,32,0.0005,0.4678781230468303,0.5147024691104889,0.23774995800340548
n1_d128_r8,1,128,8,33,0.00025,0.46577179967425764,0.5142688006162643,0.23736058396752924
n1_d128_r8,1,128,8,34,0.00025,0.4655210920609534,0.5144649296998978,0.2356349170440808
n1_d128_r8,1,128,8,35,0.00025,0.4653671698179096,0.5142996609210968,0.24693683302029967
n1_d128_r8,1,128,8,36,0.00025,0.4652601317502558,0.5146016031503677,0.27355112496297807
n1_d256_r8,1,256,8,1,0.001,0.9832131797447801,0.8223360031843185,0.2440898329950869
n1_d256_r8,1,256,8,2,0.001,0.68774329056032,0.6224685460329056,0.2406947499839589
n1_d256_r8,1,256,8,3,0.001,0.5581839079968631,0.5766984969377518,0.23978912498569116
n1_d256_r8,1,256,8,4,0.001,0.5174276861362159,0.5595066696405411,0.24158612499013543
n1_d256_r8,1,256,8,5,0.001,0.49514781194739044,0.552128866314888,0.23974804201861843
n1_d256_r8,1,256,8,6,0.001,0.47971208742819726,0.5504685640335083,0.2438609580276534
n1_d256_r8,1,256,8,7,0.001,0.46813944447785616,0.5457326322793961,0.24713962496025488
n1_d256_r8,1,256,8,8,0.001,0.4583369009196758,0.5428916066884995,0.2821457920363173
n1_d256_r8,1,256,8,9,0.001,0.45102978916838765,0.5471810102462769,0.23966629098867998
n1_d256_r8,1,256,8,10,0.001,0.4437993848696351,0.547286331653595,0.23998524999478832
n1_d256_r8,1,256,8,11,0.001,0.43756188615225255,0.5516922771930695,0.24217370804399252
n1_d256_r8,1,256,8,12,0.001,0.43257106631062925,0.5529279857873917,0.23968266701558605
n1_d256_r8,1,256,8,13,0.001,0.4265957656316459,0.556658923625946,0.24121533398283646
n1_d256_r8,1,256,8,14,0.001,0.4213152783922851,0.5578920245170593,0.24129949999041855
n1_d256_r8,1,256,8,15,0.001,0.41682007000781596,0.5660526603460312,0.2447306250105612
n1_d256_r8,1,256,8,16,0.001,0.4125541124958545,0.5708117336034775,0.2876343749812804
n1_d256_r8,1,256,8,17,0.0005,0.40079421224072576,0.5706991702318192,0.23968358396086842
n1_d256_r8,1,256,8,18,0.0005,0.3974863968323916,0.5738821476697922,0.24311829201178625
n1_d256_r8,1,256,8,19,0.0005,0.3955087964423001,0.5769039392471313,0.23837612505303696
n1_d256_r8,1,256,8,20,0.0005,0.3935028053820133,0.5801018327474594,0.23999937501503155
n1_d256_r8,1,256,8,21,0.0005,0.3917857897467911,0.5825126767158508,0.2396787500474602
n1_d256_r8,1,256,8,22,0.0005,0.38971868669614196,0.5885690003633499,0.23932566703297198
n1_d256_r8,1,256,8,23,0.0005,0.3883403337094933,0.5882034003734589,0.23879249999299645
n1_d256_r8,1,256,8,24,0.0005,0.3864328928757459,0.5912378579378128,0.28841437498340383
n1_d256_r8,1,256,8,25,0.00025,0.3800429943948984,0.593098446726799,0.2419285840005614
n1_d256_r8,1,256,8,26,0.00025,0.3784979560878128,0.5954528003931046,0.24081474996637553
n1_d256_r8,1,256,8,27,0.00025,0.37758030695840716,0.5972792506217957,0.24017033400014043
n1_d256_r8,1,256,8,28,0.00025,0.37692103954032063,0.5999728441238403,0.2412422500201501
n1_d512_r8,1,512,8,1,0.001,1.0001624817959964,0.8416739702224731,0.27577916701557115
n1_d512_r8,1,512,8,2,0.001,0.6422112549189478,0.6496212184429169,0.27538683300372213
n1_d512_r8,1,512,8,3,0.001,0.5035442225635052,0.6205009371042252,0.31404704198939726
n1_d512_r8,1,512,8,4,0.001,0.43972423230297863,0.6196125000715256,0.2861360419774428
n1_d512_r8,1,512,8,5,0.001,0.3948652492836118,0.6282144486904144,0.27349379198858514
n1_d512_r8,1,512,8,6,0.001,0.35958722745999694,0.640122190117836,0.2771901660016738
n1_d512_r8,1,512,8,7,0.001,0.33006980642676353,0.6655441522598267,0.27550741704180837
n1_d512_r8,1,512,8,8,0.001,0.30328228941652924,0.6861934065818787,0.2758811670355499
n1_d512_r8,1,512,8,9,0.001,0.27866219892166555,0.7045928835868835,0.27535595797235146
n1_d512_r8,1,512,8,10,0.001,0.2574528403347358,0.7320750951766968,0.27327287499792874
n1_d512_r8,1,512,8,11,0.001,0.2383193668210879,0.7664259672164917,0.3253795829950832
n1_d512_r8,1,512,8,12,0.001,0.22005260200239718,0.7824006676673889,0.2763984590419568
n1_d512_r8,1,512,8,13,0.0005,0.18329146096948534,0.7978587001562119,0.2717261670040898
n1_d512_r8,1,512,8,14,0.0005,0.17047696257941425,0.8148559033870697,0.2750545000308193
n1_d512_r8,1,512,8,15,0.0005,0.16314116911962628,0.8313140422105789,0.2726335839834064
n1_d512_r8,1,512,8,16,0.0005,0.15558940783375874,0.8457785546779633,0.2738739579799585
n1_d512_r8,1,512,8,17,0.0005,0.1498241105582565,0.8687428385019302,0.27681362500879914
n1_d512_r8,1,512,8,18,0.0005,0.14403181057423353,0.8786343932151794,0.31217487499816343
n1_d512_r8,1,512,8,19,0.0005,0.13897196302423254,0.8910748213529587,0.28350583399878815
n1_d512_r8,1,512,8,20,0.0005,0.13384347170358524,0.9041828811168671,0.2702367919846438
n1_d512_r8,1,512,8,21,0.00025,0.11790063901571557,0.9120387583971024,0.2734669999917969
n1_d512_r8,1,512,8,22,0.00025,0.11357507610227913,0.9217889755964279,0.2731260420405306
n1_d512_r8,1,512,8,23,0.00025,0.11111891083419323,0.9352047741413116,0.2773968339897692
n1_d512_r8,1,512,8,24,0.00025,0.10883844416821375,0.940657451748848,0.2726287920377217
n1_d1024_r8,1,1024,8,1,0.001,0.9594681258313358,0.813002198934555,0.2938769160537049
n1_d1024_r8,1,1024,8,2,0.001,0.5560521285515279,0.6235835254192352,0.33660937496460974
n1_d1024_r8,1,1024,8,3,0.001,0.34869905188679695,0.6432231962680817,0.29156579094706103
n1_d1024_r8,1,1024,8,4,0.001,0.2375603299587965,0.6643094569444656,0.29293612501351163
n1_d1024_r8,1,1024,8,5,0.001,0.15756891254568473,0.705444872379303,0.29232120799133554
n1_d1024_r8,1,1024,8,6,0.001,0.10131008247844875,0.7371177226305008,0.29208574997028336
n1_d1024_r8,1,1024,8,7,0.001,0.06493412985582836,0.7566480487585068,0.2909803750226274
n1_d1024_r8,1,1024,8,8,0.001,0.04369277897058055,0.7698856741189957,0.2921855839667842
n1_d1024_r8,1,1024,8,9,0.001,0.03139985392044764,0.7870179265737534,0.3333403329597786
n1_d1024_r8,1,1024,8,10,0.001,0.02558422408765182,0.7800859212875366,0.2968129590153694
n1_d1024_r8,1,1024,8,11,0.0005,0.016894631684408523,0.7739288359880447,0.29204466700321063
n1_d1024_r8,1,1024,8,12,0.0005,0.0055228311284736264,0.7778786718845367,0.29086850001476705
n1_d1024_r8,1,1024,8,13,0.0005,0.0027142362432641676,0.7810695171356201,0.2922473750077188
n1_d1024_r8,1,1024,8,14,0.0005,0.001601302865310572,0.7832925915718079,0.28776525001740083
n1_d1024_r8,1,1024,8,15,0.0005,0.001033807502608397,0.7860362976789474,0.28898933401796967
n1_d1024_r8,1,1024,8,16,0.0005,0.0007053982985780749,0.7870179265737534,0.2988062920048833
n1_d1024_r8,1,1024,8,17,0.0005,0.0005175721710202197,0.7887179851531982,0.328171500004828
n1_d1024_r8,1,1024,8,18,0.0005,0.00040508908932679333,0.7892575114965439,0.2991317920386791
n1_d1024_r8,1,1024,8,19,0.00025,0.00027647033391531295,0.7894741296768188,0.29177737497957423
n1_d1024_r8,1,1024,8,20,0.00025,0.00011813677684813229,0.7899731397628784,0.2833249170216732
n1_d1024_r8,1,1024,8,21,0.00025,7.698065562067313e-05,0.7904796004295349,0.2923348330077715
n1_d1024_r8,1,1024,8,22,0.00025,5.740359355854707e-05,0.790803387761116,0.29148941597668454
n1_d2048_r8,1,2048,8,1,0.001,0.9708795798942447,0.8427508920431137,0.3507980830036104
n1_d2048_r8,1,2048,8,2,0.001,0.41419421788305044,0.7368166446685791,0.340323582990095
n1_d2048_r8,1,2048,8,3,0.001,0.15789700427558273,0.7436051666736603,0.3754626250010915
n1_d2048_r8,1,2048,8,4,0.001,0.061593773192726076,0.7283779829740524,0.3374213749775663
n1_d2048_r8,1,2048,8,5,0.001,0.03663088097528089,0.7244105339050293,0.3352551249554381
n1_d2048_r8,1,2048,8,6,0.001,0.03231340921774972,0.7205439060926437,0.3315556669840589
n1_d2048_r8,1,2048,8,7,0.001,0.03305423275742214,0.7143832743167877,0.34384720801608637
n1_d2048_r8,1,2048,8,8,0.001,0.03491536057845224,0.708311140537262,0.34127762500429526
n1_d2048_r8,1,2048,8,9,0.001,0.036789274658076465,0.7092308849096298,0.3328454170259647
n1_d2048_r8,1,2048,8,10,0.001,0.03622930886922404,0.7012939304113388,0.37182524998206645
n1_d2048_r8,1,2048,8,11,0.001,0.03355753877258394,0.6914362907409668,0.3372686250368133
n1_d2048_r8,1,2048,8,12,0.001,0.030161640170263126,0.6959302574396133,0.3361297909868881
n1_d2048_r8,1,2048,8,13,0.001,0.02713669670629315,0.6903140395879745,0.3459628749988042
n1_d2048_r8,1,2048,8,14,0.001,0.025034527585376054,0.6794446706771851,0.3367090839892626
n1_d2048_r8,1,2048,8,15,0.001,0.02317036637396086,0.675377681851387,0.33801387500716373
n1_d2048_r8,1,2048,8,16,0.001,0.021713505950174294,0.6731719970703125,0.33857620804337785
n1_d2048_r8,1,2048,8,17,0.001,0.021325408772099763,0.676698699593544,0.3348879579571076
n1_d2048_r8,1,2048,8,18,0.001,0.0219702599424636,0.6735518872737885,0.3695659159566276
n1_d2048_r8,1,2048,8,19,0.001,0.022266685467911884,0.6684813946485519,0.35224920901237056
n1_d2048_r8,1,2048,8,20,0.001,0.02269757181056775,0.6677473187446594,0.3571599170099944
n1_d2048_r8,1,2048,8,21,0.001,0.02281588404730428,0.667601153254509,0.33987354196142405
n1_d2048_r8,1,2048,8,22,0.001,0.02276925630576443,0.6668708920478821,0.34181545802857727
n1_d2048_r8,1,2048,8,23,0.001,0.022314307381748222,0.6613458544015884,0.3400567499920726
n1_d2048_r8,1,2048,8,24,0.001,0.021527419725316577,0.6571685969829559,0.33587591600371525
n1_d2048_r8,1,2048,8,25,0.001,0.021062350991996937,0.6616496741771698,0.3490886250510812
n1_d2048_r8,1,2048,8,26,0.001,0.020486277411691844,0.66032375395298,0.3670033329981379
n1_d2048_r8,1,2048,8,27,0.001,0.0195467053054017,0.6605373024940491,0.33616595895728096
n1_d2048_r8,1,2048,8,28,0.001,0.01891510940185981,0.6517566591501236,0.33857825002633035
n1_d2048_r8,1,2048,8,29,0.001,0.01848270343907643,0.6481497436761856,0.34148220799397677
n1_d2048_r8,1,2048,8,30,0.001,0.0184347781832912,0.6494824588298798,0.338078000000678
n1_d2048_r8,1,2048,8,31,0.001,0.01786528069351334,0.6421844512224197,0.3521547919954173
n1_d2048_r8,1,2048,8,32,0.001,0.017162363765237387,0.6485866606235504,0.33580329100368544
n1_d2048_r8,1,2048,8,33,0.001,0.01693116597016342,0.6439325213432312,0.34203279204666615
n1_d2048_r8,1,2048,8,34,0.001,0.01711519798845984,0.6449702084064484,0.3395783749874681
n1_d2048_r8,1,2048,8,35,0.001,0.01680954651965294,0.6399048715829849,0.3794201660202816
n1_d2048_r8,1,2048,8,36,0.001,0.016599217291513924,0.6405560523271561,0.3414081250084564
n1_d2048_r8,1,2048,8,37,0.001,0.016390951444918755,0.6387574523687363,0.34666774998186156
n1_d2048_r8,1,2048,8,38,0.001,0.01674213767546462,0.6385179460048676,0.3389798749703914
n1_d2048_r8,1,2048,8,39,0.001,0.016306887860991992,0.6374875009059906,0.340121875051409
n1_d2048_r8,1,2048,8,40,0.001,0.015733177577203605,0.6396051645278931,0.33721987501485273
n1_d2048_r8,1,2048,8,41,0.001,0.015793026381288655,0.6369152516126633,0.3371280829887837
n1_d2048_r8,1,2048,8,42,0.001,0.01582593994680792,0.6360125094652176,0.3391892920481041
n1_d2048_r8,1,2048,8,43,0.001,0.014963921305024996,0.634878545999527,0.3854962079785764
n1_d2048_r8,1,2048,8,44,0.001,0.014139152524876408,0.633836030960083,0.3371437499881722
n1_d2048_r8,1,2048,8,45,0.001,0.013480449924827553,0.631005585193634,0.34201750002102926
n1_d2048_r8,1,2048,8,46,0.001,0.01316043426777469,0.6292212605476379,0.3385682500083931
n1_d2048_r8,1,2048,8,47,0.001,0.013159494912542868,0.6319506019353867,0.33512341702589765
n1_d2048_r8,1,2048,8,48,0.001,0.01343359163729474,0.6319175809621811,0.33867491700220853
n1_d2048_r8,1,2048,8,49,0.001,0.013822120017721318,0.6275061666965485,0.34398554102517664
n1_d2048_r8,1,2048,8,50,0.001,0.013782691152300686,0.6351793706417084,0.3719606670201756
n1_d2048_r8,1,2048,8,51,0.001,0.013608858651423361,0.6279356926679611,0.34300091600744054
n1_d2048_r8,1,2048,8,52,0.001,0.013669231157109607,0.628788098692894,0.33688820799579844
n1_d2048_r8,1,2048,8,53,0.001,0.013415326466201805,0.6301276087760925,0.3374422499909997
n1_d2048_r8,1,2048,8,54,0.001,0.012606393422174733,0.6258760243654251,0.3417219170369208
n1_d2048_r8,1,2048,8,55,0.001,0.01209609532088507,0.6263480484485626,0.3443891250062734
n1_d2048_r8,1,2048,8,56,0.001,0.011518855550093576,0.6227607578039169,0.3369459999958053
n1_d2048_r8,1,2048,8,57,0.001,0.011226702103158459,0.6231552958488464,0.3371457090252079
n1_d2048_r8,1,2048,8,58,0.001,0.011164119096065406,0.6216639429330826,0.37219025002559647
n1_d2048_r8,1,2048,8,59,0.001,0.010957076876366045,0.6256714761257172,0.3383052919525653
n1_d2048_r8,1,2048,8,60,0.001,0.011083780096669216,0.6219143718481064,0.3403237090096809
n1_d2048_r8,1,2048,8,61,0.001,0.011098522641987074,0.6198121011257172,0.3460039169876836
n1_d2048_r8,1,2048,8,62,0.001,0.01093000276159728,0.6220870018005371,0.34194358298555017
n1_d2048_r8,1,2048,8,63,0.001,0.010955460456898436,0.6215179711580276,0.33541566698113456
n1_d2048_r8,1,2048,8,64,0.001,0.010846918012248352,0.6188426166772842,0.33550891699269414
n1_d2048_r8,1,2048,8,65,0.001,0.010878920074901544,0.6178735643625259,0.33690641599241644
n1_d2048_r8,1,2048,8,66,0.001,0.01122466549713863,0.6168910264968872,0.3739124999847263
n1_d2048_r8,1,2048,8,67,0.001,0.01101525712874718,0.615021750330925,0.34652833302970976
n1_d2048_r8,1,2048,8,68,0.001,0.010444291980093112,0.6154757440090179,0.34284900000784546
n1_d2048_r8,1,2048,8,69,0.001,0.009752331126946956,0.6123847216367722,0.3408449160051532
n1_d2048_r8,1,2048,8,70,0.001,0.009162215083051706,0.6140435934066772,0.3357655410072766
n1_d2048_r8,1,2048,8,71,0.001,0.009239012357284082,0.6154801249504089,0.3396162079880014
n1_d2048_r8,1,2048,8,72,0.001,0.009633328812924447,0.6141275465488434,0.3366408750298433
n1_d2048_r8,1,2048,8,73,0.001,0.009646280373999616,0.616407722234726,0.3484689580509439
n1_d2048_r8,1,2048,8,74,0.001,0.00932019493120606,0.6133044809103012,0.37633004202507436
n1_d2048_r8,1,2048,8,75,0.001,0.008989259818918072,0.6093912720680237,0.33568558300612494
n1_d2048_r8,1,2048,8,76,0.001,0.008782292650721502,0.6145644932985306,0.33326608303468674
n1_d2048_r8,1,2048,8,77,0.001,0.008687215617101174,0.6085021495819092,0.3382302499958314
n1_d2048_r8,1,2048,8,78,0.001,0.008893845995771699,0.6145014613866806,0.33259070897474885
n1_d2048_r8,1,2048,8,79,0.001,0.009005839467135957,0.6092783659696579,0.34317408298375085
n1_d2048_r8,1,2048,8,80,0.001,0.00895288608080591,0.6133281141519547,0.33707829198101535
n1_d2048_r8,1,2048,8,81,0.001,0.008951992396760033,0.6095791608095169,0.33472774998517707
n1_d2048_r8,1,2048,8,82,0.001,0.00878040030147531,0.6102046966552734,0.3694291250430979
n1_d2048_r8,1,2048,8,83,0.001,0.008561136968637584,0.6087406873703003,0.33986479096347466
n1_d2048_r8,1,2048,8,84,0.001,0.008275444462924497,0.6079491972923279,0.33157595800003037
n1_d2048_r8,1,2048,8,85,0.001,0.007825887896615313,0.6098363250494003,0.34136233397293836
n1_d2048_r8,1,2048,8,86,0.001,0.007511304207582725,0.6104346513748169,0.3372747499961406
n1_d2048_r8,1,2048,8,87,0.001,0.007614106798428111,0.6051556617021561,0.33264237496769056
n1_d2048_r8,1,2048,8,88,0.001,0.007631101132574258,0.6096432954072952,0.3344984580180608
n1_d2048_r8,1,2048,8,89,0.001,0.008126005253870972,0.6110077500343323,0.33577608299674466
n1_d2048_r8,1,2048,8,90,0.001,0.008248744070442626,0.6073923707008362,0.3773559589753859
n1_d2048_r8,1,2048,8,91,0.001,0.008098502232314786,0.6120163649320602,0.34741454100003466
n1_d2048_r8,1,2048,8,92,0.001,0.007943892953335308,0.6069471687078476,0.3394175409921445
n1_d2048_r8,1,2048,8,93,0.001,0.007729038377874531,0.6075644940137863,0.3382475840044208
n1_d2048_r8,1,2048,8,94,0.001,0.007397545010462636,0.6102072149515152,0.33916920801857486
n1_d2048_r8,1,2048,8,95,0.001,0.0069723933447676245,0.6071377545595169,0.33843645901652053
n1_d2048_r8,1,2048,8,96,0.0005,0.005437504911242286,0.6037393659353256,0.33701745903817937
n1_d2048_r8,1,2048,8,97,0.0005,0.0009644644878790132,0.602828860282898,0.37859174999175593
n1_d2048_r8,1,2048,8,98,0.0005,0.00022871121257139748,0.603087306022644,0.33887612499529496
n1_d2048_r8,1,2048,8,99,0.0005,6.183846807061855e-05,0.6030157953500748,0.33852066699182615
n1_d2048_r8,1,2048,8,100,0.0005,1.7596389483287567e-05,0.6029461473226547,0.3400665420340374
n1_d2048_r8,1,2048,8,101,0.0005,5.464975409097406e-06,0.6028877049684525,0.3368750000372529
n1_d2048_r8,1,2048,8,102,0.0005,1.8542302679946943e-06,0.6029107123613358,0.3361932919942774
n1_d2048_r8,1,2048,8,103,0.0005,7.523754836924468e-07,0.6029210835695267,0.3425885839969851
n1_d2048_r8,1,2048,8,104,0.0005,3.826884777957673e-07,0.6029387265443802,0.3346999160130508
n1_d2048_r8,1,2048,8,105,0.0005,2.3592357378809936e-07,0.6029184013605118,0.3372171249939129
n1_d2048_r8,1,2048,8,106,0.00025,1.5960167820683324e-07,0.6029204428195953,0.3823131669778377
n1_d2048_r8,1,2048,8,107,0.00025,2.6575148900920276e-08,0.6029258370399475,0.3416727920412086
n1_d2048_r8,1,2048,8,108,0.00025,6.200951994939086e-09,0.6029226183891296,0.334901041991543
n1_d2048_r8,1,2048,8,109,0.00025,1.5589926441808566e-09,0.602922797203064,0.3488657500129193
n1_d2048_r8,1,2048,8,110,0.00025,4.308364405253978e-10,0.6029228270053864,0.33655383303994313
n1_d2048_r8,1,2048,8,111,0.00025,1.2763295346822356e-10,0.6029228568077087,0.3377208749880083
n1_d2048_r8,1,2048,8,112,0.00025,4.0750393660057664e-11,0.6029227077960968,0.33910491701681167
n1_d2048_r8,1,2048,8,113,0.00025,1.4030091196085785e-11,0.6029228568077087,0.37029491597786546
n1_d2048_r8,1,2048,8,114,0.000125,5.3670346094355885e-12,0.6029227524995804,0.33992791699711233
n1_d2048_r8,1,2048,8,115,0.000125,1.5417964756465896e-12,0.6029227823019028,0.34884170797886327
n1_d2048_r8,1,2048,8,116,0.000125,8.563979125022169e-13,0.6029227823019028,0.3365567079745233
n1_d2048_r8,1,2048,8,117,0.000125,5.802002133758647e-13,0.6029227674007416,0.33928245899733156
n1_d4096_r8,1,4096,8,1,0.001,0.990102500654757,0.9500600397586823,0.4815270829712972
n1_d4096_r8,1,4096,8,2,0.001,0.6464824602007866,0.7912511378526688,0.4431130419834517
n1_d4096_r8,1,4096,8,3,0.001,0.20522497151978314,0.7390536069869995,0.46349929098505527
n1_d4096_r8,1,4096,8,4,0.001,0.07740505109541118,0.7222540378570557,0.4885872910381295
n1_d4096_r8,1,4096,8,5,0.001,0.04501377634005621,0.7132502347230911,0.4514326250064187
n1_d4096_r8,1,4096,8,6,0.001,0.03133702513878234,0.7059430927038193,0.4467711669858545
n1_d4096_r8,1,4096,8,7,0.001,0.02596145040297415,0.7066014558076859,0.4511059590149671
n1_d4096_r8,1,4096,8,8,0.001,0.023591929115355015,0.6998685151338577,0.4534692500019446
n1_d4096_r8,1,4096,8,9,0.001,0.022784970671636984,0.7028195708990097,0.45236795902019367
n1_d4096_r8,1,4096,8,10,0.001,0.023588928306708112,0.6967507749795914,0.45095891604432836
n1_d4096_r8,1,4096,8,11,0.001,0.02500615948520135,0.7067439258098602,0.45310533401789144
n1_d4096_r8,1,4096,8,12,0.001,0.026472568584722467,0.6946353316307068,0.5014930840115994
n1_d4096_r8,1,4096,8,13,0.001,0.02722481795353815,0.6975547671318054,0.44428212504135445
n1_d4096_r8,1,4096,8,14,0.001,0.026513239296036772,0.6916120946407318,0.45114008302334696
n1_d4096_r8,1,4096,8,15,0.001,0.024912645923905075,0.6915969997644424,0.4469572499510832
n1_d4096_r8,1,4096,8,16,0.001,0.02297120582079515,0.6866693645715714,0.4473608749685809
n1_d4096_r8,1,4096,8,17,0.001,0.021839762615854852,0.6886607706546783,0.45913437503622845
n1_d4096_r8,1,4096,8,18,0.001,0.020578686307999305,0.6881642639636993,0.45384720800211653
n1_d4096_r8,1,4096,8,19,0.001,0.020022994343889877,0.6860539466142654,0.490163832961116
n1_d4096_r8,1,4096,8,20,0.001,0.020260328652511816,0.6884041428565979,0.45500254095532
n1_d4096_r8,1,4096,8,21,0.001,0.01992991584847914,0.6842365115880966,0.45950350002385676
n1_d4096_r8,1,4096,8,22,0.001,0.019649609850603156,0.6817099452018738,0.45612566702766344
n1_d4096_r8,1,4096,8,23,0.001,0.019073728784860577,0.6833844184875488,0.4490724999923259
n1_d4096_r8,1,4096,8,24,0.001,0.019114194517896976,0.6771432757377625,0.448347624973394
n1_d4096_r8,1,4096,8,25,0.001,0.019208711564715486,0.6775768846273422,0.4480639169923961
n1_d4096_r8,1,4096,8,26,0.001,0.019184538745321333,0.6749508082866669,0.4567934169899672
n1_d4096_r8,1,4096,8,27,0.001,0.018403277172183152,0.6799952238798141,0.4958042500074953
n1_d4096_r8,1,4096,8,28,0.001,0.01811118308978621,0.6739171594381332,0.4475476249936037
n1_d4096_r8,1,4096,8,29,0.001,0.018017331924056634,0.6755847483873367,0.4565567499957979
n1_d4096_r8,1,4096,8,30,0.001,0.01780744330608286,0.671139195561409,0.4567367080016993
n1_d4096_r8,1,4096,8,31,0.001,0.017918350451509468,0.6711214035749435,0.4551891250303015
n1_d4096_r8,1,4096,8,32,0.001,0.01768239105877001,0.6730825453996658,0.4492947090184316
n1_d4096_r8,1,4096,8,33,0.001,0.01665380210033618,0.6681516170501709,0.4556461659958586
n1_d4096_r8,1,4096,8,34,0.001,0.016123063214763533,0.6701028794050217,0.44736558297881857
n1_d4096_r8,1,4096,8,35,0.001,0.015548928480711766,0.6678023189306259,0.5036800419911742
n1_d4096_r8,1,4096,8,36,0.001,0.014674822210508864,0.6677372753620148,0.4515991249936633
n1_d4096_r8,1,4096,8,37,0.001,0.014528161169437226,0.6673246026039124,0.44903520797379315
n1_d4096_r8,1,4096,8,38,0.001,0.014590617072826717,0.660016730427742,0.4557612080243416
n1_d4096_r8,1,4096,8,39,0.001,0.014114499077550136,0.6661287248134613,0.4581477079773322
n1_d4096_r8,1,4096,8,40,0.001,0.014218730437278282,0.6586157083511353,0.4586692500161007
n1_d4096_r8,1,4096,8,41,0.001,0.014051993261091411,0.6625079214572906,0.4493122919811867
n1_d4096_r8,1,4096,8,42,0.001,0.01440189458662644,0.6595838814973831,0.4520610420149751
n1_d4096_r8,1,4096,8,43,0.001,0.015011425464763306,0.6631152778863907,0.4480811249813996
n1_d4096_r8,1,4096,8,44,0.001,0.014459736070421059,0.658279150724411,0.5134925000020303
n1_d4096_r8,1,4096,8,45,0.001,0.013851678631908726,0.6581066101789474,0.45592258300166577
n1_d4096_r8,1,4096,8,46,0.001,0.013262231106637046,0.6542923003435135,0.452085500000976
n1_d4096_r8,1,4096,8,47,0.001,0.01248431763087865,0.6537689864635468,0.4456779580214061
n1_d4096_r8,1,4096,8,48,0.001,0.011980218856479041,0.6545234322547913,0.46307954197982326
n1_d4096_r8,1,4096,8,49,0.001,0.01169949748145882,0.651517704129219,0.45210333296563476
n1_d4096_r8,1,4096,8,50,0.001,0.011289682763163,0.6514025628566742,0.4480697500403039
n1_d4096_r8,1,4096,8,51,0.001,0.011094725145085249,0.6545779407024384,0.4554894589819014
n1_d4096_r8,1,4096,8,52,0.001,0.010713780095102265,0.6497212499380112,0.49244020803598687
n1_d4096_r8,1,4096,8,53,0.001,0.010726146290835459,0.6473526507616043,0.4627182499971241
n1_d4096_r8,1,4096,8,54,0.001,0.010865133743209299,0.648649275302887,0.45268416695762426
n1_d4096_r8,1,4096,8,55,0.001,0.010742508718976751,0.6475822627544403,0.4640422919765115
n1_d4096_r8,1,4096,8,56,0.001,0.010786760969494935,0.6489854604005814,0.4501959169865586
n1_d4096_r8,1,4096,8,57,0.001,0.010805572354001924,0.6498566567897797,0.46524849999696016
n1_d4096_r8,1,4096,8,58,0.001,0.011029401350242551,0.6503174751996994,0.455375500023365
n1_d4096_r8,1,4096,8,59,0.001,0.01161456668341998,0.6504080444574356,0.5307784579927102
n1_d4096_r8,1,4096,8,60,0.001,0.01175660014996538,0.646032452583313,0.450867332983762
n1_d4096_r8,1,4096,8,61,0.001,0.011214093916350976,0.6491952985525131,0.452099125017412
n1_d4096_r8,1,4096,8,62,0.001,0.010590652193059213,0.645434245467186,0.4636795830447227
n1_d4096_r8,1,4096,8,63,0.001,0.010022251648479141,0.6461602747440338,0.45714308304013684
n1_d4096_r8,1,4096,8,64,0.001,0.00960658360781963,0.6431765258312225,0.45514837495284155
n1_d4096_r8,1,4096,8,65,0.001,0.00897319153227727,0.64240463078022,0.4540638329926878
n1_d4096_r8,1,4096,8,66,0.001,0.008464202284812927,0.6382668614387512,0.46305154100991786
n1_d4096_r8,1,4096,8,67,0.001,0.007897885894635692,0.6453550010919571,0.4969865420134738
n1_d4096_r8,1,4096,8,68,0.001,0.007831116625311552,0.6398494094610214,0.46015425003133714
n1_d4096_r8,1,4096,8,69,0.001,0.008135633870551828,0.641312450170517,0.45151104195974767
n1_d4096_r8,1,4096,8,70,0.001,0.008450192584859906,0.639223575592041,0.4625874580233358
n1_d4096_r8,1,4096,8,71,0.001,0.00846091366111068,0.6430371850728989,0.46441808296367526
n1_d4096_r8,1,4096,8,72,0.001,0.008519098373653833,0.6380374431610107,0.4598994170082733
n1_d4096_r8,1,4096,8,73,0.001,0.008699368736415636,0.6431933045387268,0.45162433304358274
n1_d4096_r8,1,4096,8,74,0.001,0.008889459732017713,0.6410613358020782,0.45567104197107255
n1_d4096_r8,1,4096,8,75,0.001,0.009362403838167666,0.6383533179759979,0.5064044999890029
n1_d4096_r8,1,4096,8,76,0.001,0.009351594919280615,0.6390568614006042,0.45631337503436953
n1_d4096_r8,1,4096,8,77,0.001,0.008314724702358944,0.6396572887897491,0.45650704100262374
n1_d4096_r8,1,4096,8,78,0.001,0.007604227826959686,0.6365437358617783,0.4527489170432091
n1_d4096_r8,1,4096,8,79,0.001,0.0069071058205736335,0.6385612487792969,0.4554787499946542
n1_d4096_r8,1,4096,8,80,0.001,0.0064280236802005675,0.6392675787210464,0.46484616701491177
n1_d4096_r8,1,4096,8,81,0.001,0.006220409806701355,0.639716699719429,0.45498416700866073
n1_d4096_r8,1,4096,8,82,0.001,0.006292043301073136,0.6369208097457886,0.4497592910192907
n1_d4096_r8,1,4096,8,83,0.001,0.006404397972801235,0.6379106789827347,0.5028427919605747
n1_d4096_r8,1,4096,8,84,0.001,0.0066211313132953364,0.6341496109962463,0.45907216699561104
n1_d4096_r8,1,4096,8,85,0.001,0.006798411392082926,0.6365379840135574,0.4573731659911573
n1_d4096_r8,1,4096,8,86,0.001,0.0069954644750396255,0.6383041590452194,0.4486705000163056
n1_d4096_r8,1,4096,8,87,0.001,0.007186398554040352,0.6365797072649002,0.4579956250381656
n1_d4096_r8,1,4096,8,88,0.001,0.007448890566593036,0.6339457333087921,0.44994054205017164
n1_d4096_r8,1,4096,8,89,0.001,0.007694893516600132,0.6355301439762115,0.4674769169650972
n1_d4096_r8,1,4096,8,90,0.001,0.0075026408667326905,0.6367191672325134,0.44855791702866554
n1_d4096_r8,1,4096,8,91,0.001,0.007052546759950928,0.6339272856712341,0.5058736669598147
n1_d4096_r8,1,4096,8,92,0.001,0.006770770625735167,0.6348089724779129,0.4565118749742396
n1_d4096_r8,1,4096,8,93,0.001,0.006556085092597641,0.63508740067482,0.46447833301499486
n1_d4096_r8,1,4096,8,94,0.001,0.005915161222219467,0.6350670158863068,0.4626253329915926
n1_d4096_r8,1,4096,8,95,0.001,0.005519246884432505,0.6335346549749374,0.45206058298936114
n1_d4096_r8,1,4096,8,96,0.001,0.0052743882060894975,0.6342800259590149,0.4549918749835342
n1_d4096_r8,1,4096,8,97,0.001,0.005171557955691242,0.6329141855239868,0.45639337500324473
n1_d4096_r8,1,4096,8,98,0.001,0.0051954549162473995,0.6357474774122238,0.4692060420056805
n1_d4096_r8,1,4096,8,99,0.001,0.005162575693248073,0.6353608816862106,0.49163645901717246
n1_d4096_r8,1,4096,8,100,0.001,0.0053607495574397035,0.6346990466117859,0.4586399160325527
n1_d4096_r8,1,4096,8,101,0.001,0.005660516337229637,0.6357793211936951,0.45028820796869695
n1_d4096_r8,1,4096,8,102,0.001,0.006119694837252609,0.635632261633873,0.46133091603405774
n1_d4096_r8,1,4096,8,103,0.001,0.0065705522647476755,0.6351258456707001,0.4532159169903025
n1_d4096_r8,1,4096,8,104,0.001,0.006597966650588205,0.6353094130754471,0.45627741602947935
n1_d4096_r8,1,4096,8,105,0.001,0.006400388785550604,0.6334527432918549,0.45057616697158664
n1_d4096_r8,1,4096,8,106,0.0005,0.004895787949863006,0.630333811044693,0.4878294160007499
n1_d4096_r8,1,4096,8,107,0.0005,0.0007367350208369317,0.6299004852771759,0.470840165973641
n1_d4096_r8,1,4096,8,108,0.0005,0.00014767880918498122,0.6303562670946121,0.45281079201959074
n1_d4096_r8,1,4096,8,109,0.0005,3.5049934112407755e-05,0.6300784647464752,0.4594677079585381
n1_d4096_r8,1,4096,8,110,0.0005,1.1732273609510457e-05,0.6300210207700729,0.4548386670066975
n1_d4096_r8,1,4096,8,111,0.0005,6.466739536747923e-06,0.6300743967294693,0.4710590839968063
n1_d4096_r8,1,4096,8,112,0.0005,5.160973803874924e-06,0.6300029754638672,0.453045749978628
n1_d4096_r8,1,4096,8,113,0.0005,5.2442581326417326e-06,0.6300238519906998,0.4590974159655161
n1_d4096_r8,1,4096,8,114,0.0005,5.1448427962341725e-06,0.6299824267625809,0.4497355409548618
n1_d4096_r8,1,4096,8,115,0.0005,5.896434222663061e-06,0.6299947798252106,0.49999575002584606
n1_d4096_r8,1,4096,8,116,0.00025,7.191256198524343e-06,0.6300337016582489,0.4642737499671057
n1_d4096_r8,1,4096,8,117,0.00025,2.6220759625772416e-06,0.630010649561882,0.45786558400141075
n1_d4096_r8,1,4096,8,118,0.00025,2.0877171382771564e-06,0.6300329118967056,0.4489892909768969
n1_d4096_r8,1,4096,8,119,0.00025,1.6777910410992192e-06,0.6300173550844193,0.45369470899458975
n1_d4096_r8,1,4096,8,120,0.00025,1.660486270343986e-06,0.6300309747457504,0.4689817920443602
n1_d4096_r8,1,4096,8,121,0.00025,1.7559758668656e-06,0.630016878247261,0.4534825409646146
n1_d4096_r8,1,4096,8,122,0.00025,1.5460737277650516e-06,0.6300220787525177,0.4939650830347091
n1_d4096_r8,1,4096,8,123,0.00025,1.5162923962808161e-06,0.6300191581249237,0.4535252090427093
n1_d4096_r8,1,4096,8,124,0.000125,1.5154097743400041e-06,0.6300249546766281,0.4570613329997286
n1_d4096_r8,1,4096,8,125,0.000125,1.4812474695286015e-06,0.6300226449966431,0.46215224999468774
n1_d4096_r8,1,4096,8,126,0.000125,1.4770358768593714e-06,0.6300235390663147,0.4561420000391081
n1_d4096_r8,1,4096,8,127,0.000125,1.4762444664092851e-06,0.6300229728221893,0.4542612499790266
n1_d64_r9,1,64,9,1,0.001,0.9662923598662019,0.8383542597293854,0.2444167910143733
n1_d64_r9,1,64,9,2,0.001,0.7487165238708258,0.686619371175766,0.2325265410472639
n1_d64_r9,1,64,9,3,0.001,0.6298500024713576,0.6048111319541931,0.23372562497388572
n1_d64_r9,1,64,9,4,0.001,0.5749611363280565,0.5745774358510971,0.23136745794909075
n1_d64_r9,1,64,9,5,0.001,0.5490121054463089,0.5523962676525116,0.2320625830325298
n1_d64_r9,1,64,9,6,0.001,0.5328265414573252,0.5404272228479385,0.2312315829913132
n1_d64_r9,1,64,9,7,0.001,0.5223745265975595,0.5332022607326508,0.23221575003117323
n1_d64_r9,1,64,9,8,0.001,0.5157523567322642,0.5271386578679085,0.23121545795584098
n1_d64_r9,1,64,9,9,0.001,0.5115354310255498,0.5243590846657753,0.2780561670078896
n1_d64_r9,1,64,9,10,0.001,0.5090656348038465,0.5220014303922653,0.23264549998566508
n1_d64_r9,1,64,9,11,0.001,0.5073217884637415,0.5200434029102325,0.23222933401120827
n1_d64_r9,1,64,9,12,0.001,0.5059129376895726,0.51941729336977,0.23205829103244469
n1_d64_r9,1,64,9,13,0.001,0.5050905353855342,0.5187659114599228,0.2323330839863047
n1_d64_r9,1,64,9,14,0.001,0.504296706058085,0.518118679523468,0.2298977089812979
n1_d64_r9,1,64,9,15,0.001,0.5039577546995133,0.5173723697662354,0.23423483403166756
n1_d64_r9,1,64,9,16,0.001,0.5032218110281974,0.5162618309259415,0.26457083300920203
n1_d64_r9,1,64,9,17,0.001,0.5028197783976793,0.5172809660434723,0.23638974997447804
n1_d64_r9,1,64,9,18,0.001,0.502255518687889,0.5163421481847763,0.2377566669601947
n1_d64_r9,1,64,9,19,0.001,0.5018243773374707,0.5160554647445679,0.2339126250008121
n1_d64_r9,1,64,9,20,0.001,0.5015157808084041,0.516496554017067,0.2317300839931704
n1_d64_r9,1,64,9,21,0.001,0.501442622160539,0.5165517330169678,0.23112441698322073
n1_d64_r9,1,64,9,22,0.001,0.5011744881048799,0.5161311626434326,0.22978187497938052
n1_d64_r9,1,64,9,23,0.001,0.5007156669162214,0.5151735842227936,0.23229729098966345
n1_d64_r9,1,64,9,24,0.001,0.5005008699372411,0.5148239880800247,0.2700185830472037
n1_d64_r9,1,64,9,25,0.001,0.5003002427984029,0.5152911990880966,0.23137691704323515
n1_d64_r9,1,64,9,26,0.001,0.5001205683220178,0.5161628574132919,0.23362150002503768
n1_d64_r9,1,64,9,27,0.001,0.499798753997311,0.5150900185108185,0.2360615420038812
n1_d64_r9,1,64,9,28,0.001,0.49963854206725955,0.515005573630333,0.23354666697559878
n1_d64_r9,1,64,9,29,0.001,0.4995008746627718,0.5153800621628761,0.230999166960828
n1_d64_r9,1,64,9,30,0.001,0.49916668864898384,0.5146028399467468,0.23024108400568366
n1_d64_r9,1,64,9,31,0.001,0.4991712763439864,0.514946810901165,0.2305038750055246
n1_d64_r9,1,64,9,32,0.001,0.4989593324717134,0.5144766569137573,0.2682333330158144
n1_d64_r9,1,64,9,33,0.001,0.4986673139501363,0.5158866196870804,0.2306322919903323
n1_d64_r9,1,64,9,34,0.001,0.49833008041605353,0.5150885954499245,0.23013458400964737
n1_d64_r9,1,64,9,35,0.001,0.49790456355549395,0.5158708691596985,0.23438212502514943
n1_d64_r9,1,64,9,36,0.001,0.4983033714815974,0.514844074845314,0.23460295901168138
n1_d64_r9,1,64,9,37,0.001,0.49782871711067855,0.5148427039384842,0.22995454201009125
n1_d64_r9,1,64,9,38,0.001,0.4977615247480571,0.5154446661472321,0.23122637497726828
n1_d64_r9,1,64,9,39,0.001,0.49768872978165746,0.5154611840844154,0.23098258301615715
n1_d64_r9,1,64,9,40,0.001,0.4975425221491605,0.5146076753735542,0.26745895901694894
n1_d64_r9,1,64,9,41,0.0005,0.4961868291720748,0.5146875828504562,0.2333203330053948
n1_d64_r9,1,64,9,42,0.0005,0.4959046260919422,0.514792874455452,0.2300544580211863
n1_d64_r9,1,64,9,43,0.0005,0.4957046809140593,0.5151788666844368,0.23116016603307799
n1_d64_r9,1,64,9,44,0.0005,0.4955935166217387,0.5152022391557693,0.23571249999804422
n1_d64_r9,1,64,9,45,0.0005,0.4957024718169123,0.5149054601788521,0.23073529195971787
n1_d64_r9,1,64,9,46,0.0005,0.495696339989081,0.5150691941380501,0.23095766600454226
n1_d64_r9,1,64,9,47,0.0005,0.495579520938918,0.5155071765184402,0.2286243750131689
n1_d64_r9,1,64,9,48,0.0005,0.4954607696272433,0.515400156378746,0.27117487497162074
n1_d64_r9,1,64,9,49,0.00025,0.49474193062633276,0.5152405649423599,0.2319847919861786
n1_d64_r9,1,64,9,50,0.00025,0.4947394186165184,0.5150531381368637,0.2301367920008488
n1_d64_r9,1,64,9,51,0.00025,0.4946180544793606,0.5151975378394127,0.23175033298321068
n1_d64_r9,1,64,9,52,0.00025,0.4946481534279883,0.5151202380657196,0.23047120799310505
n1_d128_r9,1,128,9,1,0.001,1.006560658570379,0.8658316880464554,0.2476099580526352
n1_d128_r9,1,128,9,2,0.001,0.7731404108926654,0.6875135898590088,0.23665258300025016
n1_d128_r9,1,128,9,3,0.001,0.6150282097514719,0.5988061726093292,0.27836858300725
n1_d128_r9,1,128,9,4,0.001,0.5583736083935946,0.5722307860851288,0.23824899998726323
n1_d128_r9,1,128,9,5,0.001,0.5341727486811578,0.5585613548755646,0.2408675829647109
n1_d128_r9,1,128,9,6,0.001,0.5193332987837493,0.5493914783000946,0.23838679201435298
n1_d128_r9,1,128,9,7,0.001,0.5096051080618054,0.5443107932806015,0.2356578329927288
n1_d128_r9,1,128,9,8,0.001,0.5036153038963675,0.5396200940012932,0.2374803749844432
n1_d128_r9,1,128,9,9,0.001,0.49942386825568974,0.537204921245575,0.2475380000541918
n1_d128_r9,1,128,9,10,0.001,0.495862306561321,0.5373024046421051,0.23792287503601983
n1_d128_r9,1,128,9,11,0.001,0.4936829300131649,0.534525454044342,0.27480441599618644
n1_d128_r9,1,128,9,12,0.001,0.49160546576604247,0.5347298234701157,0.23529616696760058
n1_d128_r9,1,128,9,13,0.001,0.4901991658844054,0.5350014790892601,0.2377657910110429
n1_d128_r9,1,128,9,14,0.001,0.4886144548654556,0.5344078838825226,0.2375241669942625
n1_d128_r9,1,128,9,15,0.001,0.48696179245598614,0.5351071581244469,0.23685174999991432
n1_d128_r9,1,128,9,16,0.001,0.4860778637230396,0.5337126553058624,0.2370686250505969
n1_d128_r9,1,128,9,17,0.001,0.4852298239711672,0.5337813496589661,0.23861337499693036
n1_d128_r9,1,128,9,18,0.001,0.48378745815716684,0.5359201282262802,0.24389758298639208
n1_d128_r9,1,128,9,19,0.001,0.48289449978619814,0.5383939072489738,0.2790435840142891
n1_d128_r9,1,128,9,20,0.001,0.48237521876581013,0.5375817865133286,0.23499958298634738
n1_d128_r9,1,128,9,21,0.001,0.48141861078329384,0.5384702309966087,0.23651216697180644
n1_d128_r9,1,128,9,22,0.001,0.48095786361955106,0.5379961431026459,0.23598300002049655
n1_d128_r9,1,128,9,23,0.001,0.47989310626871884,0.5386499166488647,0.2369189169839956
n1_d128_r9,1,128,9,24,0.001,0.4790656981058419,0.5404810681939125,0.2362429999629967
n1_d128_r9,1,128,9,25,0.0005,0.4758577754255384,0.5391986221075058,0.23595379100879654
n1_d128_r9,1,128,9,26,0.0005,0.47487618890590966,0.5404664278030396,0.27946749998955056
n1_d128_r9,1,128,9,27,0.0005,0.47462548152543604,0.540814682841301,0.24463441601255909
n1_d128_r9,1,128,9,28,0.0005,0.474109306698665,0.5418630465865135,0.2380136249703355
n1_d128_r9,1,128,9,29,0.0005,0.4740469187963754,0.5419668108224869,0.23668858304154128
n1_d128_r9,1,128,9,30,0.0005,0.47376971249468625,0.5426122546195984,0.23735808400670066
n1_d128_r9,1,128,9,31,0.0005,0.4734595427289605,0.542372539639473,0.23670795804355294
n1_d128_r9,1,128,9,32,0.0005,0.4731356364209205,0.5435070917010307,0.23411091603338718
n1_d128_r9,1,128,9,33,0.00025,0.4711735954042524,0.5428641140460968,0.23767162498552352
n1_d128_r9,1,128,9,34,0.00025,0.47087694657966495,0.5436168983578682,0.2708677920163609
n1_d128_r9,1,128,9,35,0.00025,0.4706828717608005,0.543204203248024,0.24863112502498552
n1_d128_r9,1,128,9,36,0.00025,0.4705787687562406,0.5435417294502258,0.23835112497908995
n1_d256_r9,1,256,9,1,0.001,1.03875414095819,0.8699097782373428,0.24197429098421708
n1_d256_r9,1,256,9,2,0.001,0.7370060184039176,0.6715039610862732,0.23985758295748383
n1_d256_r9,1,256,9,3,0.001,0.5793551078531891,0.6054791659116745,0.2409487499971874
n1_d256_r9,1,256,9,4,0.001,0.5297773785423487,0.5945105850696564,0.23846562503604218
n1_d256_r9,1,256,9,5,0.001,0.5052870959043503,0.5815883874893188,0.24258499999996275
n1_d256_r9,1,256,9,6,0.001,0.4881297859828919,0.5744701325893402,0.28127408400177956
n1_d256_r9,1,256,9,7,0.001,0.4757154162507504,0.5704963058233261,0.2470979579957202
n1_d256_r9,1,256,9,8,0.001,0.4649358775932342,0.5716086477041245,0.23922145797405392
n1_d256_r9,1,256,9,9,0.001,0.4561166292987764,0.5716612040996552,0.24055766698438674
n1_d256_r9,1,256,9,10,0.001,0.4487250577658415,0.5719521790742874,0.24166699999477714
n1_d256_r9,1,256,9,11,0.001,0.44202342769131064,0.5749005526304245,0.24041433300590143
n1_d256_r9,1,256,9,12,0.001,0.435303314588964,0.5791619420051575,0.2403234580415301
n1_d256_r9,1,256,9,13,0.001,0.42964663729071617,0.5840225219726562,0.2727810410433449
n1_d256_r9,1,256,9,14,0.001,0.4244188773445785,0.5874756574630737,0.24475337500916794
n1_d256_r9,1,256,9,15,0.001,0.41931766318157315,0.5926767587661743,0.2416617500130087
n1_d256_r9,1,256,9,16,0.0005,0.4066621642559767,0.5928757339715958,0.24557954201009125
n1_d256_r9,1,256,9,17,0.0005,0.40373834036290646,0.5964323878288269,0.238147999974899
n1_d256_r9,1,256,9,18,0.0005,0.40119925257749856,0.6016923934221268,0.2391965410206467
n1_d256_r9,1,256,9,19,0.0005,0.3996098320931196,0.6040562987327576,0.2423695829929784
n1_d256_r9,1,256,9,20,0.0005,0.39746308978646994,0.6098703444004059,0.23951941600535065
n1_d256_r9,1,256,9,21,0.0005,0.3953117097262293,0.6089960485696793,0.27337845898000523
n1_d256_r9,1,256,9,22,0.0005,0.3942159307189286,0.6143250167369843,0.24274387495825067
n1_d256_r9,1,256,9,23,0.0005,0.39207431534305215,0.6146421432495117,0.2393275000504218
n1_d256_r9,1,256,9,24,0.00025,0.38558121561072767,0.617172434926033,0.24728683405555785
n1_d256_r9,1,256,9,25,0.00025,0.3841117601841688,0.6177798062562943,0.25192908401368186
n1_d256_r9,1,256,9,26,0.00025,0.3833573102019727,0.6211007535457611,0.24451824999414384
n1_d256_r9,1,256,9,27,0.00025,0.382439968874678,0.6236599981784821,0.24009625002508983
n1_d512_r9,1,512,9,1,0.001,0.9849525727331638,0.8855000585317612,0.2737263750168495
n1_d512_r9,1,512,9,2,0.001,0.6818564408458769,0.630329966545105,0.31426587502937764
n1_d512_r9,1,512,9,3,0.001,0.5055151996202767,0.6032582223415375,0.27322120795724913
n1_d512_r9,1,512,9,4,0.001,0.43980522570200264,0.6032155454158783,0.27388695802073926
n1_d512_r9,1,512,9,5,0.001,0.39714345266111195,0.6211548894643784,0.2833055829978548
n1_d512_r9,1,512,9,6,0.001,0.3631999008357525,0.6306439787149429,0.2762001249939203
n1_d512_r9,1,512,9,7,0.001,0.3316676488611847,0.6495659798383713,0.2714905420434661
n1_d512_r9,1,512,9,8,0.001,0.3036741733085364,0.6781361550092697,0.2788300419924781
n1_d512_r9,1,512,9,9,0.001,0.278357881703414,0.7032532542943954,0.275654915953055
n1_d512_r9,1,512,9,10,0.001,0.25574670371133834,0.7241970151662827,0.31537029199535027
n1_d512_r9,1,512,9,11,0.001,0.2359499140875414,0.7488669902086258,0.2734171250485815
n1_d512_r9,1,512,9,12,0.001,0.21757596626412123,0.7696200013160706,0.2821700000204146
n1_d512_r9,1,512,9,13,0.0005,0.18078882212284952,0.793557733297348,0.2760423340369016
n1_d512_r9,1,512,9,14,0.0005,0.16898511059116572,0.8085760176181793,0.27608770795632154
n1_d512_r9,1,512,9,15,0.0005,0.16091540781781077,0.8179397433996201,0.27311733399983495
n1_d512_r9,1,512,9,16,0.0005,0.15457258961396292,0.8356990665197372,0.27179516694741324
n1_d512_r9,1,512,9,17,0.0005,0.14860116760246456,0.8537414819002151,0.2786395829753019
n1_d512_r9,1,512,9,18,0.0005,0.14287334540858865,0.8699476271867752,0.3126714579993859
n1_d512_r9,1,512,9,19,0.0005,0.13795997825218365,0.8769420832395554,0.2788342079729773
n1_d512_r9,1,512,9,20,0.0005,0.1330448007211089,0.8929381966590881,0.2806397500098683
n1_d512_r9,1,512,9,21,0.00025,0.11799616715870798,0.9016004800796509,0.27743749995715916
n1_d512_r9,1,512,9,22,0.00025,0.11437151662539691,0.9068815559148788,0.27277166600106284
n1_d512_r9,1,512,9,23,0.00025,0.11192885361379012,0.9154283851385117,0.27422429103171453
n1_d512_r9,1,512,9,24,0.00025,0.10993223125115037,0.9235519021749496,0.27700070897117257
n1_d1024_r9,1,1024,9,1,0.001,0.9457428655587137,0.7792433053255081,0.33228770800633356
n1_d1024_r9,1,1024,9,2,0.001,0.5240697592962533,0.6628285646438599,0.2943331249989569
n1_d1024_r9,1,1024,9,3,0.001,0.3402920903172344,0.6821610480546951,0.2972765000304207
n1_d1024_r9,1,1024,9,4,0.001,0.2285300757503137,0.7199263423681259,0.29260945797432214
n1_d1024_r9,1,1024,9,5,0.001,0.1488247636007145,0.7667571902275085,0.28702837496530265
n1_d1024_r9,1,1024,9,6,0.001,0.09448624571086839,0.7925850749015808,0.28693649999331683
n1_d1024_r9,1,1024,9,7,0.001,0.05991205899044871,0.805384486913681,0.2979933330207132
n1_d1024_r9,1,1024,9,8,0.001,0.0393283806333784,0.8227789551019669,0.28558424999937415
n1_d1024_r9,1,1024,9,9,0.001,0.027753194532124326,0.8238576799631119,0.3297553330194205
n1_d1024_r9,1,1024,9,10,0.001,0.022227264911634848,0.8350570648908615,0.2982179999817163
n1_d1024_r9,1,1024,9,11,0.0005,0.01429664529132424,0.8240946531295776,0.28905337501782924
n1_d1024_r9,1,1024,9,12,0.0005,0.004411598665683414,0.8304102271795273,0.29190895799547434
n1_d1024_r9,1,1024,9,13,0.0005,0.0020264898994355462,0.8313303142786026,0.29071416601072997
n1_d1024_r9,1,1024,9,14,0.0005,0.0011129338395221566,0.832677885890007,0.2919147920329124
n1_d1024_r9,1,1024,9,15,0.0005,0.0006738072306688991,0.8362284004688263,0.2913960419828072
n1_d1024_r9,1,1024,9,16,0.0005,0.0004329166608840751,0.83714559674263,0.32221070799278095
n1_d1024_r9,1,1024,9,17,0.0005,0.00030773450725973817,0.8381601274013519,0.3027960420004092
n1_d1024_r9,1,1024,9,18,0.0005,0.00023280783352674916,0.837914764881134,0.2906670409720391
n1_d1024_r9,1,1024,9,19,0.00025,0.0001524169767890271,0.8387502282857895,0.29300616699038073
n1_d1024_r9,1,1024,9,20,0.00025,5.8786827281664955e-05,0.8391809463500977,0.29404729104135185
n1_d1024_r9,1,1024,9,21,0.00025,3.498960862913236e-05,0.8395748883485794,0.2865035419818014
n1_d1024_r9,1,1024,9,22,0.00025,2.4972502679077024e-05,0.8394679427146912,0.29043079196708277
n1_d2048_r9,1,2048,9,1,0.001,0.950553578324616,0.8021653592586517,0.3492695419699885
n1_d2048_r9,1,2048,9,2,0.001,0.41471913526766,0.7389302253723145,0.38108816696330905
n1_d2048_r9,1,2048,9,3,0.001,0.16022313723806292,0.7349535524845123,0.33794012502767146
n1_d2048_r9,1,2048,9,4,0.001,0.06381848844466731,0.7239125370979309,0.34018262499012053
n1_d2048_r9,1,2048,9,5,0.001,0.04031634048442356,0.7241606563329697,0.3343962910003029
n1_d2048_r9,1,2048,9,6,0.001,0.03508155079907738,0.7165490537881851,0.33652995800366625
n1_d2048_r9,1,2048,9,7,0.001,0.03471644941600971,0.7096707969903946,0.3425915000261739
n1_d2048_r9,1,2048,9,8,0.001,0.03505796483659651,0.7035267800092697,0.34051575005287305
n1_d2048_r9,1,2048,9,9,0.001,0.03469434806902427,0.7010788321495056,0.37105695897480473
n1_d2048_r9,1,2048,9,10,0.001,0.03311118601413909,0.6920045167207718,0.3420867079985328
n1_d2048_r9,1,2048,9,11,0.001,0.03092438986641355,0.6889643222093582,0.3375303749926388
n1_d2048_r9,1,2048,9,12,0.001,0.02938513360277284,0.6837978959083557,0.3379327919683419
n1_d2048_r9,1,2048,9,13,0.001,0.0267334299715003,0.6803343445062637,0.34373966697603464
n1_d2048_r9,1,2048,9,14,0.001,0.02467217418598011,0.675746962428093,0.3388531249947846
n1_d2048_r9,1,2048,9,15,0.001,0.023631107367691584,0.6732966154813766,0.33354912500362843
n1_d2048_r9,1,2048,9,16,0.001,0.02274491809657775,0.6714070588350296,0.33794533397303894
n1_d2048_r9,1,2048,9,17,0.001,0.02281615190440789,0.6698397248983383,0.37044212501496077
n1_d2048_r9,1,2048,9,18,0.001,0.02320274403609801,0.6669651567935944,0.3405042920494452
n1_d2048_r9,1,2048,9,19,0.001,0.023104393389075994,0.6671103537082672,0.3457462079823017
n1_d2048_r9,1,2048,9,20,0.001,0.022531046095537022,0.6697957962751389,0.3421702909981832
n1_d2048_r9,1,2048,9,21,0.001,0.02277908039104659,0.6626489609479904,0.33807366696419194
n1_d2048_r9,1,2048,9,22,0.001,0.02273608383256942,0.6608805805444717,0.341193915985059
n1_d2048_r9,1,2048,9,23,0.001,0.021597234197543003,0.6563709080219269,0.3319497919874266
n1_d2048_r9,1,2048,9,24,0.001,0.021234957443084568,0.6634991019964218,0.3369784169481136
n1_d2048_r9,1,2048,9,25,0.001,0.020853048794378992,0.6535924077033997,0.37877845898037776
n1_d2048_r9,1,2048,9,26,0.001,0.02007349845371209,0.653854489326477,0.34259625000413507
n1_d2048_r9,1,2048,9,27,0.001,0.019138437426590826,0.65507572889328,0.34000341698993
n1_d2048_r9,1,2048,9,28,0.001,0.018249149099574424,0.6518356800079346,0.33614595799008384
n1_d2048_r9,1,2048,9,29,0.001,0.01780831831274554,0.6497258245944977,0.3368009169935249
n1_d2048_r9,1,2048,9,30,0.001,0.017047165958501864,0.6509947776794434,0.3395158339990303
n1_d2048_r9,1,2048,9,31,0.001,0.01662019605282694,0.6471596509218216,0.3392450000392273
n1_d2048_r9,1,2048,9,32,0.001,0.016896211614948697,0.6467235237360001,0.3438943339860998
n1_d2048_r9,1,2048,9,33,0.001,0.017146614387456793,0.6487368792295456,0.37645154097117484
n1_d2048_r9,1,2048,9,34,0.001,0.01734290247259196,0.6506132781505585,0.3396019579959102
n1_d2048_r9,1,2048,9,35,0.001,0.017825460192398168,0.6475563198328018,0.3314960829447955
n1_d2048_r9,1,2048,9,36,0.001,0.018472434974682983,0.6452686339616776,0.34377095801755786
n1_d2048_r9,1,2048,9,37,0.001,0.018218577199149877,0.6447121948003769,0.3343466669903137
n1_d2048_r9,1,2048,9,38,0.001,0.017507916258182377,0.6455715447664261,0.3392415419803001
n1_d2048_r9,1,2048,9,39,0.001,0.016450005590741057,0.6430218070745468,0.3347508750157431
n1_d2048_r9,1,2048,9,40,0.001,0.015736996370833367,0.6428719460964203,0.3334230830078013
n1_d2048_r9,1,2048,9,41,0.001,0.014894263593305368,0.6331046968698502,0.37162187503417954
n1_d2048_r9,1,2048,9,42,0.001,0.013941113793407567,0.6415188163518906,0.33657137502450496
n1_d2048_r9,1,2048,9,43,0.001,0.013677149443537928,0.6369447559118271,0.3340004169731401
n1_d2048_r9,1,2048,9,44,0.001,0.0136837221798487,0.6362622231245041,0.34406595799373463
n1_d2048_r9,1,2048,9,45,0.001,0.013362640682316851,0.6372327208518982,0.33571112499339506
n1_d2048_r9,1,2048,9,46,0.001,0.013500746055797208,0.6375873386859894,0.3331974169705063
n1_d2048_r9,1,2048,9,47,0.001,0.013899846351705492,0.6342884451150894,0.3344749999814667
n1_d2048_r9,1,2048,9,48,0.001,0.013796393628581427,0.6338127702474594,0.3357630000100471
n1_d2048_r9,1,2048,9,49,0.001,0.013931254419730976,0.6334597021341324,0.36800220800796524
n1_d2048_r9,1,2048,9,50,0.0005,0.011504506226629019,0.6258071064949036,0.34631012502359226
n1_d2048_r9,1,2048,9,51,0.0005,0.002059635256046022,0.6264522075653076,0.33872058300767094
n1_d2048_r9,1,2048,9,52,0.0005,0.0004709064323833445,0.6260615140199661,0.3372303749783896
n1_d2048_r9,1,2048,9,53,0.0005,0.00011918425678913991,0.6262218505144119,0.33714879100443795
n1_d2048_r9,1,2048,9,54,0.0005,3.372159586945145e-05,0.6262774169445038,0.3392553750309162
n1_d2048_r9,1,2048,9,55,0.0005,1.0961506809792354e-05,0.6261882781982422,0.3387019169749692
n1_d2048_r9,1,2048,9,56,0.0005,4.139896594423931e-06,0.6262145638465881,0.3444398749852553
n1_d2048_r9,1,2048,9,57,0.0005,1.8552381142455943e-06,0.6261662840843201,0.3379582919878885
n1_d2048_r9,1,2048,9,58,0.0005,1.057547179161844e-06,0.6262183785438538,0.37426387501182035
n1_d2048_r9,1,2048,9,59,0.00025,6.67027040268664e-07,0.6262009590864182,0.3368357910076156
n1_d2048_r9,1,2048,9,60,0.00025,1.0945306894161178e-07,0.6262060403823853,0.33886045799590647
n1_d2048_r9,1,2048,9,61,0.00025,2.5781884127606958e-08,0.6262071579694748,0.33614666695939377
n1_d2048_r9,1,2048,9,62,0.00025,6.751621289824428e-09,0.6262079626321793,0.35139487497508526
n1_d2048_r9,1,2048,9,63,0.00025,2.0277420107600586e-09,0.6262084245681763,0.33700420800596476
n1_d2048_r9,1,2048,9,64,0.00025,6.550700097380374e-10,0.6262092441320419,0.3369750839774497
n1_d2048_r9,1,2048,9,65,0.00025,2.506436612079166e-10,0.6262091249227524,0.34088941698428243
n1_d2048_r9,1,2048,9,66,0.00025,1.1005240246669476e-10,0.6262092441320419,0.37359862501034513
n1_d2048_r9,1,2048,9,67,0.000125,4.960238501135108e-11,0.6262091994285583,0.3379266250412911
n1_d2048_r9,1,2048,9,68,0.000125,2.0881224588922267e-11,0.6262092888355255,0.3479216250125319
n1_d2048_r9,1,2048,9,69,0.000125,1.3434784528084092e-11,0.6262092590332031,0.33739254099782556
n1_d2048_r9,1,2048,9,70,0.000125,9.498499568534689e-12,0.6262092739343643,0.33747916598804295
n1_d4096_r9,1,4096,9,1,0.001,0.9981173663400114,0.9250714182853699,0.48863325000274926
n1_d4096_r9,1,4096,9,2,0.001,0.5523209262173623,0.8343403190374374,0.4506071249488741
n1_d4096_r9,1,4096,9,3,0.001,0.23535898863337934,0.7805185467004776,0.5040351250208914
n1_d4096_r9,1,4096,9,4,0.001,0.1003708764910698,0.7621033042669296,0.4487178749986924
n1_d4096_r9,1,4096,9,5,0.001,0.05664197058649734,0.7417301535606384,0.45753912499640137
n1_d4096_r9,1,4096,9,6,0.001,0.03936111510847695,0.742274209856987,0.46715058403788134
n1_d4096_r9,1,4096,9,7,0.001,0.03104022408660967,0.7404017746448517,0.4643210420035757
n1_d4096_r9,1,4096,9,8,0.001,0.027361117958207615,0.7277538329362869,0.4522149169933982
n1_d4096_r9,1,4096,9,9,0.001,0.026663327487767674,0.7298626899719238,0.4578902079956606
n1_d4096_r9,1,4096,9,10,0.001,0.026218646060442552,0.7178279608488083,0.44770420802524313
n1_d4096_r9,1,4096,9,11,0.001,0.02505117261898704,0.727941557765007,0.49366087501402944
n1_d4096_r9,1,4096,9,12,0.001,0.0251589091058122,0.7189861238002777,0.46893304196419194
n1_d4096_r9,1,4096,9,13,0.001,0.026063029494252987,0.71529620885849,0.44814179197419435
n1_d4096_r9,1,4096,9,14,0.001,0.02651577403594274,0.7225059270858765,0.4482897500274703
n1_d4096_r9,1,4096,9,15,0.001,0.02650418483244721,0.7151361852884293,0.4443634169874713
n1_d4096_r9,1,4096,9,16,0.001,0.025228955026250333,0.7117510586977005,0.464750292012468
n1_d4096_r9,1,4096,9,17,0.001,0.024574503273470327,0.7081849426031113,0.4548000419745222
n1_d4096_r9,1,4096,9,18,0.001,0.02441395835194271,0.708705335855484,0.488276207994204
n1_d4096_r9,1,4096,9,19,0.001,0.02395047206664458,0.7050399482250214,0.4495304159936495
n1_d4096_r9,1,4096,9,20,0.001,0.02273123394115828,0.7035888135433197,0.45558779098792
n1_d4096_r9,1,4096,9,21,0.001,0.022296154296782333,0.6997221410274506,0.46232833398971707
n1_d4096_r9,1,4096,9,22,0.001,0.021388931243564002,0.6996249705553055,0.45304287498584017
n1_d4096_r9,1,4096,9,23,0.001,0.020706574665382504,0.7026293724775314,0.45578608399955556
n1_d4096_r9,1,4096,9,24,0.001,0.02046007962053409,0.6965467929840088,0.4445162499905564
n1_d4096_r9,1,4096,9,25,0.001,0.020477302139624953,0.6983125954866409,0.45872095797676593
n1_d4096_r9,1,4096,9,26,0.001,0.02029775247501675,0.6907021105289459,0.4590792499948293
n1_d4096_r9,1,4096,9,27,0.001,0.01993510571628576,0.6909176409244537,0.4888168330071494
n1_d4096_r9,1,4096,9,28,0.001,0.01971972874889616,0.6878560334444046,0.44856079103192315
n1_d4096_r9,1,4096,9,29,0.001,0.019660339821712114,0.6834707111120224,0.46031012502498925
n1_d4096_r9,1,4096,9,30,0.001,0.019575219208491035,0.6905180215835571,0.46743612497812137
n1_d4096_r9,1,4096,9,31,0.001,0.01916567824082449,0.6867512911558151,0.4534641660284251
n1_d4096_r9,1,4096,9,32,0.001,0.0185544519481482,0.6849654167890549,0.44729387504048645
n1_d4096_r9,1,4096,9,33,0.001,0.018447599104547407,0.6789760887622833,0.46078700001817197
n1_d4096_r9,1,4096,9,34,0.001,0.01817767868487863,0.6843880265951157,0.4924861249746755
n1_d4096_r9,1,4096,9,35,0.001,0.017422070712200366,0.678349182009697,0.4640594170195982
n1_d4096_r9,1,4096,9,36,0.001,0.016775180098193232,0.675255686044693,0.4487681249738671
n1_d4096_r9,1,4096,9,37,0.001,0.01665462593518896,0.6796240359544754,0.4499836249742657
n1_d4096_r9,1,4096,9,38,0.001,0.016254658534307964,0.6744537949562073,0.4595037499675527
n1_d4096_r9,1,4096,9,39,0.001,0.015729121063486673,0.6720935106277466,0.46155266696587205
n1_d4096_r9,1,4096,9,40,0.001,0.015236451115924865,0.673326388001442,0.4593103750376031
n1_d4096_r9,1,4096,9,41,0.001,0.014893396793922875,0.6730018109083176,0.4553890830138698
n1_d4096_r9,1,4096,9,42,0.001,0.014373976686329115,0.6730799823999405,0.49763008300215006
n1_d4096_r9,1,4096,9,43,0.001,0.013872491479560267,0.6745210289955139,0.4641369999735616
n1_d4096_r9,1,4096,9,44,0.001,0.013891463277104776,0.6675988435745239,0.461717791040428
n1_d4096_r9,1,4096,9,45,0.001,0.013726614881306887,0.6708579659461975,0.45372258295537904
n1_d4096_r9,1,4096,9,46,0.001,0.013414563181868289,0.6676065921783447,0.4509560419828631
n1_d4096_r9,1,4096,9,47,0.001,0.013490201250533573,0.6669469177722931,0.45769629103597254
n1_d4096_r9,1,4096,9,48,0.001,0.013624178209283855,0.6661691218614578,0.4894702919991687
n1_d4096_r9,1,4096,9,49,0.001,0.013605327090772334,0.6659119427204132,0.45040391699876636
n1_d4096_r9,1,4096,9,50,0.001,0.01368215297407005,0.6655534505844116,0.49812866700813174
n1_d4096_r9,1,4096,9,51,0.001,0.013673669513082132,0.6653179377317429,0.47062070900574327
n1_d4096_r9,1,4096,9,52,0.001,0.013975921538076364,0.6638622581958771,0.46671808301471174
n1_d4096_r9,1,4096,9,53,0.001,0.013890453614294529,0.6622915267944336,0.46134466701187193
n1_d4096_r9,1,4096,9,54,0.001,0.013703613461984787,0.6614733785390854,0.4653415420325473
n1_d4096_r9,1,4096,9,55,0.001,0.01270800852944376,0.6619622558355331,0.46117770799901336
n1_d4096_r9,1,4096,9,56,0.001,0.012299855778110214,0.6612968444824219,0.456857500015758
n1_d4096_r9,1,4096,9,57,0.001,0.0116084463588777,0.6617998331785202,0.4731534169986844
n1_d4096_r9,1,4096,9,58,0.001,0.010525442281505093,0.6564358770847321,0.49197379196994007
n1_d4096_r9,1,4096,9,59,0.001,0.010004065592511324,0.6586501896381378,0.4590384580078535
n1_d4096_r9,1,4096,9,60,0.001,0.009646801376220537,0.6558292359113693,0.4522970410180278
n1_d4096_r9,1,4096,9,61,0.001,0.009126960350840818,0.6577685326337814,0.46763495804043487
n1_d4096_r9,1,4096,9,62,0.001,0.008999084639071953,0.6583154201507568,0.457966708985623
n1_d4096_r9,1,4096,9,63,0.001,0.00915085842643748,0.6565804034471512,0.46399966697208583
n1_d4096_r9,1,4096,9,64,0.001,0.009231273561454145,0.65773706138134,0.45443687500664964
n1_d4096_r9,1,4096,9,65,0.001,0.009479963911871891,0.655610203742981,0.45739341602893546
n1_d4096_r9,1,4096,9,66,0.001,0.009953122720617102,0.6571154147386551,0.505883542005904
n1_d4096_r9,1,4096,9,67,0.001,0.010242265823762864,0.6551865041255951,0.4554197919787839
n1_d4096_r9,1,4096,9,68,0.001,0.010145198968530167,0.6572608649730682,0.4555758750066161
n1_d4096_r9,1,4096,9,69,0.001,0.009838442132604541,0.6505559980869293,0.45210858405334875
n1_d4096_r9,1,4096,9,70,0.001,0.009704441763460636,0.6573537141084671,0.4712098330492154
n1_d4096_r9,1,4096,9,71,0.001,0.009556789598718751,0.6514876633882523,0.4574398340191692
n1_d4096_r9,1,4096,9,72,0.001,0.009166301373625174,0.6501942425966263,0.4598776249913499
n1_d4096_r9,1,4096,9,73,0.001,0.008751462908549001,0.6508415937423706,0.4516859580180608
n1_d4096_r9,1,4096,9,74,0.001,0.008184806127246702,0.6482226252555847,0.49923049996141344
n1_d4096_r9,1,4096,9,75,0.001,0.00778546606306918,0.6524300426244736,0.4707673750235699
n1_d4096_r9,1,4096,9,76,0.001,0.007631174463313073,0.6493685990571976,0.4579658749862574
n1_d4096_r9,1,4096,9,77,0.001,0.007630283304024488,0.6514914333820343,0.45257866696920246
n1_d4096_r9,1,4096,9,78,0.001,0.007690017660934245,0.6477751433849335,0.45524287497391924
n1_d4096_r9,1,4096,9,79,0.001,0.007585687912069261,0.6493252217769623,0.4671169579960406
n1_d4096_r9,1,4096,9,80,0.001,0.007521652620198438,0.6461639851331711,0.45864554203581065
n1_d4096_r9,1,4096,9,81,0.001,0.007426588093949249,0.650646835565567,0.45861229102592915
n1_d4096_r9,1,4096,9,82,0.001,0.007493452976632398,0.6482375264167786,0.45656712498748675
n1_d4096_r9,1,4096,9,83,0.001,0.00740570122434292,0.6496730297803879,0.5022694999934174
n1_d4096_r9,1,4096,9,84,0.001,0.007786319514707429,0.6497986316680908,0.46993945800932124
n1_d4096_r9,1,4096,9,85,0.001,0.008161780038790312,0.6495841443538666,0.46067079197382554
n1_d4096_r9,1,4096,9,86,0.001,0.00784217666296172,0.6455097943544388,0.4602002080064267
n1_d4096_r9,1,4096,9,87,0.001,0.007380677398032276,0.6505904644727707,0.461952708021272
n1_d4096_r9,1,4096,9,88,0.001,0.007187981049355585,0.6486593931913376,0.4657207910204306
n1_d4096_r9,1,4096,9,89,0.001,0.007092290044965921,0.6492753177881241,0.4583468330092728
n1_d4096_r9,1,4096,9,90,0.001,0.006626726499234792,0.6505907326936722,0.45522254199022427
n1_d4096_r9,1,4096,9,91,0.001,0.006290844667091733,0.6455503553152084,0.500957083015237
n1_d4096_r9,1,4096,9,92,0.001,0.006060023451937013,0.6447589546442032,0.452717375010252
n1_d4096_r9,1,4096,9,93,0.001,0.005887601426366018,0.646552637219429,0.47324733302230015
n1_d4096_r9,1,4096,9,94,0.001,0.005748029952883371,0.6472887694835663,0.45951224997406825
n1_d4096_r9,1,4096,9,95,0.001,0.005740414737374522,0.6465850472450256,0.4588357080356218
n1_d4096_r9,1,4096,9,96,0.001,0.005842302098244545,0.6497798562049866,0.4625530829653144
n1_d4096_r9,1,4096,9,97,0.001,0.006133643299108371,0.646022155880928,0.46479479200206697
n1_d4096_r9,1,4096,9,98,0.001,0.006620350872253766,0.6467491835355759,0.5068929580156691
n1_d4096_r9,1,4096,9,99,0.001,0.006539903966768179,0.6438116431236267,0.4586951669771224
n1_d4096_r9,1,4096,9,100,0.001,0.006206245674547972,0.6491600275039673,0.46578170801512897
n1_d4096_r9,1,4096,9,101,0.001,0.005743919224187266,0.6455696225166321,0.46162995795020834
n1_d4096_r9,1,4096,9,102,0.001,0.005583085327089066,0.6455744206905365,0.4682404169579968
n1_d4096_r9,1,4096,9,103,0.001,0.005284131966618588,0.6456794589757919,0.45847875002073124
n1_d4096_r9,1,4096,9,104,0.001,0.005383249981605331,0.6443315595388412,0.4668555000098422
n1_d4096_r9,1,4096,9,105,0.001,0.00551049696332484,0.6431971788406372,0.45858020801097155
n1_d4096_r9,1,4096,9,106,0.001,0.00562650846222823,0.6456768810749054,0.5182155000511557
n1_d4096_r9,1,4096,9,107,0.001,0.0056413038619211875,0.6470396816730499,0.4546952500240877
n1_d4096_r9,1,4096,9,108,0.001,0.005451196671856451,0.6447141021490097,0.45848137501161546
n1_d4096_r9,1,4096,9,109,0.001,0.005066748739409377,0.646014854311943,0.452963792020455
n1_d4096_r9,1,4096,9,110,0.001,0.004950618236762239,0.6431324928998947,0.46565566695062444
n1_d4096_r9,1,4096,9,111,0.001,0.004924421158648329,0.6452301442623138,0.4599072920391336
n1_d4096_r9,1,4096,9,112,0.001,0.004716464029115741,0.6445912271738052,0.45917983300751075
n1_d4096_r9,1,4096,9,113,0.001,0.004828915689358837,0.6467795670032501,0.46826866699848324
n1_d4096_r9,1,4096,9,114,0.001,0.004840479567064904,0.6469039618968964,0.5010985840344802
n1_d4096_r9,1,4096,9,115,0.001,0.005054422914327006,0.6449905931949615,0.4746371250366792
n1_d4096_r9,1,4096,9,116,0.001,0.005160581133168307,0.6448033452033997,0.4568813749938272
n1_d4096_r9,1,4096,9,117,0.001,0.00499884147393459,0.6447021514177322,0.46364812494721264
n1_d4096_r9,1,4096,9,118,0.001,0.005029215548347565,0.6399906277656555,0.45775949995731935
n1_d4096_r9,1,4096,9,119,0.001,0.005022438061132561,0.6452480107545853,0.4711088329786435
n1_d4096_r9,1,4096,9,120,0.001,0.004891729875453166,0.6418361663818359,0.4518338749767281
n1_d4096_r9,1,4096,9,121,0.001,0.00449690010282211,0.6430942118167877,0.462053166993428
n1_d4096_r9,1,4096,9,122,0.001,0.004267938893462997,0.641443058848381,0.4971139999688603
n1_d4096_r9,1,4096,9,123,0.001,0.004189175780993537,0.6421820819377899,0.45835179096320644
n1_d4096_r9,1,4096,9,124,0.001,0.004124760556805995,0.6420533210039139,0.4711830840096809
n1_d4096_r9,1,4096,9,125,0.001,0.0039935217500897124,0.6429729163646698,0.47092829196481034
n1_d4096_r9,1,4096,9,126,0.001,0.004093458381248638,0.6413956433534622,0.4577706669806503
n1_d4096_r9,1,4096,9,127,0.0005,0.0035799553679680685,0.6394997984170914,0.4557609999901615
n1_d4096_r9,1,4096,9,128,0.0005,0.0005913335828608979,0.6385907977819443,0.47412508400157094
n1_d4096_r9,1,4096,9,129,0.0005,0.0001387543295550131,0.6387794315814972,0.4524682500050403
n1_d4096_r9,1,4096,9,130,0.0005,4.2993141263991674e-05,0.6386413276195526,0.5056062079966068
n1_d4096_r9,1,4096,9,131,0.0005,2.332806621296868e-05,0.6385938823223114,0.4579251669929363
n1_d4096_r9,1,4096,9,132,0.0005,1.92949807900078e-05,0.6386305838823318,0.46135195798706263
n1_d4096_r9,1,4096,9,133,0.0005,2.119293846547521e-05,0.638590931892395,0.467136749997735
n1_d4096_r9,1,4096,9,134,0.0005,2.3509982289837694e-05,0.6385478228330612,0.4604764999821782
n1_d4096_r9,1,4096,9,135,0.0005,2.2886656054765808e-05,0.6387016624212265,0.458491041965317
n1_d4096_r9,1,4096,9,136,0.0005,2.6325236230917426e-05,0.638568326830864,0.46314316598000005
n1_d4096_r9,1,4096,9,137,0.0005,3.118516616495981e-05,0.6387666463851929,0.4659431670443155
n1_d4096_r9,1,4096,9,138,0.0005,4.3699577133793355e-05,0.6385309398174286,0.5021301250089891
n1_d4096_r9,1,4096,9,139,0.0005,6.918398295852057e-05,0.6389460116624832,0.4545572920469567
n1_d4096_r9,1,4096,9,140,0.0005,0.00011666373913499228,0.6384418159723282,0.4580807920428924
n1_d4096_r9,1,4096,9,141,0.0005,0.00021016491086811584,0.6384465247392654,0.45616845798213035
n1_d4096_r9,1,4096,9,142,0.0005,0.0004296372558201256,0.6390024274587631,0.46364762500161305
n1_d4096_r9,1,4096,9,143,0.0005,0.0009323862518613169,0.6387809962034225,0.4588331250124611
n1_d4096_r9,1,4096,9,144,0.0005,0.0019241767658968456,0.6393625736236572,0.4564521670108661
n1_d4096_r9,1,4096,9,145,0.0005,0.003142666346320766,0.6403658539056778,0.4964778340072371
n1_d4096_r9,1,4096,9,146,0.0005,0.0036773910160263767,0.6392370313405991,0.47165933303767815
n1_d4096_r9,1,4096,9,147,0.0005,0.002927620758782723,0.6403133720159531,0.4633936670143157
n1_d4096_r9,1,4096,9,148,0.0005,0.0018912486157205421,0.6374014168977737,0.45271641603903845
n1_d4096_r9,1,4096,9,149,0.0005,0.001131035947764758,0.6395098119974136,0.4623077909927815
n1_d4096_r9,1,4096,9,150,0.0005,0.0007218098712655774,0.6367448568344116,0.45977404195582494
n1_d4096_r9,1,4096,9,151,0.0005,0.0005165346042304009,0.6379033625125885,0.465792374976445
n1_d4096_r9,1,4096,9,152,0.0005,0.0004306787297991832,0.6373201310634613,0.4514660839922726
n1_d4096_r9,1,4096,9,153,0.0005,0.0004177327424486066,0.6380380839109421,0.45997941598761827
n1_d4096_r9,1,4096,9,154,0.0005,0.0004764827751841949,0.6357892751693726,0.4978292920277454
n1_d4096_r9,1,4096,9,155,0.0005,0.0005649452023135382,0.6385820209980011,0.4757941669668071
n1_d4096_r9,1,4096,9,156,0.0005,0.0007584328284337971,0.6362374573945999,0.45386741700349376
n1_d4096_r9,1,4096,9,157,0.0005,0.0010892716368289257,0.6384792774915695,0.45272820797981694
n1_d4096_r9,1,4096,9,158,0.0005,0.0015396182275253523,0.6368466466665268,0.4590488749672659
n1_d4096_r9,1,4096,9,159,0.0005,0.001903056637274858,0.6381521224975586,0.4612240000278689
n1_d4096_r9,1,4096,9,160,0.0005,0.002106145803736581,0.6375783383846283,0.462845083035063
n1_d4096_r9,1,4096,9,161,0.0005,0.0020909259292238858,0.6389820128679276,0.49344266596017405
n1_d4096_r9,1,4096,9,162,0.0005,0.0016656092047924176,0.636924222111702,0.4619729580008425
n1_d4096_r9,1,4096,9,163,0.00025,0.0011663178079288627,0.6361371427774429,0.4531741249957122
n1_d4096_r9,1,4096,9,164,0.00025,0.000166694623260355,0.6367254853248596,0.4730552500113845
n1_d4096_r9,1,4096,9,165,0.00025,4.154997570537944e-05,0.6364243924617767,0.4544408750371076
n1_d4096_r9,1,4096,9,166,0.00025,1.908925676019635e-05,0.6365892440080643,0.4631855419720523
n1_d4096_r9,1,4096,9,167,0.00025,1.4635222100878309e-05,0.636538565158844,0.45717308297753334
n1_d4096_r9,1,4096,9,168,0.00025,1.3857948619078186e-05,0.6365618109703064,0.467960582987871
n1_d4096_r9,1,4096,9,169,0.00025,1.3415635753077915e-05,0.6365829557180405,0.49231758300447837
n1_d4096_r9,1,4096,9,170,0.00025,1.3198050953233675e-05,0.6365741789340973,0.46598091698251665
n1_d4096_r9,1,4096,9,171,0.000125,1.3414268632438997e-05,0.6365920603275299,0.45718904200475663
n1_d4096_r9,1,4096,9,172,0.000125,1.2694363074550186e-05,0.6365847140550613,0.4530471669859253
n1_d4096_r9,1,4096,9,173,0.000125,1.258629051784782e-05,0.6365926712751389,0.47532999998657033
n1_d4096_r9,1,4096,9,174,0.000125,1.255270249242435e-05,0.636589840054512,0.4498004170018248
n4_d64_r0,4,64,0,1,0.001,1.4063008395023644,1.015433818101883,0.24228358297841623
n4_d64_r0,4,64,0,2,0.001,0.9610660565085709,0.8859623968601227,0.2413888750015758
n4_d64_r0,4,64,0,3,0.001,0.8814769936725497,0.8399881273508072,0.23538199998438358
n4_d64_r0,4,64,0,4,0.001,0.8525952147319913,0.822723999619484,0.23432349995709956
n4_d64_r0,4,64,0,5,0.001,0.8407309083268046,0.8147513419389725,0.23307645897148177
n4_d64_r0,4,64,0,6,0.001,0.8338800300844014,0.8089397847652435,0.23340358404675499
n4_d64_r0,4,64,0,7,0.001,0.8279819251038134,0.8056176453828812,0.24592808302259073
n4_d64_r0,4,64,0,8,0.001,0.8234514114446938,0.8014378845691681,0.23535362497204915
n4_d64_r0,4,64,0,9,0.001,0.819470573682338,0.7985144704580307,0.27216975000919774
n4_d64_r0,4,64,0,10,0.001,0.8163044671528041,0.7969863563776016,0.23401037498842925
n4_d64_r0,4,64,0,11,0.001,0.813580360263586,0.7954854965209961,0.23804162500891834
n4_d64_r0,4,64,0,12,0.001,0.811265513766557,0.793539747595787,0.23523612500866875
n4_d64_r0,4,64,0,13,0.001,0.8096212800592184,0.7935721278190613,0.23817483300808817
n4_d64_r0,4,64,0,14,0.001,0.8085822677239776,0.7927731424570084,0.23468770901672542
n4_d64_r0,4,64,0,15,0.001,0.8071252033114433,0.792198583483696,0.23290099995210767
n4_d64_r0,4,64,0,16,0.001,0.8062050975859165,0.7923082262277603,0.26554091600701213
n4_d64_r0,4,64,0,17,0.001,0.8052857355214655,0.791735365986824,0.23983262502588332
n4_d64_r0,4,64,0,18,0.001,0.8046651249751449,0.7915775030851364,0.23389262502314523
n4_d64_r0,4,64,0,19,0.001,0.8041277374140918,0.790911853313446,0.2353493749978952
n4_d64_r0,4,64,0,20,0.001,0.8037191657349467,0.7915010005235672,0.23845975002041087
n4_d64_r0,4,64,0,21,0.001,0.8029295848682523,0.791295051574707,0.2330739590106532
n4_d64_r0,4,64,0,22,0.001,0.802739470731467,0.7913405001163483,0.23586662497837096
n4_d64_r0,4,64,0,23,0.001,0.8022135198116302,0.7911485880613327,0.23129866702947766
n4_d64_r0,4,64,0,24,0.001,0.8017846480943263,0.7918207347393036,0.27229470905149356
n4_d64_r0,4,64,0,25,0.001,0.8016109764575958,0.7914744317531586,0.233899749990087
n4_d64_r0,4,64,0,26,0.001,0.8012476158328354,0.7921014279127121,0.2312386249541305
n4_d64_r0,4,64,0,27,0.001,0.8009990439750254,0.7914763540029526,0.2332509580301121
n4_d64_r0,4,64,0,28,0.0005,0.7996990182437003,0.7918269634246826,0.2366001249756664
n4_d64_r0,4,64,0,29,0.0005,0.7994101247750223,0.7918830215930939,0.2329294589580968
n4_d64_r0,4,64,0,30,0.0005,0.7991652395576239,0.7924446612596512,0.2330687089706771
n4_d64_r0,4,64,0,31,0.0005,0.7992146448232234,0.7926629781723022,0.2346443340065889
n4_d64_r0,4,64,0,32,0.0005,0.7989610000513494,0.7924285531044006,0.27144375001080334
n4_d64_r0,4,64,0,33,0.0005,0.798724998254329,0.7927864193916321,0.23097366699948907
n4_d64_r0,4,64,0,34,0.0005,0.7986220614984632,0.7927228808403015,0.23218929202994332
n4_d64_r0,4,64,0,35,0.0005,0.798483946826309,0.7928857058286667,0.2321286670048721
n4_d64_r0,4,64,0,36,0.00025,0.7977578015998006,0.7928226888179779,0.2304163330118172
n4_d64_r0,4,64,0,37,0.00025,0.7976018735207617,0.7929021418094635,0.2371964999474585
n4_d64_r0,4,64,0,38,0.00025,0.7976056351326406,0.7929570227861404,0.2315139169804752
n4_d64_r0,4,64,0,39,0.00025,0.7975205681286752,0.792981892824173,0.23210945900063962
n4_d128_r0,4,128,0,1,0.001,1.0207505412399769,0.9002718180418015,0.2765630420180969
n4_d128_r0,4,128,0,2,0.001,0.8748759268783033,0.8343310356140137,0.23880979197565466
n4_d128_r0,4,128,0,3,0.001,0.8383771679364145,0.8230800330638885,0.24004941701423377
n4_d128_r0,4,128,0,4,0.001,0.8244485883042216,0.8161233365535736,0.24238908395636827
n4_d128_r0,4,128,0,5,0.001,0.8159684124402702,0.8148545920848846,0.24011529103154317
n4_d128_r0,4,128,0,6,0.001,0.8094535083509982,0.8114644438028336,0.24161537498002872
n4_d128_r0,4,128,0,7,0.001,0.8047276176512241,0.8094554990530014,0.24274850002257153
n4_d128_r0,4,128,0,8,0.001,0.8010532278567553,0.809642106294632,0.2735495420056395
n4_d128_r0,4,128,0,9,0.001,0.7976596620865166,0.809565857052803,0.24062612501438707
n4_d128_r0,4,128,0,10,0.001,0.7947889054194093,0.8086566776037216,0.24076241703005508
n4_d128_r0,4,128,0,11,0.001,0.7924695368856192,0.8094355911016464,0.2374819999677129
n4_d128_r0,4,128,0,12,0.001,0.7898347950540483,0.8093570619821548,0.2390483749913983
n4_d128_r0,4,128,0,13,0.001,0.7875892887823284,0.8086684793233871,0.23898812499828637
n4_d128_r0,4,128,0,14,0.001,0.7863701567985117,0.8111273646354675,0.2390424579498358
n4_d128_r0,4,128,0,15,0.001,0.7845836444757879,0.8109802752733231,0.2471779590123333
n4_d128_r0,4,128,0,16,0.001,0.7823979803360999,0.8139674961566925,0.2738247910165228
n4_d128_r0,4,128,0,17,0.001,0.7809680611826479,0.8123337775468826,0.2428819999913685
n4_d128_r0,4,128,0,18,0.001,0.779449665453285,0.8143821060657501,0.23712466697907075
n4_d128_r0,4,128,0,19,0.0005,0.7751189535483718,0.8154648542404175,0.237860334047582
n4_d128_r0,4,128,0,20,0.0005,0.7740726373158395,0.8159817606210709,0.2405683330143802
n4_d128_r0,4,128,0,21,0.0005,0.7733576144091785,0.8169136196374893,0.23846708296332508
n4_d128_r0,4,128,0,22,0.0005,0.7725612227804959,0.8177075088024139,0.24027158302487805
n4_d128_r0,4,128,0,23,0.0005,0.7718245210126042,0.8184685111045837,0.24425466696266085
n4_d128_r0,4,128,0,24,0.0005,0.7711034421809018,0.819708451628685,0.2765944160055369
n4_d128_r0,4,128,0,25,0.0005,0.7704229280352592,0.8210193067789078,0.24405870796181262
n4_d128_r0,4,128,0,26,0.0005,0.7699241349473596,0.8208637088537216,0.23543775000143796
n4_d128_r0,4,128,0,27,0.00025,0.7672851835377514,0.8216707557439804,0.23760537500493228
n4_d128_r0,4,128,0,28,0.00025,0.7669267831370234,0.8223142176866531,0.23883220797870308
n4_d128_r0,4,128,0,29,0.00025,0.7665501600131392,0.822640985250473,0.23787800001446158
n4_d128_r0,4,128,0,30,0.00025,0.7661673710681498,0.8226832747459412,0.23929070797748864
n4_d256_r0,4,256,0,1,0.001,1.014038136228919,0.8567373156547546,0.24406308302422985
n4_d256_r0,4,256,0,2,0.001,0.8471223204396665,0.8265974521636963,0.29146262496942654
n4_d256_r0,4,256,0,3,0.001,0.8153506787493825,0.8215246200561523,0.24241750000510365
n4_d256_r0,4,256,0,4,0.001,0.7963331541977823,0.8177804797887802,0.239729291992262
n4_d256_r0,4,256,0,5,0.001,0.7813005931675434,0.8193031400442123,0.24235637503443286
n4_d256_r0,4,256,0,6,0.001,0.7667169547639787,0.8215849995613098,0.24114620801992714
n4_d256_r0,4,256,0,7,0.001,0.7541878493502736,0.8260244429111481,0.24178937502438203
n4_d256_r0,4,256,0,8,0.001,0.7420876636169851,0.8328222781419754,0.24061750003602356
n4_d256_r0,4,256,0,9,0.001,0.7302022953517735,0.8429618626832962,0.2419852499733679
n4_d256_r0,4,256,0,10,0.001,0.7183232218958437,0.8537601977586746,0.29089429101441056
n4_d256_r0,4,256,0,11,0.001,0.7081112596206367,0.86278435587883,0.24306762497872114
n4_d256_r0,4,256,0,12,0.001,0.6975237587466836,0.8734723925590515,0.2421596249914728
n4_d256_r0,4,256,0,13,0.0005,0.6770901950076222,0.8760310113430023,0.2426696250331588
n4_d256_r0,4,256,0,14,0.0005,0.6706325765699148,0.8838465362787247,0.24082370899850503
n4_d256_r0,4,256,0,15,0.0005,0.6649810813833028,0.8895177990198135,0.2438142080209218
n4_d256_r0,4,256,0,16,0.0005,0.660220829769969,0.8974997997283936,0.23828687495552003
n4_d256_r0,4,256,0,17,0.0005,0.6558367847464979,0.9046789556741714,0.274315792019479
n4_d256_r0,4,256,0,18,0.0005,0.651642108336091,0.90770323574543,0.25121766596566886
n4_d256_r0,4,256,0,19,0.0005,0.6474467185325921,0.9160218834877014,0.24644870799966156
n4_d256_r0,4,256,0,20,0.0005,0.6437077475711703,0.9181405305862427,0.2414150420227088
n4_d256_r0,4,256,0,21,0.00025,0.6327223246917129,0.9222064912319183,0.2409957920317538
n4_d256_r0,4,256,0,22,0.00025,0.6302153957076371,0.9244033545255661,0.2415563749964349
n4_d256_r0,4,256,0,23,0.00025,0.6283706692047417,0.9290782958269119,0.24227979098213837
n4_d256_r0,4,256,0,24,0.00025,0.626387036871165,0.9319499880075455,0.2406647500465624
n4_d512_r0,4,512,0,1,0.001,1.0242601144127548,0.8911954015493393,0.31546516600064933
n4_d512_r0,4,512,0,2,0.001,0.8285146006383002,0.8504214286804199,0.28385637496830896
n4_d512_r0,4,512,0,3,0.001,0.7530669155530632,0.8544293642044067,0.28264020796632394
n4_d512_r0,4,512,0,4,0.001,0.6969654485583305,0.878388062119484,0.2789566669962369
n4_d512_r0,4,512,0,5,0.001,0.6446545703802258,0.9021721333265305,0.2753987910109572
n4_d512_r0,4,512,0,6,0.001,0.5936833238229156,0.9409205317497253,0.27937504200963303
n4_d512_r0,4,512,0,7,0.001,0.542123539140448,0.9835807830095291,0.2751823329599574
n4_d512_r0,4,512,0,8,0.001,0.49356017424724996,1.0220134854316711,0.2743024579831399
n4_d512_r0,4,512,0,9,0.001,0.44982331269420683,1.0625218152999878,0.31617962499149144
n4_d512_r0,4,512,0,10,0.001,0.4110293600242585,1.1131802797317505,0.28458054101793095
n4_d512_r0,4,512,0,11,0.0005,0.3448091116733849,1.146604746580124,0.2801919170306064
n4_d512_r0,4,512,0,12,0.0005,0.3201707743573934,1.1848062574863434,0.27525641600368544
n4_d512_r0,4,512,0,13,0.0005,0.30336524930316955,1.204401820898056,0.2780034999595955
n4_d512_r0,4,512,0,14,0.0005,0.2886325619183481,1.2428145110607147,0.2779134580050595
n4_d512_r0,4,512,0,15,0.0005,0.2768682459136471,1.265234351158142,0.27521870797500014
n4_d512_r0,4,512,0,16,0.0005,0.26417462178505957,1.2926879823207855,0.2763252920121886
n4_d512_r0,4,512,0,17,0.0005,0.2540256241336465,1.3129867017269135,0.3252581669948995
n4_d512_r0,4,512,0,18,0.0005,0.24317939637694508,1.3305678963661194,0.2731533340411261
n4_d512_r0,4,512,0,19,0.00025,0.21818786778021604,1.3493220508098602,0.2778150840313174
n4_d512_r0,4,512,0,20,0.00025,0.21078474388923496,1.364445984363556,0.2738492919597775
n4_d512_r0,4,512,0,21,0.00025,0.2059027935611084,1.375034362077713,0.27466908300993964
n4_d512_r0,4,512,0,22,0.00025,0.20165069226641208,1.393250823020935,0.2761759590357542
n4_d1024_r0,4,1024,0,1,0.001,0.9724942655302584,0.8667525351047516,0.29390087502542883
n4_d1024_r0,4,1024,0,2,0.001,0.7390943523496389,0.8622651696205139,0.3393572499626316
n4_d1024_r0,4,1024,0,3,0.001,0.572659294353798,0.9068953394889832,0.29420295800082386
n4_d1024_r0,4,1024,0,4,0.001,0.4056211037095636,0.9984128326177597,0.2919993330142461
n4_d1024_r0,4,1024,0,5,0.001,0.26221888652071357,1.0860204696655273,0.29820987494895235
n4_d1024_r0,4,1024,0,6,0.001,0.1652060829801485,1.1403938233852386,0.2931587499915622
n4_d1024_r0,4,1024,0,7,0.001,0.10684555728221312,1.1680395007133484,0.2928423330304213
n4_d1024_r0,4,1024,0,8,0.001,0.07207563176052645,1.1873542368412018,0.29495062498608604
n4_d1024_r0,4,1024,0,9,0.001,0.05241295252926648,1.2041153311729431,0.3328471250133589
n4_d1024_r0,4,1024,0,10,0.001,0.04313279106281698,1.2126199007034302,0.3005749169969931
n4_d1024_r0,4,1024,0,11,0.0005,0.029191281966632232,1.1956890523433685,0.2943609580397606
n4_d1024_r0,4,1024,0,12,0.0005,0.010688683010812383,1.2037563621997833,0.29314216697821394
n4_d1024_r0,4,1024,0,13,0.0005,0.006064267972760717,1.2091182172298431,0.29415595799218863
n4_d1024_r0,4,1024,0,14,0.0005,0.004155821276981442,1.2115281224250793,0.29290787503123283
n4_d1024_r0,4,1024,0,15,0.0005,0.003127857087747543,1.2154548466205597,0.29917875002138317
n4_d1024_r0,4,1024,0,16,0.0005,0.002513191170692153,1.2179626822471619,0.29824154102243483
n4_d1024_r0,4,1024,0,17,0.0005,0.00210820132315348,1.2203674614429474,0.29419745795894414
n4_d1024_r0,4,1024,0,18,0.0005,0.0018837161401279445,1.2226480841636658,0.33072991704102606
n4_d1024_r0,4,1024,0,19,0.00025,0.001512208781832669,1.2233690023422241,0.29157541604945436
n4_d1024_r0,4,1024,0,20,0.00025,0.0011343129284568931,1.224403202533722,0.292655959026888
n4_d1024_r0,4,1024,0,21,0.00025,0.001007002252094935,1.2254005074501038,0.2968586250208318
n4_d1024_r0,4,1024,0,22,0.00025,0.0009282074238399218,1.2258668839931488,0.2935649999999441
n4_d2048_r0,4,2048,0,1,0.001,0.9927695556543767,0.8825529962778091,0.35293595801340416
n4_d2048_r0,4,2048,0,2,0.001,0.5759441603440791,0.9202383309602737,0.34162150003248826
n4_d2048_r0,4,2048,0,3,0.001,0.2477370877750218,0.9987362176179886,0.38225287495879456
n4_d2048_r0,4,2048,0,4,0.001,0.1047100221621804,1.0130672007799149,0.34184579201973975
n4_d2048_r0,4,2048,0,5,0.001,0.06902860218542628,1.0055764466524124,0.34255487500922754
n4_d2048_r0,4,2048,0,6,0.001,0.059760235802968964,1.0032303631305695,0.34001533302944154
n4_d2048_r0,4,2048,0,7,0.001,0.05395957242581062,0.9870093613862991,0.3486757919890806
n4_d2048_r0,4,2048,0,8,0.001,0.04945793439401314,0.9857309311628342,0.341790292004589
n4_d2048_r0,4,2048,0,9,0.001,0.043055408270447515,0.9837111234664917,0.34011029195971787
n4_d2048_r0,4,2048,0,10,0.0005,0.033066636460716836,0.9653799533843994,0.3728190420079045
n4_d2048_r0,4,2048,0,11,0.0005,0.004835262476262869,0.9677063226699829,0.3503924999968149
n4_d2048_r0,4,2048,0,12,0.0005,0.001153856928794994,0.9679485410451889,0.3380680829868652
n4_d2048_r0,4,2048,0,13,0.0005,0.0004017781504899176,0.9682808071374893,0.3497263750177808
n4_d2048_r0,4,2048,0,14,0.0005,0.00020712594022143094,0.9686327874660492,0.34242250001989305
n4_d2048_r0,4,2048,0,15,0.0005,0.0001441065540177533,0.9685843139886856,0.3414865839877166
n4_d2048_r0,4,2048,0,16,0.0005,0.00011909052275882459,0.9687956422567368,0.33918125001946464
n4_d2048_r0,4,2048,0,17,0.0005,0.00010911712638517201,0.9688714891672134,0.3446645410149358
n4_d2048_r0,4,2048,0,18,0.00025,0.00010600179683706301,0.9688763618469238,0.3735161250224337
n4_d2048_r0,4,2048,0,19,0.00025,8.077527129479734e-05,0.9688245058059692,0.35193583299405873
n4_d2048_r0,4,2048,0,20,0.00025,7.536287665743657e-05,0.9689330160617828,0.346335000009276
n4_d2048_r0,4,2048,0,21,0.00025,7.259687610239318e-05,0.9689498096704483,0.33949054102413356
n4_d4096_r0,4,4096,0,1,0.001,0.988133535720408,0.9312109798192978,0.49401433300226927
n4_d4096_r0,4,4096,0,2,0.001,0.7062492128461599,0.9248656332492828,0.4550310409977101
n4_d4096_r0,4,4096,0,3,0.001,0.3423819658346474,0.9908901751041412,0.4733637089957483
n4_d4096_r0,4,4096,0,4,0.001,0.12666041048942134,0.9648255407810211,0.45265987497987226
n4_d4096_r0,4,4096,0,5,0.001,0.06722291448386386,0.9561212658882141,0.5041136670042761
n4_d4096_r0,4,4096,0,6,0.001,0.04023693317139987,0.9357006698846817,0.44884308404289186
n4_d4096_r0,4,4096,0,7,0.001,0.028699528527795337,0.9407013952732086,0.4637207090272568
n4_d4096_r0,4,4096,0,8,0.001,0.02402260637609288,0.9357473403215408,0.46060937497531995
n4_d4096_r0,4,4096,0,9,0.001,0.022604761907132342,0.9387585520744324,0.44846187497023493
n4_d4096_r0,4,4096,0,10,0.001,0.02359405515016988,0.9304783791303635,0.4643900829833001
n4_d4096_r0,4,4096,0,11,0.0005,0.021797273264382966,0.9242976903915405,0.4566876669996418
n4_d4096_r0,4,4096,0,12,0.0005,0.0032087188301375136,0.922411635518074,0.4702442910056561
n4_d4096_r0,4,4096,0,13,0.0005,0.0007932277253530629,0.9235410541296005,0.4914428750053048
n4_d4096_r0,4,4096,0,14,0.0005,0.0002613585914446048,0.9227088242769241,0.459213083027862
n4_d4096_r0,4,4096,0,15,0.0005,0.00014942296334652383,0.9228308498859406,0.45096074999310076
n4_d4096_r0,4,4096,0,16,0.0005,0.00011812738254945998,0.9226502180099487,0.4647201669868082
n4_d4096_r0,4,4096,0,17,0.0005,0.00011062253467741812,0.9227571487426758,0.45342174998950213
n4_d4096_r0,4,4096,0,18,0.0005,0.00011427021782139946,0.9228285998106003,0.4576248329831287
n4_d4096_r0,4,4096,0,19,0.0005,0.00013479441496144773,0.9228521138429642,0.4530839999788441
n4_d4096_r0,4,4096,0,20,0.0005,0.0001897098742063008,0.9228830486536026,0.5110781249823049
n4_d4096_r0,4,4096,0,21,0.00025,0.0002742217096169952,0.9225673973560333,0.4973264579894021
n4_d4096_r0,4,4096,0,22,0.00025,0.00011426964830718589,0.9227223098278046,0.46983695903327316
n4_d4096_r0,4,4096,0,23,0.00025,8.97595586764055e-05,0.9226437211036682,0.4692098750383593
n4_d4096_r0,4,4096,0,24,0.00025,8.253508890199157e-05,0.9227024465799332,0.46743645798414946
n4_d4096_r0,4,4096,0,25,0.00025,8.07869966727992e-05,0.9226685613393784,0.4884523340151645
n4_d4096_r0,4,4096,0,26,0.00025,8.042134645780408e-05,0.9227051883935928,0.46532287501031533
n4_d4096_r0,4,4096,0,27,0.00025,8.105883281572801e-05,0.9226639568805695,0.4711633750121109
n4_d4096_r0,4,4096,0,28,0.00025,8.30375147007345e-05,0.9225773215293884,0.4640298340236768
n4_d4096_r0,4,4096,0,29,0.000125,8.618582775454797e-05,0.9226674288511276,0.5297940000309609
n4_d4096_r0,4,4096,0,30,0.000125,7.940354176305675e-05,0.9226866215467453,0.5034451250103302
n4_d4096_r0,4,4096,0,31,0.000125,7.820520406787157e-05,0.9226535111665726,0.581769542011898
n4_d4096_r0,4,4096,0,32,0.000125,7.788260781771417e-05,0.9226626306772232,0.48839229199802503
n4_d64_r1,4,64,1,1,0.001,1.1389197302050889,0.9982472956180573,0.25312279199715704
n4_d64_r1,4,64,1,2,0.001,0.9294779133051634,0.9177631139755249,0.23127849999582395
n4_d64_r1,4,64,1,3,0.001,0.8678436242043972,0.8791839778423309,0.2393668339936994
n4_d64_r1,4,64,1,4,0.001,0.8412685766816139,0.8640955090522766,0.24224879097891971
n4_d64_r1,4,64,1,5,0.001,0.8296576864086092,0.8562527447938919,0.23841245798394084
n4_d64_r1,4,64,1,6,0.001,0.8222475200891495,0.8499772995710373,0.24114516703411937
n4_d64_r1,4,64,1,7,0.001,0.8167125363834202,0.8469882011413574,0.2493772499728948
n4_d64_r1,4,64,1,8,0.001,0.8123599062673748,0.8429574966430664,0.2434368749964051
n4_d64_r1,4,64,1,9,0.001,0.8086754586547613,0.8404203653335571,0.2889242499950342
n4_d64_r1,4,64,1,10,0.001,0.8058140310458839,0.8390063792467117,0.24503208399983123
n4_d64_r1,4,64,1,11,0.001,0.8035668190568686,0.8389549851417542,0.24849945795722306
n4_d64_r1,4,64,1,12,0.001,0.8018701458349824,0.8384189009666443,0.24725212500197813
n4_d64_r1,4,64,1,13,0.001,0.8004472446627915,0.8368144929409027,0.23960279097082093
n4_d64_r1,4,64,1,14,0.001,0.7992715206928551,0.8377187550067902,0.23467095900559798
n4_d64_r1,4,64,1,15,0.001,0.7983052162453532,0.8378085047006607,0.2393525829538703
n4_d64_r1,4,64,1,16,0.001,0.797495917417109,0.8368756771087646,0.2749150840099901
n4_d64_r1,4,64,1,17,0.001,0.7969354148954153,0.838608905673027,0.24151295801857486
n4_d64_r1,4,64,1,18,0.001,0.796336229890585,0.8369681388139725,0.22972841700538993
n4_d64_r1,4,64,1,19,0.001,0.7957650450989604,0.8369697034358978,0.23193733301013708
n4_d64_r1,4,64,1,20,0.001,0.7956564198248088,0.8365446478128433,0.23530329199275002
n4_d64_r1,4,64,1,21,0.001,0.7952374694868922,0.8365751206874847,0.23067383299348876
n4_d64_r1,4,64,1,22,0.001,0.7946480209939182,0.8368466049432755,0.24270995799452066
n4_d64_r1,4,64,1,23,0.001,0.7944142464548349,0.8369534462690353,0.23113087500678375
n4_d64_r1,4,64,1,24,0.001,0.7941201543435454,0.838259220123291,0.2770970839774236
n4_d64_r1,4,64,1,25,0.001,0.7938833641819656,0.8379955142736435,0.2469626670354046
n4_d64_r1,4,64,1,26,0.001,0.7938376353122294,0.8375447392463684,0.23958279099315405
n4_d64_r1,4,64,1,27,0.001,0.7932158685289323,0.8389949351549149,0.22701120900455862
n4_d64_r1,4,64,1,28,0.001,0.793240265455097,0.8379310816526413,0.22534704103600234
n4_d64_r1,4,64,1,29,0.0005,0.7919052508659661,0.8388787060976028,0.23153079202165827
n4_d64_r1,4,64,1,30,0.0005,0.791900091804564,0.839518591761589,0.23171974997967482
n4_d64_r1,4,64,1,31,0.0005,0.7918099276721478,0.8391758650541306,0.2302585419965908
n4_d64_r1,4,64,1,32,0.0005,0.7915469510480762,0.8388669192790985,0.2687647499842569
n4_d64_r1,4,64,1,33,0.0005,0.7916085170581937,0.838912695646286,0.2436600420041941
n4_d64_r1,4,64,1,34,0.0005,0.7913529970683157,0.838708832859993,0.2348964170087129
n4_d64_r1,4,64,1,35,0.0005,0.7913190615363419,0.8393080532550812,0.2398775409674272
n4_d64_r1,4,64,1,36,0.0005,0.7913176794536412,0.8397501558065414,0.24717624997720122
n4_d64_r1,4,64,1,37,0.00025,0.7905374011024833,0.839575469493866,0.2437531670439057
n4_d64_r1,4,64,1,38,0.00025,0.790510218590498,0.8401470333337784,0.24471425003139302
n4_d64_r1,4,64,1,39,0.00025,0.790471930988133,0.8397134691476822,0.23956700001144782
n4_d64_r1,4,64,1,40,0.00025,0.7904017008841038,0.8398462384939194,0.27000670798588544
n4_d128_r1,4,128,1,1,0.001,1.0335149662569165,0.9083918184041977,0.2592197500052862
n4_d128_r1,4,128,1,2,0.001,0.8639597957953811,0.8670994192361832,0.25530495803104714
n4_d128_r1,4,128,1,3,0.001,0.8330295700579882,0.8570872694253922,0.2476150420261547
n4_d128_r1,4,128,1,4,0.001,0.8192329993471503,0.8534766435623169,0.24730870797066018
n4_d128_r1,4,128,1,5,0.001,0.8096474600024521,0.8488680571317673,0.23932945902924985
n4_d128_r1,4,128,1,6,0.001,0.8022586116567254,0.8476765304803848,0.2385107500012964
n4_d128_r1,4,128,1,7,0.001,0.7968245358206332,0.8457606434822083,0.2682589999749325
n4_d128_r1,4,128,1,8,0.001,0.7924303822219372,0.8460272550582886,0.24137970805168152
n4_d128_r1,4,128,1,9,0.001,0.788369067478925,0.8455581218004227,0.2369705829769373
n4_d128_r1,4,128,1,10,0.001,0.7850893693976104,0.8463648557662964,0.24735670897644013
n4_d128_r1,4,128,1,11,0.001,0.7823692779056728,0.8448305875062943,0.23725241696229205
n4_d128_r1,4,128,1,12,0.001,0.779978898819536,0.8448475748300552,0.2357308329665102
n4_d128_r1,4,128,1,13,0.001,0.7777814008295536,0.8458816409111023,0.23473337502218783
n4_d128_r1,4,128,1,14,0.001,0.775514311157167,0.8469738364219666,0.2358150840154849
n4_d128_r1,4,128,1,15,0.001,0.7735906410962343,0.8469088673591614,0.26785883301636204
n4_d128_r1,4,128,1,16,0.001,0.7720881043933332,0.8473248481750488,0.24162954202620313
n4_d128_r1,4,128,1,17,0.001,0.770515120588243,0.8489174544811249,0.2345206249738112
n4_d128_r1,4,128,1,18,0.001,0.7690975959412754,0.8501070886850357,0.24167054099962115
n4_d128_r1,4,128,1,19,0.001,0.7672054856084287,0.8505304604768753,0.23801445798017085
n4_d128_r1,4,128,1,20,0.0005,0.7632597461342812,0.8514513820409775,0.23503866704413667
n4_d128_r1,4,128,1,21,0.0005,0.762067690026015,0.8514808416366577,0.24243366700829938
n4_d128_r1,4,128,1,22,0.0005,0.7614328288473189,0.8514834344387054,0.40772537497105077
n4_d128_r1,4,128,1,23,0.0005,0.7606499558314681,0.8542920649051666,0.2981268339790404
n4_d128_r1,4,128,1,24,0.0005,0.7601199257187545,0.853280171751976,0.2519664589781314
n4_d128_r1,4,128,1,25,0.0005,0.7591525511816144,0.8554926365613937,0.25263950001681224
n4_d128_r1,4,128,1,26,0.0005,0.7588203381747007,0.8555039167404175,0.24853487504879013
n4_d128_r1,4,128,1,27,0.0005,0.7581487558782101,0.8559018820524216,0.24637408304261044
n4_d128_r1,4,128,1,28,0.00025,0.7556371055543423,0.8562730252742767,0.2396160410135053
n4_d128_r1,4,128,1,29,0.00025,0.7552476502023637,0.8568806797266006,0.2561051670345478
n4_d128_r1,4,128,1,30,0.00025,0.7548161689192057,0.8570572584867477,0.34728899999754503
n4_d128_r1,4,128,1,31,0.00025,0.7546001356095076,0.8580685555934906,0.3848430839716457
n4_d256_r1,4,256,1,1,0.001,0.9838982317596674,0.8911382704973221,0.3415540410205722
n4_d256_r1,4,256,1,2,0.001,0.8327148631215096,0.8665575683116913,0.34796854201704264
n4_d256_r1,4,256,1,3,0.001,0.8007401479408145,0.8648465722799301,0.36156141699757427
n4_d256_r1,4,256,1,4,0.001,0.7815036014653742,0.862866148352623,0.36299087502993643
n4_d256_r1,4,256,1,5,0.001,0.7675512717105448,0.868213877081871,0.3577196249971166
n4_d256_r1,4,256,1,6,0.001,0.7556945723481476,0.8731229305267334,0.34163483401061967
n4_d256_r1,4,256,1,7,0.001,0.7432485977187753,0.8767165243625641,0.3403684580116533
n4_d256_r1,4,256,1,8,0.001,0.7318720961920917,0.882234200835228,0.39244299998972565
n4_d256_r1,4,256,1,9,0.001,0.7200724771246314,0.8895957767963409,0.33657787495758384
n4_d256_r1,4,256,1,10,0.001,0.7092474969103932,0.8995028883218765,0.340223207953386
n4_d256_r1,4,256,1,11,0.001,0.6986398822627962,0.9102194607257843,0.3413295409991406
n4_d256_r1,4,256,1,12,0.001,0.6888781092129648,0.9250057935714722,0.3374980419757776
n4_d256_r1,4,256,1,13,0.0005,0.6678321179933846,0.9264794886112213,0.33709304203512147
n4_d256_r1,4,256,1,14,0.0005,0.661395057104528,0.9344856590032578,0.34779712499585
n4_d256_r1,4,256,1,15,0.0005,0.6565070734359324,0.9402764439582825,0.34167075000004843
n4_d256_r1,4,256,1,16,0.0005,0.6519348048605025,0.9503903836011887,0.3878265419625677
n4_d256_r1,4,256,1,17,0.0005,0.6469482604879886,0.9544931650161743,0.34056933398824185
n4_d256_r1,4,256,1,18,0.0005,0.6429284415207803,0.9617511332035065,0.3380437910091132
n4_d256_r1,4,256,1,19,0.0005,0.6392193180508912,0.9687009304761887,0.3411481659859419
n4_d256_r1,4,256,1,20,0.0005,0.6355695617385209,0.9749084115028381,0.347805208992213
n4_d256_r1,4,256,1,21,0.00025,0.6248491448350251,0.9782559722661972,0.3550615830463357
n4_d256_r1,4,256,1,22,0.00025,0.6223861668258905,0.9808152467012405,0.3390779999899678
n4_d256_r1,4,256,1,23,0.00025,0.6204936257563531,0.9854391068220139,0.3387418330530636
n4_d256_r1,4,256,1,24,0.00025,0.6190311426762491,0.9888299852609634,0.3859400000073947
n4_d512_r1,4,512,1,1,0.001,0.9958903738297522,0.9452339857816696,0.3832799999509007
n4_d512_r1,4,512,1,2,0.001,0.8192394590005279,0.8959124088287354,0.3866398750105873
n4_d512_r1,4,512,1,3,0.001,0.7353605781681836,0.8996555507183075,0.37936479202471673
n4_d512_r1,4,512,1,4,0.001,0.674097309820354,0.924070194363594,0.38020845799474046
n4_d512_r1,4,512,1,5,0.001,0.6170390853658319,0.9498052150011063,0.37744000001112
n4_d512_r1,4,512,1,6,0.001,0.561479325639084,0.9907751977443695,0.3764497499796562
n4_d512_r1,4,512,1,7,0.001,0.5119523897301406,1.026305764913559,0.44228999997721985
n4_d512_r1,4,512,1,8,0.001,0.4638552921824157,1.0803922414779663,0.37606925005093217
n4_d512_r1,4,512,1,9,0.001,0.4215055159293115,1.1130512654781342,0.37509091600077227
n4_d512_r1,4,512,1,10,0.001,0.38420538348145783,1.1666360795497894,0.3756422089645639
n4_d512_r1,4,512,1,11,0.0005,0.31974114081822336,1.1969343423843384,0.3764521660050377
n4_d512_r1,4,512,1,12,0.0005,0.2948726895265281,1.230101615190506,0.3806132500176318
n4_d512_r1,4,512,1,13,0.0005,0.27898893179371953,1.2583885490894318,0.379167209030129
n4_d512_r1,4,512,1,14,0.0005,0.2660451988922432,1.277099460363388,0.3718277500011027
n4_d512_r1,4,512,1,15,0.0005,0.25389158562757075,1.3025228679180145,0.42569524998543784
n4_d512_r1,4,512,1,16,0.0005,0.2434409250272438,1.3344141840934753,0.3775165000115521
n4_d512_r1,4,512,1,17,0.0005,0.2337672591675073,1.3552417755126953,0.3759507080540061
n4_d512_r1,4,512,1,18,0.0005,0.22495304618496448,1.3765434324741364,0.3892913750023581
n4_d512_r1,4,512,1,19,0.00025,0.20044640568085015,1.3948570489883423,0.3761565000168048
n4_d512_r1,4,512,1,20,0.00025,0.19356395653449,1.408691167831421,0.37670587497996166
n4_d512_r1,4,512,1,21,0.00025,0.18930272269062698,1.4217018485069275,0.37567704200046137
n4_d512_r1,4,512,1,22,0.00025,0.1852580790873617,1.4342357218265533,0.41824450000422075
n4_d1024_r1,4,1024,1,1,0.001,0.9833762007765472,0.9207461774349213,0.40690387500217184
n4_d1024_r1,4,1024,1,2,0.001,0.7236175672151148,0.9289372265338898,0.3919077920145355
n4_d1024_r1,4,1024,1,3,0.001,0.5505555702839047,1.0083008110523224,0.38750025001354516
n4_d1024_r1,4,1024,1,4,0.001,0.38973106420598924,1.0908496975898743,0.39170375000685453
n4_d1024_r1,4,1024,1,5,0.001,0.2588037424720824,1.1745801866054535,0.40484187501715496
n4_d1024_r1,4,1024,1,6,0.001,0.1651228633709252,1.2138469517230988,0.39855112496297807
n4_d1024_r1,4,1024,1,7,0.001,0.10825324413599446,1.2648440599441528,0.44381604198133573
n4_d1024_r1,4,1024,1,8,0.001,0.07466493439278565,1.2728267312049866,0.3951408329885453
n4_d1024_r1,4,1024,1,9,0.001,0.055773381143808365,1.2937814593315125,0.3888076249859296
n4_d1024_r1,4,1024,1,10,0.0005,0.035445822577457875,1.2922987341880798,0.3931534170405939
n4_d1024_r1,4,1024,1,11,0.0005,0.0139403914072318,1.3006256818771362,0.3910786670166999
n4_d1024_r1,4,1024,1,12,0.0005,0.008284472718514735,1.3100042343139648,0.4150358330225572
n4_d1024_r1,4,1024,1,13,0.0005,0.0057096308719337685,1.3144935071468353,0.39984845800790936
n4_d1024_r1,4,1024,1,14,0.0005,0.0042459739779587835,1.3207187056541443,0.4029289160389453
n4_d1024_r1,4,1024,1,15,0.0005,0.0033578179354663007,1.3235707581043243,0.4063809169456363
n4_d1024_r1,4,1024,1,16,0.0005,0.0027486336484798812,1.3285469114780426,0.4430250840377994
n4_d1024_r1,4,1024,1,17,0.0005,0.0023973593251866987,1.331082671880722,0.41242920904187486
n4_d1024_r1,4,1024,1,18,0.00025,0.002000238297114265,1.3317400813102722,0.41480266698636115
n4_d1024_r1,4,1024,1,19,0.00025,0.0013023620736021257,1.333716481924057,0.4127747080055997
n4_d1024_r1,4,1024,1,20,0.00025,0.001117284416068287,1.3349142670631409,0.39871654100716114
n4_d1024_r1,4,1024,1,21,0.00025,0.0010152711690807337,1.3356485068798065,0.3926994579960592
n4_d2048_r1,4,2048,1,1,0.001,0.9759481269866228,0.9318870007991791,0.5493482499732636
n4_d2048_r1,4,2048,1,2,0.001,0.5242031540255994,1.0179190337657928,0.6067197080119513
n4_d2048_r1,4,2048,1,3,0.001,0.20402635645586997,1.1002554893493652,0.6126629159552976
n4_d2048_r1,4,2048,1,4,0.001,0.08810556901153177,1.0867486000061035,0.5957906660041772
n4_d2048_r1,4,2048,1,5,0.001,0.06347526938770898,1.0925463736057281,0.6213084170012735
n4_d2048_r1,4,2048,1,6,0.001,0.05566803950932808,1.0653378367424011,0.6280510829528794
n4_d2048_r1,4,2048,1,7,0.001,0.05048892484046519,1.0754684805870056,0.6280429160105996
n4_d2048_r1,4,2048,1,8,0.001,0.04577618991606869,1.0592437982559204,0.6073806250351481
n4_d2048_r1,4,2048,1,9,0.001,0.04173415157129057,1.058880090713501,0.6015989580191672
n4_d2048_r1,4,2048,1,10,0.0005,0.03385772377077956,1.0360653698444366,0.6121094159898348
n4_d2048_r1,4,2048,1,11,0.0005,0.0050642119349504355,1.0407739877700806,0.5913972909911536
n4_d2048_r1,4,2048,1,12,0.0005,0.0011441744500189088,1.0400641858577728,0.6269346249755472
n4_d2048_r1,4,2048,1,13,0.0005,0.0003526952338006595,1.040307492017746,0.6120457500219345
n4_d2048_r1,4,2048,1,14,0.0005,0.0001605938120405881,1.0404779016971588,0.6533868749975227
n4_d2048_r1,4,2048,1,15,0.0005,0.00010583494012905703,1.0405963063240051,0.6087078330456279
n4_d2048_r1,4,2048,1,16,0.0005,8.730906047560438e-05,1.0404669344425201,0.6178681249730289
n4_d2048_r1,4,2048,1,17,0.0005,8.520826389712965e-05,1.040570706129074,0.6223717090324499
n4_d2048_r1,4,2048,1,18,0.00025,8.943577053344143e-05,1.0405948162078857,0.5808383749681525
n4_d2048_r1,4,2048,1,19,0.00025,5.87280553343561e-05,1.040575534105301,0.6014414170058444
n4_d2048_r1,4,2048,1,20,0.00025,5.496454383102645e-05,1.040579080581665,0.6146452919929288
n4_d2048_r1,4,2048,1,21,0.00025,5.391747965233229e-05,1.0405626893043518,0.6155770829645917
n4_d4096_r1,4,4096,1,1,0.001,0.9684986360371113,0.9453362673521042,0.9794424580177292
n4_d4096_r1,4,4096,1,2,0.001,0.663154152687639,0.9749154597520828,0.887461542035453
n4_d4096_r1,4,4096,1,3,0.001,0.28310155135113746,0.9879853427410126,1.0412344170035794
n4_d4096_r1,4,4096,1,4,0.001,0.12047654815251008,0.9809521734714508,0.8768303339602426
n4_d4096_r1,4,4096,1,5,0.001,0.06922951425076462,0.9553377479314804,1.0397167089977302
n4_d4096_r1,4,4096,1,6,0.001,0.03885723490384407,0.956484243273735,0.7476801670272835
n4_d4096_r1,4,4096,1,7,0.001,0.026432194834342226,0.9494384080171585,0.9607402919791639
n4_d4096_r1,4,4096,1,8,0.001,0.022297435432847124,0.9485110193490982,1.0239430000074208
n4_d4096_r1,4,4096,1,9,0.001,0.02154755270021269,0.9438316226005554,1.0535312909632921
n4_d4096_r1,4,4096,1,10,0.001,0.02332375779224094,0.9497572332620621,1.0451445000362583
n4_d4096_r1,4,4096,1,11,0.001,0.026773683741339482,0.9437464475631714,0.7364716250449419
n4_d4096_r1,4,4096,1,12,0.001,0.030211920049623586,0.9462439566850662,0.8211610409780405
n4_d4096_r1,4,4096,1,13,0.001,0.03273526130942628,0.9450628757476807,1.008339749998413
n4_d4096_r1,4,4096,1,14,0.001,0.0338392359262798,0.945544496178627,1.0872695419820957
n4_d4096_r1,4,4096,1,15,0.001,0.03283015148190316,0.9479836076498032,1.0376136249979027
n4_d4096_r1,4,4096,1,16,0.001,0.030018759367521852,0.9396435767412186,1.016548041952774
n4_d4096_r1,4,4096,1,17,0.001,0.02776728427852504,0.942428469657898,0.9344264169922099
n4_d4096_r1,4,4096,1,18,0.001,0.026232428557705134,0.9409694522619247,1.0571098329965025
n4_d4096_r1,4,4096,1,19,0.001,0.024305042898049578,0.9379683583974838,1.0269081250298768
n4_d4096_r1,4,4096,1,20,0.001,0.022860011013108306,0.9366450905799866,0.7147203329950571
n4_d4096_r1,4,4096,1,21,0.001,0.02268039737828076,0.9436189979314804,0.722239917027764
n4_d4096_r1,4,4096,1,22,0.001,0.022314812522381544,0.932996466755867,0.9418514580465853
n4_d4096_r1,4,4096,1,23,0.001,0.021937739133136347,0.9353668391704559,0.9925069999881089
n4_d4096_r1,4,4096,1,24,0.001,0.021805658136145212,0.9367549270391464,1.0097133330418728
n4_d4096_r1,4,4096,1,25,0.001,0.022665401855192613,0.936319962143898,0.7500702909892425
n4_d4096_r1,4,4096,1,26,0.001,0.02383214332803618,0.9325567036867142,0.8764486670261249
n4_d4096_r1,4,4096,1,27,0.001,0.02374044479802251,0.9348819851875305,0.9492215410573408
n4_d4096_r1,4,4096,1,28,0.001,0.02311930325231515,0.9379826486110687,0.8554260000237264
n4_d4096_r1,4,4096,1,29,0.001,0.023463811521651223,0.9341762512922287,0.8986581669887528
n4_d4096_r1,4,4096,1,30,0.001,0.022771155403461307,0.93623848259449,0.9709900410380214
n4_d4096_r1,4,4096,1,31,0.001,0.021052623429568484,0.9344132393598557,0.9397530419519171
n4_d4096_r1,4,4096,1,32,0.001,0.02025733255140949,0.9324926435947418,0.8924611670081504
n4_d4096_r1,4,4096,1,33,0.001,0.01941189566423418,0.932435616850853,1.0321833749767393
n4_d4096_r1,4,4096,1,34,0.001,0.0184237950379611,0.9313480406999588,0.9426631660317071
n4_d4096_r1,4,4096,1,35,0.001,0.0177551124652382,0.9349895119667053,1.0376512910006568
n4_d4096_r1,4,4096,1,36,0.001,0.01724499477131758,0.9297841489315033,0.8532485830364749
n4_d4096_r1,4,4096,1,37,0.001,0.017472701831138693,0.9366529136896133,0.9586681670043617
n4_d4096_r1,4,4096,1,38,0.001,0.017554660145833623,0.9325786381959915,0.9452517500030808
n4_d4096_r1,4,4096,1,39,0.001,0.017713789828121662,0.9304347783327103,0.9481662080506794
n4_d4096_r1,4,4096,1,40,0.001,0.017901955267006997,0.9345731288194656,0.9271626669797115
n4_d4096_r1,4,4096,1,41,0.001,0.018175173870986328,0.9273442775011063,1.0182484170072712
n4_d4096_r1,4,4096,1,42,0.001,0.018317548652703408,0.9323873817920685,0.9928846660186537
n4_d4096_r1,4,4096,1,43,0.001,0.017645557803916745,0.9306412935256958,0.7849666249821894
n4_d4096_r1,4,4096,1,44,0.001,0.016711757154553197,0.9324187487363815,0.8601287920027971
n4_d4096_r1,4,4096,1,45,0.001,0.016154728778928984,0.9278268069028854,0.9391979170031846
n4_d4096_r1,4,4096,1,46,0.001,0.015573551660054363,0.933112695813179,0.8924746250268072
n4_d4096_r1,4,4096,1,47,0.001,0.015606631626724266,0.9297604560852051,0.7620287909521721
n4_d4096_r1,4,4096,1,48,0.001,0.015322831175581086,0.9274197369813919,1.0030159589950927
n4_d4096_r1,4,4096,1,49,0.001,0.014965542606660165,0.924702912569046,1.0304768750211224
n4_d4096_r1,4,4096,1,50,0.001,0.01451336299214745,0.924471914768219,0.9909556669881567
n4_d4096_r1,4,4096,1,51,0.001,0.014418441562156659,0.9322008639574051,0.7760005419841036
n4_d4096_r1,4,4096,1,52,0.001,0.013996060377394315,0.9299894571304321,0.843055292032659
n4_d4096_r1,4,4096,1,53,0.001,0.01374451052834047,0.9296696931123734,0.7821494169766083
n4_d4096_r1,4,4096,1,54,0.001,0.013650949178554583,0.925960972905159,0.9622617079876363
n4_d4096_r1,4,4096,1,55,0.001,0.013620847414131276,0.9308011382818222,0.9548560839612037
n4_d4096_r1,4,4096,1,56,0.001,0.013579929836851079,0.9260016977787018,0.965934332984034
n4_d4096_r1,4,4096,1,57,0.001,0.013235280683147721,0.9292072951793671,0.8807773329899646
n4_d4096_r1,4,4096,1,58,0.001,0.012938137479068246,0.9242391139268875,0.9406796660041437
n4_d4096_r1,4,4096,1,59,0.001,0.012556771071103867,0.9284815788269043,1.0302880840026774
n4_d4096_r1,4,4096,1,60,0.001,0.012670432763115969,0.9260624051094055,0.8603387500043027
n4_d4096_r1,4,4096,1,61,0.001,0.012572445652040187,0.9304200261831284,1.0198812910239212
n4_d4096_r1,4,4096,1,62,0.001,0.012146520937676542,0.924424022436142,1.0328804579912685
n4_d4096_r1,4,4096,1,63,0.001,0.012278276844881475,0.926002636551857,1.0143983750022016
n4_d4096_r1,4,4096,1,64,0.001,0.012123876353143714,0.9255031645298004,1.0311930830357596
n4_d4096_r1,4,4096,1,65,0.001,0.011958864728512708,0.9277606308460236,1.0220593750127591
n4_d4096_r1,4,4096,1,66,0.001,0.011502121953526512,0.9279042333364487,0.9104225830524229
n4_d4096_r1,4,4096,1,67,0.0005,0.009918257637764327,0.9260837584733963,0.9850048330263235
n4_d4096_r1,4,4096,1,68,0.0005,0.0011968412150054064,0.9240679889917374,0.9374750420101918
n4_d4096_r1,4,4096,1,69,0.0005,0.0002010697207879275,0.9244991838932037,1.0440311250276864
n4_d4096_r1,4,4096,1,70,0.0005,3.936575195950809e-05,0.92447529733181,0.8900966250221245
n4_d4096_r1,4,4096,1,71,0.0005,9.938948902998845e-06,0.9245181083679199,0.9940272500389256
n4_d4096_r1,4,4096,1,72,0.0005,3.607458438636968e-06,0.9244672954082489,0.8796575830201618
n4_d4096_r1,4,4096,1,73,0.0005,1.98520468552843e-06,0.9244939088821411,0.9344159580068663
n4_d4096_r1,4,4096,1,74,0.0005,1.5890931726048052e-06,0.9244450628757477,0.9188754999777302
n4_d4096_r1,4,4096,1,75,0.0005,1.9373704924774415e-06,0.9244514852762222,1.0635943340021186
n4_d4096_r1,4,4096,1,76,0.0005,3.2681081560959058e-06,0.9243944585323334,0.9035802910220809
n4_d4096_r1,4,4096,1,77,0.00025,4.781154440358648e-06,0.9244423657655716,0.9518269999534823
n4_d4096_r1,4,4096,1,78,0.00025,9.667450886485796e-07,0.924480065703392,0.8413239169749431
n4_d4096_r1,4,4096,1,79,0.00025,3.2197463950556227e-07,0.924469456076622,0.7318969589541666
n4_d4096_r1,4,4096,1,80,0.00025,1.1622565954105823e-07,0.9244603514671326,0.8809694580268115
n4_d4096_r1,4,4096,1,81,0.00025,5.7711058085163636e-08,0.9244659692049026,1.0159452499938197
n4_d4096_r1,4,4096,1,82,0.00025,3.6275153152132145e-08,0.9244628399610519,1.037820041005034
n4_d4096_r1,4,4096,1,83,0.00025,3.06523440032902e-08,0.924468532204628,1.0386602919897996
n4_d4096_r1,4,4096,1,84,0.00025,3.3496545197297944e-08,0.9244625717401505,0.9325666250078939
n4_d4096_r1,4,4096,1,85,0.000125,4.2750618461928624e-08,0.9244628846645355,0.8786232499987818
n4_d4096_r1,4,4096,1,86,0.000125,5.894382907115081e-09,0.9244644194841385,0.9947477909736335
n4_d4096_r1,4,4096,1,87,0.000125,1.081741342768422e-09,0.9244646579027176,1.0898621249943972
n4_d4096_r1,4,4096,1,88,0.000125,2.1762287143786002e-10,0.9244638085365295,1.001806166023016
n4_d64_r2,4,64,2,1,0.001,1.0169148850254714,0.9324614852666855,0.35152949998155236
n4_d64_r2,4,64,2,2,0.001,0.8897307720035315,0.8822375982999802,0.33195408299798146
n4_d64_r2,4,64,2,3,0.001,0.8549278271384537,0.8677435517311096,0.3297999589703977
n4_d64_r2,4,64,2,4,0.001,0.8427222268655896,0.8618381470441818,0.3286808750126511
n4_d64_r2,4,64,2,5,0.001,0.8362846751697361,0.8576195687055588,0.33593666699016467
n4_d64_r2,4,64,2,6,0.001,0.8321276637725532,0.8546945154666901,0.3303524170187302
n4_d64_r2,4,64,2,7,0.001,0.8282963600941002,0.8533404916524887,0.3327119169989601
n4_d64_r2,4,64,2,8,0.001,0.8253061762079597,0.850279912352562,0.3344855420291424
n4_d64_r2,4,64,2,9,0.001,0.8228133749216795,0.8492484986782074,0.3798196669667959
n4_d64_r2,4,64,2,10,0.001,0.8208316816017032,0.8474502265453339,0.3283153329975903
n4_d64_r2,4,64,2,11,0.001,0.8187001831829548,0.8470033556222916,0.32648849999532104
n4_d64_r2,4,64,2,12,0.001,0.8172699264250696,0.8452586978673935,0.3258745410130359
n4_d64_r2,4,64,2,13,0.001,0.8154087420552969,0.8452877551317215,0.3307875000173226
n4_d64_r2,4,64,2,14,0.001,0.814133033156395,0.8423743098974228,0.33430033398326486
n4_d64_r2,4,64,2,15,0.001,0.8129810919053853,0.8425257951021194,0.3284497499698773
n4_d64_r2,4,64,2,16,0.001,0.8122633253224194,0.8416597545146942,0.37043270899448544
n4_d64_r2,4,64,2,17,0.001,0.8112537651322782,0.8407273441553116,0.33366649999516085
n4_d64_r2,4,64,2,18,0.001,0.810430730227381,0.8399907797574997,0.32644329097820446
n4_d64_r2,4,64,2,19,0.001,0.810011325404048,0.8396919369697571,0.3274841250386089
n4_d64_r2,4,64,2,20,0.001,0.8094536974094808,0.8395332843065262,0.33117683400632814
n4_d64_r2,4,64,2,21,0.001,0.8090349524281919,0.837955504655838,0.32898408302571625
n4_d64_r2,4,64,2,22,0.001,0.8086405489593744,0.8381745368242264,0.32804545800900087
n4_d64_r2,4,64,2,23,0.001,0.8081812998279929,0.8378953635692596,0.32801570900483057
n4_d64_r2,4,64,2,24,0.001,0.8078641477040946,0.8380917757749557,0.37764054199215025
n4_d64_r2,4,64,2,25,0.001,0.8077943781390786,0.8369090557098389,0.32692120800493285
n4_d64_r2,4,64,2,26,0.001,0.807274401653558,0.8373098522424698,0.33269449998624623
n4_d64_r2,4,64,2,27,0.001,0.807014592923224,0.8369207382202148,0.3316425000084564
n4_d64_r2,4,64,2,28,0.001,0.8067066092044115,0.8372576832771301,0.32770166604314
n4_d64_r2,4,64,2,29,0.001,0.8065149839967489,0.8356504589319229,0.32793104101438075
n4_d64_r2,4,64,2,30,0.001,0.8061009030789137,0.8363468796014786,0.32798791700042784
n4_d64_r2,4,64,2,31,0.001,0.8061709678731859,0.8359845727682114,0.32811258401488885
n4_d64_r2,4,64,2,32,0.001,0.8057620930485427,0.8359812498092651,0.3733756250003353
n4_d64_r2,4,64,2,33,0.001,0.805800633970648,0.8357124030590057,0.33938208303879946
n4_d64_r2,4,64,2,34,0.001,0.8052861145697534,0.8357679098844528,0.327871999994386
n4_d64_r2,4,64,2,35,0.001,0.8051553820259869,0.8367443084716797,0.33130070799961686
n4_d64_r2,4,64,2,36,0.001,0.8051178003661335,0.8355228900909424,0.3295854580355808
n4_d64_r2,4,64,2,37,0.001,0.8050411720760167,0.8362069725990295,0.33168716699583456
n4_d64_r2,4,64,2,38,0.001,0.8049685573205352,0.8354646116495132,0.3275889159995131
n4_d64_r2,4,64,2,39,0.001,0.8047342775389552,0.8362977802753448,0.33244908397318795
n4_d64_r2,4,64,2,40,0.001,0.8046082644723356,0.8360747694969177,0.3750550840049982
n4_d64_r2,4,64,2,41,0.001,0.8043942400254309,0.8351069986820221,0.32799545902526006
n4_d64_r2,4,64,2,42,0.001,0.8041750905103981,0.8372204601764679,0.32799283298663795
n4_d64_r2,4,64,2,43,0.001,0.8041349020786583,0.8356990218162537,0.3272609999985434
n4_d64_r2,4,64,2,44,0.001,0.8040945371612906,0.8355553895235062,0.32688845798838884
n4_d64_r2,4,64,2,45,0.001,0.8040028312243521,0.8351704925298691,0.3321011670050211
n4_d64_r2,4,64,2,46,0.001,0.8040446704253554,0.8351439982652664,0.33015658298972994
n4_d64_r2,4,64,2,47,0.001,0.8037541913799942,0.8353922665119171,0.3291664579883218
n4_d64_r2,4,64,2,48,0.001,0.8037681574933231,0.8363698422908783,0.3781387080089189
n4_d64_r2,4,64,2,49,0.001,0.8035559668205678,0.8358187824487686,0.33186116599244997
n4_d64_r2,4,64,2,50,0.0005,0.802522003185004,0.8354748785495758,0.32895874994574115
n4_d64_r2,4,64,2,51,0.0005,0.8023178637959063,0.8354594856500626,0.3282006249646656
n4_d64_r2,4,64,2,52,0.0005,0.8022316191345453,0.8354494124650955,0.33347516698995605
n4_d64_r2,4,64,2,53,0.0005,0.8021929957903922,0.835348978638649,0.3330900830333121
n4_d64_r2,4,64,2,54,0.0005,0.8021590416319668,0.8357752412557602,0.3279369579977356
n4_d64_r2,4,64,2,55,0.0005,0.8021534201689065,0.8357653468847275,0.3286152500077151
n4_d64_r2,4,64,2,56,0.0005,0.8021356300450861,0.8354092538356781,0.3799406670150347
n4_d64_r2,4,64,2,57,0.0005,0.8020648239180446,0.8357292115688324,0.3299222919740714
n4_d64_r2,4,64,2,58,0.00025,0.8014987958595157,0.8360137343406677,0.3336624999647029
n4_d64_r2,4,64,2,59,0.00025,0.8015317199751735,0.8356089293956757,0.3292334579746239
n4_d64_r2,4,64,2,60,0.00025,0.8013710645027459,0.8356900364160538,0.3294100830098614
n4_d64_r2,4,64,2,61,0.00025,0.801390721462667,0.8359062522649765,0.3313695829710923
n4_d128_r2,4,128,2,1,0.001,1.206814834382385,0.9425216168165207,0.338211374997627
n4_d128_r2,4,128,2,2,0.001,0.8942104573361576,0.8892246633768082,0.385163500031922
n4_d128_r2,4,128,2,3,0.001,0.8556824205443263,0.8763193488121033,0.34186745900660753
n4_d128_r2,4,128,2,4,0.001,0.8396563846617937,0.8685310930013657,0.3384259999729693
n4_d128_r2,4,128,2,5,0.001,0.8293535285629332,0.8626800924539566,0.33897233399329707
n4_d128_r2,4,128,2,6,0.001,0.8213043240830302,0.8582182377576828,0.3374842909979634
n4_d128_r2,4,128,2,7,0.001,0.8149232505820692,0.8566359877586365,0.3346707499586046
n4_d128_r2,4,128,2,8,0.001,0.8101874603889883,0.8535360097885132,0.33580079197417945
n4_d128_r2,4,128,2,9,0.001,0.805919464211911,0.8531555831432343,0.34172362502431497
n4_d128_r2,4,128,2,10,0.001,0.8023115093819797,0.851997047662735,0.3838625840144232
n4_d128_r2,4,128,2,11,0.001,0.8000879036262631,0.8504011631011963,0.33344487502472475
n4_d128_r2,4,128,2,12,0.001,0.796805455815047,0.849556177854538,0.3343209170270711
n4_d128_r2,4,128,2,13,0.001,0.7944912281818688,0.850680410861969,0.332915291946847
n4_d128_r2,4,128,2,14,0.001,0.7923228801228106,0.8503511846065521,0.3326779159833677
n4_d128_r2,4,128,2,15,0.001,0.7896967954002321,0.8523654043674469,0.33896837499924004
n4_d128_r2,4,128,2,16,0.001,0.7874793750233948,0.8532520979642868,0.33827183296671137
n4_d128_r2,4,128,2,17,0.001,0.7852780749090016,0.8531411290168762,0.37907445803284645
n4_d128_r2,4,128,2,18,0.001,0.7833635793067515,0.8556808829307556,0.33765304199187085
n4_d128_r2,4,128,2,19,0.001,0.7809145972132683,0.8574162572622299,0.3340313750086352
n4_d128_r2,4,128,2,20,0.001,0.7792377020232379,0.8558290898799896,0.33707825001329184
n4_d128_r2,4,128,2,21,0.0005,0.7744439947418869,0.8583805561065674,0.3344446250121109
n4_d128_r2,4,128,2,22,0.0005,0.7733083982020617,0.8596848100423813,0.3352685840218328
n4_d128_r2,4,128,2,23,0.0005,0.7723486195318401,0.860603079199791,0.3316492500016466
n4_d128_r2,4,128,2,24,0.0005,0.7715116827748716,0.8603354543447495,0.3357792920432985
n4_d128_r2,4,128,2,25,0.0005,0.7708473270758986,0.8626927882432938,0.38156245899153873
n4_d128_r2,4,128,2,26,0.0005,0.7700987495481968,0.8636080324649811,0.33786270796554163
n4_d128_r2,4,128,2,27,0.0005,0.7691983534023166,0.8635759651660919,0.33565679198363796
n4_d128_r2,4,128,2,28,0.0005,0.7683977191336453,0.8663417547941208,0.33807770803105086
n4_d128_r2,4,128,2,29,0.00025,0.7657185150310397,0.8664807230234146,0.3363002910045907
n4_d128_r2,4,128,2,30,0.00025,0.7653382322750986,0.86753049492836,0.33529762498801574
n4_d128_r2,4,128,2,31,0.00025,0.7649873779155314,0.8670424818992615,0.335161832976155
n4_d128_r2,4,128,2,32,0.00025,0.7646208829246461,0.8679275214672089,0.3367745840223506
n4_d256_r2,4,256,2,1,0.001,0.9880820354446769,0.8910901099443436,0.390150791965425
n4_d256_r2,4,256,2,2,0.001,0.8438211129978299,0.8684671372175217,0.3399310829699971
n4_d256_r2,4,256,2,3,0.001,0.8134224866516888,0.8669246584177017,0.3381111249909736
n4_d256_r2,4,256,2,4,0.001,0.7956369305029511,0.8660593628883362,0.34287033398868516
n4_d256_r2,4,256,2,5,0.001,0.7814804944209754,0.8687991201877594,0.3393843329977244
n4_d256_r2,4,256,2,6,0.001,0.7689359001815319,0.8730140924453735,0.3377467090031132
n4_d256_r2,4,256,2,7,0.001,0.7575035276822746,0.8786756843328476,0.3382504580076784
n4_d256_r2,4,256,2,8,0.001,0.7460585492663085,0.8863430917263031,0.3890425830031745
n4_d256_r2,4,256,2,9,0.001,0.7348651131615043,0.8924958556890488,0.34255495795514435
n4_d256_r2,4,256,2,10,0.001,0.7231318531557918,0.9060945808887482,0.3391816660296172
n4_d256_r2,4,256,2,11,0.001,0.7128391023725271,0.9168053418397903,0.33671933301957324
n4_d256_r2,4,256,2,12,0.001,0.7020339560694993,0.9308648407459259,0.3419566670199856
n4_d256_r2,4,256,2,13,0.0005,0.6813636380247772,0.9370249360799789,0.33802204101812094
n4_d256_r2,4,256,2,14,0.0005,0.6750302636064589,0.9423276633024216,0.34718041599262506
n4_d256_r2,4,256,2,15,0.0005,0.6705908160656691,0.9546797722578049,0.3373357920208946
n4_d256_r2,4,256,2,16,0.0005,0.6650388860143721,0.9620618224143982,0.34560204099398106
n4_d256_r2,4,256,2,17,0.0005,0.6607072460465133,0.9703159332275391,0.38853799999924377
n4_d256_r2,4,256,2,18,0.0005,0.6560408757068217,0.9753714501857758,0.3373357499949634
n4_d256_r2,4,256,2,19,0.0005,0.6523193782195449,0.9825637936592102,0.33716516598360613
n4_d256_r2,4,256,2,20,0.0005,0.6484657917171717,0.9878737330436707,0.3498089580098167
n4_d256_r2,4,256,2,21,0.00025,0.637606015894562,0.993324875831604,0.3414544169791043
n4_d256_r2,4,256,2,22,0.00025,0.6350129407364875,0.9979031085968018,0.33631916699232534
n4_d256_r2,4,256,2,23,0.00025,0.6330907568335533,1.0010547041893005,0.33766899997135624
n4_d256_r2,4,256,2,24,0.00025,0.6315009091049433,1.004883885383606,0.38253729196731
n4_d512_r2,4,512,2,1,0.001,0.9951137737371027,0.9239887446165085,0.3872332089813426
n4_d512_r2,4,512,2,2,0.001,0.8324487996287644,0.8945804834365845,0.3803917079931125
n4_d512_r2,4,512,2,3,0.001,0.7583451857790351,0.8986900746822357,0.38179666694486514
n4_d512_r2,4,512,2,4,0.001,0.7007265826687217,0.9182167947292328,0.3806096659973264
n4_d512_r2,4,512,2,5,0.001,0.645584162324667,0.9444896429777145,0.38142395799513906
n4_d512_r2,4,512,2,6,0.001,0.5909979799762368,0.9742046445608139,0.38117291702656075
n4_d512_r2,4,512,2,7,0.001,0.5382066022139043,1.0301308035850525,0.3911214590189047
n4_d512_r2,4,512,2,8,0.001,0.4874829526524991,1.0665156543254852,0.42852487502386793
n4_d512_r2,4,512,2,9,0.001,0.44435068825259805,1.0952514111995697,0.4079908329877071
n4_d512_r2,4,512,2,10,0.001,0.40416093333624303,1.1378750801086426,0.3975016250042245
n4_d512_r2,4,512,2,11,0.0005,0.33690837281756103,1.1748386025428772,0.40373383299447596
n4_d512_r2,4,512,2,12,0.0005,0.3113319823751226,1.2098694443702698,0.3967650000122376
n4_d512_r2,4,512,2,13,0.0005,0.29453815007582307,1.232991337776184,0.38445633300580084
n4_d512_r2,4,512,2,14,0.0005,0.2804215584183112,1.2608299553394318,0.38131054100813344
n4_d512_r2,4,512,2,15,0.0005,0.2671525481855497,1.2793861627578735,0.38049175002379343
n4_d512_r2,4,512,2,16,0.0005,0.25581869576126337,1.302834689617157,0.4289671250153333
n4_d512_r2,4,512,2,17,0.0005,0.24485148885287344,1.3292918801307678,0.38196170795708895
n4_d512_r2,4,512,2,18,0.0005,0.23499567352700979,1.3484885692596436,0.3864625839632936
n4_d512_r2,4,512,2,19,0.00025,0.20910526835359633,1.3693419694900513,0.3829505419707857
n4_d512_r2,4,512,2,20,0.00025,0.20177719253115356,1.3784546256065369,0.3824216249631718
n4_d512_r2,4,512,2,21,0.00025,0.19733526452910155,1.393257588148117,0.3806310830404982
n4_d512_r2,4,512,2,22,0.00025,0.19313301460351795,1.4040978252887726,0.3795536250108853
n4_d1024_r2,4,1024,2,1,0.001,0.9898873972706497,0.8929227143526077,0.4686869590077549
n4_d1024_r2,4,1024,2,2,0.001,0.7310852999798954,0.9085227698087692,0.4225067920051515
n4_d1024_r2,4,1024,2,3,0.001,0.5730154844932258,0.9796032458543777,0.3929767920053564
n4_d1024_r2,4,1024,2,4,0.001,0.41555540449917316,1.0704383999109268,0.42249833297682926
n4_d1024_r2,4,1024,2,5,0.001,0.2796530401101336,1.1495940685272217,0.4212956249830313
n4_d1024_r2,4,1024,2,6,0.001,0.1804817708907649,1.2071153819561005,0.4101250839885324
n4_d1024_r2,4,1024,2,7,0.001,0.11822169495280832,1.2382039427757263,0.40958037500968203
n4_d1024_r2,4,1024,2,8,0.001,0.08093476115027443,1.2645184099674225,0.4375420410069637
n4_d1024_r2,4,1024,2,9,0.001,0.05793196434387937,1.2653737962245941,0.4575615840149112
n4_d1024_r2,4,1024,2,10,0.0005,0.0348583947197767,1.2682918012142181,0.3954554999945685
n4_d1024_r2,4,1024,2,11,0.0005,0.014844122946669813,1.2770363092422485,0.4226126249996014
n4_d1024_r2,4,1024,2,12,0.0005,0.00902803042481537,1.2810804843902588,0.4098424579715356
n4_d1024_r2,4,1024,2,13,0.0005,0.0062912258163123624,1.2925924956798553,0.39261641702614725
n4_d1024_r2,4,1024,2,14,0.0005,0.0047375290505442536,1.2943049371242523,0.40157912496943027
n4_d1024_r2,4,1024,2,15,0.0005,0.0037003044762968784,1.300460159778595,0.43887429096503183
n4_d1024_r2,4,1024,2,16,0.0005,0.003021024098416092,1.3044163286685944,0.42613570898538455
n4_d1024_r2,4,1024,2,17,0.0005,0.0025565519827068783,1.3081188201904297,0.45781166601227596
n4_d1024_r2,4,1024,2,18,0.00025,0.0019548573218344245,1.3076828718185425,0.40889133303426206
n4_d1024_r2,4,1024,2,19,0.00025,0.001334759784185735,1.308127611875534,0.406599624955561
n4_d1024_r2,4,1024,2,20,0.00025,0.0011206321287318133,1.3095791339874268,0.4292332910117693
n4_d1024_r2,4,1024,2,21,0.00025,0.000987935393936823,1.3108585178852081,0.43533733300864697
n4_d2048_r2,4,2048,2,1,0.001,0.9891505115665495,0.9133859127759933,0.5715675000101328
n4_d2048_r2,4,2048,2,2,0.001,0.557015661848709,0.9800883382558823,0.610000625019893
n4_d2048_r2,4,2048,2,3,0.001,0.2391085032140836,1.084619015455246,0.6027665000292473
n4_d2048_r2,4,2048,2,4,0.001,0.10123976168688387,1.0874396562576294,0.6069973339908756
n4_d2048_r2,4,2048,2,5,0.001,0.07275543312425725,1.0769036412239075,0.6117710410035215
n4_d2048_r2,4,2048,2,6,0.001,0.06145748536800966,1.0624195039272308,0.6020830419729464
n4_d2048_r2,4,2048,2,7,0.001,0.05278007191373035,1.0634025484323502,0.5891963749891147
n4_d2048_r2,4,2048,2,8,0.001,0.04678660798526835,1.0552113503217697,0.6204873329843394
n4_d2048_r2,4,2048,2,9,0.001,0.04190951008058619,1.0593248307704926,0.613226166984532
n4_d2048_r2,4,2048,2,10,0.0005,0.032036018557846546,1.0311987549066544,0.5938298749970272
n4_d2048_r2,4,2048,2,11,0.0005,0.004938494726957288,1.0349008291959763,0.6142888329923153
n4_d2048_r2,4,2048,2,12,0.0005,0.0011610128399297537,1.033941924571991,0.6038942910381593
n4_d2048_r2,4,2048,2,13,0.0005,0.00036682281665889604,1.033797800540924,0.6162550419685431
n4_d2048_r2,4,2048,2,14,0.0005,0.00015832478351285317,1.0338767915964127,0.5829982919967733
n4_d2048_r2,4,2048,2,15,0.0005,8.876574446503582e-05,1.0338794142007828,0.6091867500217631
n4_d2048_r2,4,2048,2,16,0.0005,6.25095419053423e-05,1.0341975092887878,0.6141017909976654
n4_d2048_r2,4,2048,2,17,0.0005,5.130135507158684e-05,1.0339543521404266,0.6134747499600053
n4_d2048_r2,4,2048,2,18,0.00025,4.8013836575933055e-05,1.034313142299652,0.6278372500091791
n4_d2048_r2,4,2048,2,19,0.00025,1.7933809019154978e-05,1.0342997908592224,0.5817958330153488
n4_d2048_r2,4,2048,2,20,0.00025,1.1405880224302223e-05,1.0343225598335266,0.6165126669802703
n4_d2048_r2,4,2048,2,21,0.00025,8.444588633249595e-06,1.0343653708696365,0.5918905000435188
n4_d4096_r2,4,4096,2,1,0.001,0.9918007869273424,0.9397210627794266,0.9470350419869646
n4_d4096_r2,4,4096,2,2,0.001,0.680181372910738,0.9511889219284058,0.8587088750209659
n4_d4096_r2,4,4096,2,3,0.001,0.26570258184801787,1.0353106558322906,0.9437963750096969
n4_d4096_r2,4,4096,2,4,0.001,0.12716556014493108,0.9908560365438461,0.9956233330303803
n4_d4096_r2,4,4096,2,5,0.001,0.07436414560652338,0.9923864901065826,0.9113595419912599
n4_d4096_r2,4,4096,2,6,0.001,0.04416466143447906,0.9811453223228455,0.8931014999980107
n4_d4096_r2,4,4096,2,7,0.001,0.032699453324312344,0.9790981262922287,0.8442600410198793
n4_d4096_r2,4,4096,2,8,0.001,0.027079777646576986,0.970461368560791,0.7346374160260893
n4_d4096_r2,4,4096,2,9,0.001,0.024526908702682704,0.972595140337944,0.749440792016685
n4_d4096_r2,4,4096,2,10,0.0005,0.021108721528435126,0.9679252803325653,0.9072955420124345
n4_d4096_r2,4,4096,2,11,0.0005,0.0026974306147167226,0.9651439338922501,0.9768123750109226
n4_d4096_r2,4,4096,2,12,0.0005,0.0006423150848604564,0.9642582833766937,1.0372276249690913
n4_d4096_r2,4,4096,2,13,0.0005,0.0002705850093320805,0.96396504342556,0.865013332979288
n4_d4096_r2,4,4096,2,14,0.0005,0.0002007152457963457,0.9642381519079208,0.9603290839586407
n4_d4096_r2,4,4096,2,15,0.0005,0.00021595211842395656,0.9639751017093658,1.0113373749773018
n4_d4096_r2,4,4096,2,16,0.0005,0.00024869395411997175,0.9642920196056366,0.7680772499879822
n4_d4096_r2,4,4096,2,17,0.0005,0.0003685273874793893,0.9643646478652954,0.9430349589674734
n4_d4096_r2,4,4096,2,18,0.00025,0.0005378746471933482,0.9641461819410324,0.7891222910257056
n4_d4096_r2,4,4096,2,19,0.00025,0.00010031994480641515,0.9639934301376343,1.0206648749881424
n4_d4096_r2,4,4096,2,20,0.00025,4.872047675874569e-05,0.9639616161584854,1.0019978329655714
n4_d4096_r2,4,4096,2,21,0.00025,3.68315283001408e-05,0.9638579189777374,0.8536191250314005
n4_d64_r3,4,64,3,1,0.001,1.08615617826581,0.8996400386095047,0.3340155000332743
n4_d64_r3,4,64,3,2,0.001,0.8847946859896183,0.8355161249637604,0.33176600001752377
n4_d64_r3,4,64,3,3,0.001,0.8470838270150125,0.8179252743721008,0.32889254100155085
n4_d64_r3,4,64,3,4,0.001,0.8342118854634464,0.8108435869216919,0.33178091602167115
n4_d64_r3,4,64,3,5,0.001,0.8269857615232468,0.8050922751426697,0.32902220799587667
n4_d64_r3,4,64,3,6,0.001,0.8215731587260962,0.801277369260788,0.32809404097497463
n4_d64_r3,4,64,3,7,0.001,0.8174443165771663,0.7987732291221619,0.33259120903676376
n4_d64_r3,4,64,3,8,0.001,0.8141685333102942,0.7967765033245087,0.34041141701163724
n4_d64_r3,4,64,3,9,0.001,0.8114617099054158,0.7955916970968246,0.3766569579602219
n4_d64_r3,4,64,3,10,0.001,0.8092057588510215,0.7943822890520096,0.3284394579823129
n4_d64_r3,4,64,3,11,0.001,0.807758737821132,0.793103814125061,0.3275755840004422
n4_d64_r3,4,64,3,12,0.001,0.8063297965563834,0.7930627018213272,0.3357670420082286
n4_d64_r3,4,64,3,13,0.001,0.8049981165677309,0.7928377538919449,0.32570120895979926
n4_d64_r3,4,64,3,14,0.001,0.8042504610493779,0.7928864508867264,0.32901699998183176
n4_d64_r3,4,64,3,15,0.001,0.8034673403017223,0.79215969145298,0.3279845839715563
n4_d64_r3,4,64,3,16,0.001,0.8029022361151874,0.7921147793531418,0.38079212501179427
n4_d64_r3,4,64,3,17,0.001,0.8023704080842435,0.792434811592102,0.3315918750013225
n4_d64_r3,4,64,3,18,0.001,0.801861397922039,0.7920080274343491,0.32675008301157504
n4_d64_r3,4,64,3,19,0.001,0.8014573422260582,0.7921999841928482,0.32929916598368436
n4_d64_r3,4,64,3,20,0.001,0.8010234255343676,0.7922798097133636,0.33361704199342057
n4_d64_r3,4,64,3,21,0.001,0.8005129522643983,0.7916592657566071,0.3279694170341827
n4_d64_r3,4,64,3,22,0.001,0.8002172745764256,0.7917522639036179,0.32903358299518004
n4_d64_r3,4,64,3,23,0.001,0.7998930509202182,0.7919049263000488,0.32772679097251967
n4_d64_r3,4,64,3,24,0.001,0.7996650030836463,0.7915356606245041,0.3778395000263117
n4_d64_r3,4,64,3,25,0.001,0.7994119925424457,0.7914928644895554,0.32647383300354704
n4_d64_r3,4,64,3,26,0.001,0.7992145870812237,0.7910466939210892,0.3281734590418637
n4_d64_r3,4,64,3,27,0.001,0.7988385022617877,0.7915990203619003,0.3307092090253718
n4_d64_r3,4,64,3,28,0.001,0.7987757832743227,0.7913043946027756,0.33119266596622765
n4_d64_r3,4,64,3,29,0.001,0.7986720059998333,0.7919024229049683,0.32631791703170165
n4_d64_r3,4,64,3,30,0.001,0.7982862559147179,0.7908269912004471,0.32728712499374524
n4_d64_r3,4,64,3,31,0.001,0.7980408542789519,0.7911868691444397,0.3267828340176493
n4_d64_r3,4,64,3,32,0.001,0.7979279607534409,0.7907971888780594,0.3765567499794997
n4_d64_r3,4,64,3,33,0.001,0.7977709863334894,0.7909783720970154,0.32903354096924886
n4_d64_r3,4,64,3,34,0.001,0.7973571410402656,0.7912140339612961,0.3269692090107128
n4_d64_r3,4,64,3,35,0.001,0.7973645078018308,0.7914854884147644,0.3260772500070743
n4_d64_r3,4,64,3,36,0.001,0.7973251235671341,0.7913544178009033,0.3288629159796983
n4_d64_r3,4,64,3,37,0.001,0.7969932248815894,0.7913855910301208,0.32905104104429483
n4_d64_r3,4,64,3,38,0.001,0.7971765920519829,0.7909768372774124,0.32629245799034834
n4_d64_r3,4,64,3,39,0.001,0.7970861080102623,0.7913486361503601,0.3295162499998696
n4_d64_r3,4,64,3,40,0.001,0.7967545697465539,0.7903811931610107,0.40045654197456315
n4_d64_r3,4,64,3,41,0.001,0.7966236360371113,0.7912152260541916,0.3294472089619376
n4_d64_r3,4,64,3,42,0.001,0.7965573589317501,0.7909056693315506,0.3268720000050962
n4_d64_r3,4,64,3,43,0.001,0.796321929898113,0.7908720970153809,0.3264405829831958
n4_d64_r3,4,64,3,44,0.001,0.7963755708187819,0.7914272397756577,0.3291548329871148
n4_d64_r3,4,64,3,45,0.001,0.7962939627468586,0.7917909920215607,0.32948191702598706
n4_d64_r3,4,64,3,46,0.001,0.7961526643484831,0.7905864119529724,0.3319853750290349
n4_d64_r3,4,64,3,47,0.001,0.7960822926834226,0.7903506010770798,0.3333638749900274
n4_d64_r3,4,64,3,48,0.001,0.7959230951964855,0.7905516773462296,0.37748733296757564
n4_d64_r3,4,64,3,49,0.001,0.7958432505838573,0.790071114897728,0.3279827919905074
n4_d64_r3,4,64,3,50,0.001,0.7957509332336485,0.7902230322360992,0.3282234580256045
n4_d64_r3,4,64,3,51,0.001,0.7956128176301718,0.7909979820251465,0.3276829579845071
n4_d64_r3,4,64,3,52,0.001,0.7957752663642168,0.7912281900644302,0.33387416700134054
n4_d64_r3,4,64,3,53,0.001,0.7955903094261885,0.7909040153026581,0.33244162501068786
n4_d64_r3,4,64,3,54,0.001,0.7953574252314866,0.7907191812992096,0.3286716250004247
n4_d64_r3,4,64,3,55,0.001,0.7953129960224032,0.7902910262346268,0.32858745800331235
n4_d64_r3,4,64,3,56,0.001,0.7951328377239406,0.7902732789516449,0.3756762080010958
n4_d64_r3,4,64,3,57,0.001,0.7949985614977777,0.7910504937171936,0.33058608300052583
n4_d64_r3,4,64,3,58,0.0005,0.7941575949080288,0.7905852943658829,0.33115733304293826
n4_d64_r3,4,64,3,59,0.0005,0.7941063875332475,0.7903923988342285,0.32834524998907
n4_d64_r3,4,64,3,60,0.0005,0.7939441953785717,0.7908187061548233,0.32981895899865776
n4_d64_r3,4,64,3,61,0.0005,0.7939590504392982,0.7910342365503311,0.3305262500070967
n4_d64_r3,4,64,3,62,0.0005,0.793925526086241,0.7912314832210541,0.3270473330048844
n4_d64_r3,4,64,3,63,0.0005,0.7938984576612711,0.7909845411777496,0.3709769999841228
n4_d64_r3,4,64,3,64,0.0005,0.7937999572604895,0.7913951128721237,0.33576420904137194
n4_d64_r3,4,64,3,65,0.0005,0.7938299672678113,0.7911748141050339,0.3294785409816541
n4_d64_r3,4,64,3,66,0.00025,0.7932774359360337,0.7912537902593613,0.32688679202692583
n4_d64_r3,4,64,3,67,0.00025,0.7931874934583902,0.7912902683019638,0.3259500000276603
n4_d64_r3,4,64,3,68,0.00025,0.7931420337408781,0.7913038432598114,0.3288223339477554
n4_d64_r3,4,64,3,69,0.00025,0.7931238934397697,0.7914240956306458,0.32913704100064933
n4_d128_r3,4,128,3,1,0.001,1.019087233580649,0.8985752612352371,0.33567120897350833
n4_d128_r3,4,128,3,2,0.001,0.8783839158713818,0.834720566868782,0.3842867909697816
n4_d128_r3,4,128,3,3,0.001,0.8340427284128964,0.8209267407655716,0.33652574999723583
n4_d128_r3,4,128,3,4,0.001,0.8199625848792493,0.8161728233098984,0.33620941604021937
n4_d128_r3,4,128,3,5,0.001,0.8106679911725223,0.8139716386795044,0.3317385419504717
n4_d128_r3,4,128,3,6,0.001,0.8042428065091372,0.8126185536384583,0.33255112502956763
n4_d128_r3,4,128,3,7,0.001,0.7992267524823546,0.8114236891269684,0.33838937495602295
n4_d128_r3,4,128,3,8,0.001,0.7952100750990212,0.8121668249368668,0.3396479579969309
n4_d128_r3,4,128,3,9,0.001,0.7921475516632199,0.8123094886541367,0.3822643749881536
n4_d128_r3,4,128,3,10,0.001,0.7890366134233773,0.8129396140575409,0.3390972079942003
n4_d128_r3,4,128,3,11,0.001,0.7866763006895781,0.8124293386936188,0.33381079096579924
n4_d128_r3,4,128,3,12,0.001,0.7841180264949799,0.8150656223297119,0.3351636659936048
n4_d128_r3,4,128,3,13,0.001,0.7822705800645053,0.8146696835756302,0.3318979580071755
n4_d128_r3,4,128,3,14,0.001,0.7798819523304701,0.8155874758958817,0.34312658302951604
n4_d128_r3,4,128,3,15,0.001,0.7777941967360675,0.8186265677213669,0.33722912502707914
n4_d128_r3,4,128,3,16,0.0005,0.7732397117651999,0.8180311173200607,0.33843433402944356
n4_d128_r3,4,128,3,17,0.0005,0.7721274686045945,0.8197397738695145,0.37970245903125033
n4_d128_r3,4,128,3,18,0.0005,0.7709629703313112,0.8198118209838867,0.3405222500441596
n4_d128_r3,4,128,3,19,0.0005,0.7700749621726573,0.8211354613304138,0.3354651660192758
n4_d128_r3,4,128,3,20,0.0005,0.7691744640469551,0.8211545795202255,0.3417672500363551
n4_d128_r3,4,128,3,21,0.0005,0.7683541495352983,0.8225089758634567,0.33802012499654666
n4_d128_r3,4,128,3,22,0.0005,0.7673732507973909,0.8234672546386719,0.334720833983738
n4_d128_r3,4,128,3,23,0.0005,0.7668049754574895,0.8251563012599945,0.3344060839735903
n4_d128_r3,4,128,3,24,0.00025,0.7643509362824261,0.8255373984575272,0.3354217080050148
n4_d128_r3,4,128,3,25,0.00025,0.7638375065289438,0.8253440260887146,0.38085087499348447
n4_d128_r3,4,128,3,26,0.00025,0.7634236123412848,0.8262489438056946,0.3484637080109678
n4_d128_r3,4,128,3,27,0.00025,0.7630593464709818,0.8266104906797409,0.33418591698864475
n4_d256_r3,4,256,3,1,0.001,0.9733415977098048,0.8536808341741562,0.34362295898608863
n4_d256_r3,4,256,3,2,0.001,0.841971910558641,0.8271232694387436,0.33806458296021447
n4_d256_r3,4,256,3,3,0.001,0.8115748772397637,0.8237322568893433,0.3369396250345744
n4_d256_r3,4,256,3,4,0.001,0.7939480789937079,0.8217430710792542,0.33936525002354756
n4_d256_r3,4,256,3,5,0.001,0.7794571435078979,0.8186872452497482,0.3891269579762593
n4_d256_r3,4,256,3,6,0.001,0.7667402732186019,0.8281417638063431,0.3406271249987185
n4_d256_r3,4,256,3,7,0.001,0.7546163499355316,0.8325778096914291,0.3365702499868348
n4_d256_r3,4,256,3,8,0.001,0.7431183536536992,0.8356589674949646,0.3392022080370225
n4_d256_r3,4,256,3,9,0.001,0.7318420833908021,0.8493917286396027,0.3418747910181992
n4_d256_r3,4,256,3,10,0.001,0.7203142778016627,0.8515419065952301,0.3381582499714568
n4_d256_r3,4,256,3,11,0.001,0.709609255194664,0.8621000349521637,0.3449665000080131
n4_d256_r3,4,256,3,12,0.001,0.6991971801035106,0.8746592253446579,0.3390573750366457
n4_d256_r3,4,256,3,13,0.001,0.6901158029213548,0.8839399516582489,0.383634667028673
n4_d256_r3,4,256,3,14,0.0005,0.6689157853834331,0.8880090415477753,0.34040649997768924
n4_d256_r3,4,256,3,15,0.0005,0.6627274667844176,0.8961262702941895,0.3394968750071712
n4_d256_r3,4,256,3,16,0.0005,0.6577009088359773,0.9051613211631775,0.34072145802201703
n4_d256_r3,4,256,3,17,0.0005,0.6533774775452912,0.911067396402359,0.3452188330120407
n4_d256_r3,4,256,3,18,0.0005,0.649116693995893,0.9182148575782776,0.3405919580254704
n4_d256_r3,4,256,3,19,0.0005,0.645400405395776,0.9245352298021317,0.3408565000281669
n4_d256_r3,4,256,3,20,0.0005,0.6418447978794575,0.9313302934169769,0.3390709580271505
n4_d256_r3,4,256,3,21,0.0005,0.6381141920574009,0.9379026740789413,0.3819687500363216
n4_d256_r3,4,256,3,22,0.00025,0.6272434869315475,0.9383065402507782,0.34416575002251193
n4_d256_r3,4,256,3,23,0.00025,0.6249366723932326,0.941849559545517,0.3434346250141971
n4_d256_r3,4,256,3,24,0.00025,0.6232809121720493,0.9457573443651199,0.3398592920275405
n4_d256_r3,4,256,3,25,0.00025,0.6219156123697758,0.949319452047348,0.3413232919992879
n4_d512_r3,4,512,3,1,0.001,0.9690318703651428,0.8653943091630936,0.38211583299562335
n4_d512_r3,4,512,3,2,0.001,0.8164039263501763,0.8325275331735611,0.3827871659887023
n4_d512_r3,4,512,3,3,0.001,0.7462344015948474,0.8469613194465637,0.3856887079891749
n4_d512_r3,4,512,3,4,0.001,0.6913403430953622,0.8578510582447052,0.44211954198544845
n4_d512_r3,4,512,3,5,0.001,0.6363384642172605,0.9010120034217834,0.3829522079904564
n4_d512_r3,4,512,3,6,0.001,0.57738271006383,0.9528743326663971,0.3825278750155121
n4_d512_r3,4,512,3,7,0.001,0.522389603080228,1.0100507885217667,0.3843732919776812
n4_d512_r3,4,512,3,8,0.001,0.47002635919488966,1.0510122925043106,0.3881227499805391
n4_d512_r3,4,512,3,9,0.001,0.4259145283140242,1.081122636795044,0.3949352499912493
n4_d512_r3,4,512,3,10,0.001,0.38642284052912146,1.1471297442913055,0.38436050002928823
n4_d512_r3,4,512,3,11,0.0005,0.3187818378210068,1.174827754497528,0.38445537496590987
n4_d512_r3,4,512,3,12,0.0005,0.2956855644006282,1.2152096629142761,0.4480904170195572
n4_d512_r3,4,512,3,13,0.0005,0.28029756736941636,1.24405038356781,0.38801741698989645
n4_d512_r3,4,512,3,14,0.0005,0.2677390704629943,1.2716670334339142,0.389865750039462
n4_d512_r3,4,512,3,15,0.0005,0.25559810223057866,1.2863700687885284,0.38616670796182007
n4_d512_r3,4,512,3,16,0.0005,0.24444673175457865,1.312534898519516,0.38219283299986273
n4_d512_r3,4,512,3,17,0.0005,0.23460877500474453,1.3349601328372955,0.382309541979339
n4_d512_r3,4,512,3,18,0.0005,0.22516355267725885,1.3459285497665405,0.3802521670004353
n4_d512_r3,4,512,3,19,0.00025,0.20025532669387758,1.366738647222519,0.3850854999618605
n4_d512_r3,4,512,3,20,0.00025,0.1937888377578929,1.385683685541153,0.43971862498437986
n4_d512_r3,4,512,3,21,0.00025,0.18966218852438033,1.3956951200962067,0.3840665000025183
n4_d512_r3,4,512,3,22,0.00025,0.18549299659207463,1.409103274345398,0.3840640419512056
n4_d1024_r3,4,1024,3,1,0.001,0.9814076605252922,0.8750215917825699,0.42829170904587954
n4_d1024_r3,4,1024,3,2,0.001,0.7095612245611846,0.887870579957962,0.4224891250487417
n4_d1024_r3,4,1024,3,3,0.001,0.5556001339573413,0.9394384622573853,0.42570841702399775
n4_d1024_r3,4,1024,3,4,0.001,0.4000587051268667,1.0339620262384415,0.42553895903984085
n4_d1024_r3,4,1024,3,5,0.001,0.25848163943737745,1.127023607492447,0.453854291990865
n4_d1024_r3,4,1024,3,6,0.001,0.15895258105592802,1.1675925552845001,0.4041592080029659
n4_d1024_r3,4,1024,3,7,0.001,0.09692296333378181,1.209782898426056,0.39436854200903326
n4_d1024_r3,4,1024,3,8,0.001,0.060746085771825165,1.2321103513240814,0.4250699589611031
n4_d1024_r3,4,1024,3,9,0.001,0.04096565110376105,1.2316262125968933,0.41909291699994355
n4_d1024_r3,4,1024,3,10,0.0005,0.021801423237775452,1.239546149969101,0.40121725003700703
n4_d1024_r3,4,1024,3,11,0.0005,0.00786273947232985,1.2423866987228394,0.4035063339979388
n4_d1024_r3,4,1024,3,12,0.0005,0.004098855233678478,1.2467648088932037,0.44360425003105775
n4_d1024_r3,4,1024,3,13,0.0005,0.0024830766533341375,1.2523147463798523,0.42301241698442027
n4_d1024_r3,4,1024,3,14,0.0005,0.0015972583096299786,1.256404548883438,0.4260862920200452
n4_d1024_r3,4,1024,3,15,0.0005,0.0010995674410878564,1.2591637969017029,0.41957412497140467
n4_d1024_r3,4,1024,3,16,0.0005,0.0007589007491333177,1.2603206038475037,0.43421008298173547
n4_d1024_r3,4,1024,3,17,0.0005,0.0005667095160788449,1.2620597779750824,0.42716216697590426
n4_d1024_r3,4,1024,3,18,0.00025,0.00036769148016446707,1.2621268332004547,0.44119670800864697
n4_d1024_r3,4,1024,3,19,0.00025,0.00019692165096785175,1.2623979151248932,0.4247217910015024
n4_d1024_r3,4,1024,3,20,0.00025,0.00014866140475078282,1.2631040215492249,0.41417204099707305
n4_d1024_r3,4,1024,3,21,0.00025,0.00012369001161971482,1.263332486152649,0.47064991702791303
n4_d2048_r3,4,2048,3,1,0.001,0.9836953445337713,0.8824508339166641,0.5579080830211751
n4_d2048_r3,4,2048,3,2,0.001,0.5892181843519211,0.9215281456708908,0.6080965829896741
n4_d2048_r3,4,2048,3,3,0.001,0.26141456176992506,1.0155790597200394,0.5944933749851771
n4_d2048_r3,4,2048,3,4,0.001,0.10446213203249499,0.9906261414289474,0.6295217500301078
n4_d2048_r3,4,2048,3,5,0.001,0.06417105416767299,0.9970031231641769,0.6086162499850616
n4_d2048_r3,4,2048,3,6,0.001,0.051491242862539366,0.9798665940761566,0.6112981669721194
n4_d2048_r3,4,2048,3,7,0.001,0.04513696813955903,0.9802308976650238,0.6213606670498848
n4_d2048_r3,4,2048,3,8,0.001,0.040382051389315166,0.9725803434848785,0.5768914999789558
n4_d2048_r3,4,2048,3,9,0.001,0.037461006359080784,0.9772515296936035,0.6239873340236954
n4_d2048_r3,4,2048,3,10,0.0005,0.0302059167297557,0.9569651484489441,0.610714333015494
n4_d2048_r3,4,2048,3,11,0.0005,0.004579430777084781,0.9604131877422333,0.6012176249641925
n4_d2048_r3,4,2048,3,12,0.0005,0.0010360294941165193,0.958096519112587,0.6005029170191847
n4_d2048_r3,4,2048,3,13,0.0005,0.00029050845409983594,0.9597813636064529,0.6192635420011356
n4_d2048_r3,4,2048,3,14,0.0005,0.0001012615936133443,0.9595699161291122,0.6384508750052191
n4_d2048_r3,4,2048,3,15,0.0005,4.6484918456712876e-05,0.9597751200199127,0.5773176660295576
n4_d2048_r3,4,2048,3,16,0.0005,2.9466552177837002e-05,0.9596875756978989,0.6149659169605002
n4_d2048_r3,4,2048,3,17,0.0005,2.6125636054530332e-05,0.959697812795639,0.6199027909897268
n4_d2048_r3,4,2048,3,18,0.00025,2.7762628249661248e-05,0.9598147571086884,0.6154881250113249
n4_d2048_r3,4,2048,3,19,0.00025,5.229754776792106e-06,0.9597436338663101,0.5983624589862302
n4_d2048_r3,4,2048,3,20,0.00025,1.7226570698802846e-06,0.95979243516922,0.6043106660363264
n4_d2048_r3,4,2048,3,21,0.00025,7.052462707157758e-07,0.9597543776035309,0.6251000830088742
n4_d4096_r3,4,4096,3,1,0.001,0.9968412793241441,0.9287539422512054,0.954455750004854
n4_d4096_r3,4,4096,3,2,0.001,0.7091553648933768,0.9422899186611176,0.8553490830236115
n4_d4096_r3,4,4096,3,3,0.001,0.4326314744539559,0.9737038016319275,1.0493476249976084
n4_d4096_r3,4,4096,3,4,0.001,0.22376357356552035,0.9866047203540802,1.1254144160193391
n4_d4096_r3,4,4096,3,5,0.001,0.11460419173818082,0.9646047353744507,0.8849259169655852
n4_d4096_r3,4,4096,3,6,0.001,0.06807101765298285,0.9629803895950317,1.012976708007045
n4_d4096_r3,4,4096,3,7,0.001,0.04401883621176239,0.9477695673704147,1.1076481670024805
n4_d4096_r3,4,4096,3,8,0.001,0.0316260926774703,0.954168438911438,1.1750536669860594
n4_d4096_r3,4,4096,3,9,0.001,0.025305944072897546,0.9409467428922653,0.9806797080091201
n4_d4096_r3,4,4096,3,10,0.0005,0.02020518889912637,0.9403979629278183,1.045572875009384
n4_d4096_r3,4,4096,3,11,0.0005,0.006092180372434086,0.9385019391775131,0.9424564589862712
n4_d4096_r3,4,4096,3,12,0.0005,0.0038547921462850354,0.9392386078834534,1.0341363750048913
n4_d4096_r3,4,4096,3,13,0.0005,0.003398425815248629,0.9384984821081161,0.8120450410060585
n4_d4096_r3,4,4096,3,14,0.0005,0.003268768658017507,0.9384700208902359,1.0595802500029095
n4_d4096_r3,4,4096,3,15,0.0005,0.003268962495667438,0.9382861852645874,1.0734774169977754
n4_d4096_r3,4,4096,3,16,0.0005,0.003327867081225122,0.9384313076734543,1.0159915409749374
n4_d4096_r3,4,4096,3,17,0.0005,0.003366140721936972,0.9379584491252899,0.8550210410030559
n4_d4096_r3,4,4096,3,18,0.00025,0.00347998496317814,0.9385450780391693,0.952942207979504
n4_d4096_r3,4,4096,3,19,0.00025,0.0030959038174387388,0.9380352050065994,1.0115527500165626
n4_d4096_r3,4,4096,3,20,0.00025,0.003046195951583286,0.9382299184799194,0.9242626249906607
n4_d4096_r3,4,4096,3,21,0.00025,0.0030410974459016415,0.9380228072404861,0.9813436670228839
n4_d64_r4,4,64,4,1,0.001,1.0184416677802801,0.9614874124526978,0.3397812910261564
n4_d64_r4,4,64,4,2,0.001,0.879765463527292,0.8973097503185272,0.3353230419452302
n4_d64_r4,4,64,4,3,0.001,0.8420269335620105,0.8773866891860962,0.33351929200580344
n4_d64_r4,4,64,4,4,0.001,0.828497857786715,0.869803249835968,0.32919958303682506
n4_d64_r4,4,64,4,5,0.001,0.8209960144013166,0.8649071902036667,0.3350134579814039
n4_d64_r4,4,64,4,6,0.001,0.8153371522203088,0.8607887327671051,0.3303313330397941
n4_d64_r4,4,64,4,7,0.001,0.8109165644273162,0.8578689098358154,0.32837025000480935
n4_d64_r4,4,64,4,8,0.001,0.807357233017683,0.8557880967855453,0.33020270901033655
n4_d64_r4,4,64,4,9,0.001,0.8046914730221033,0.8541624993085861,0.3766400829772465
n4_d64_r4,4,64,4,10,0.001,0.8023706953972578,0.8531400412321091,0.3305722500081174
n4_d64_r4,4,64,4,11,0.001,0.8007698799483478,0.8512479066848755,0.3353575840010308
n4_d64_r4,4,64,4,12,0.001,0.7992359693162143,0.8504930436611176,0.3292604580055922
n4_d64_r4,4,64,4,13,0.001,0.7980801202356815,0.8492982238531113,0.32769700000062585
n4_d64_r4,4,64,4,14,0.001,0.7971872794441879,0.8496236652135849,0.33000883302884176
n4_d64_r4,4,64,4,15,0.001,0.7964769178070128,0.8492557406425476,0.33050737500889227
n4_d64_r4,4,64,4,16,0.001,0.7955891415476799,0.8494870215654373,0.37063491699518636
n4_d64_r4,4,64,4,17,0.001,0.7950327438302338,0.8490530997514725,0.33808404102455825
n4_d64_r4,4,64,4,18,0.001,0.7945787236094475,0.8480141162872314,0.33244004199514166
n4_d64_r4,4,64,4,19,0.001,0.7942791939713061,0.8481053411960602,0.330472041037865
n4_d64_r4,4,64,4,20,0.001,0.7937290854752064,0.8490030914545059,0.32971749996067956
n4_d64_r4,4,64,4,21,0.001,0.7935635270550847,0.8480290919542313,0.3289604589808732
n4_d64_r4,4,64,4,22,0.001,0.792914133053273,0.848326101899147,0.32985995803028345
n4_d64_r4,4,64,4,23,0.001,0.7928530587814748,0.8484930694103241,0.33427416696213186
n4_d64_r4,4,64,4,24,0.001,0.7923000268638134,0.8484135121107101,0.378609916951973
n4_d64_r4,4,64,4,25,0.001,0.7922879294492304,0.8484983295202255,0.3263287500012666
n4_d64_r4,4,64,4,26,0.001,0.791999694891274,0.8479750007390976,0.32965970801888034
n4_d64_r4,4,64,4,27,0.001,0.791709940880537,0.8485011011362076,0.3285037499736063
n4_d64_r4,4,64,4,28,0.001,0.7916640797629952,0.8476456105709076,0.32817129197064787
n4_d64_r4,4,64,4,29,0.001,0.7914816667325795,0.8482920974493027,0.3306184170069173
n4_d64_r4,4,64,4,30,0.001,0.7911824444308877,0.8480042517185211,0.33018937503220513
n4_d64_r4,4,64,4,31,0.001,0.7910502734594047,0.8483545631170273,0.3288703340222128
n4_d64_r4,4,64,4,32,0.001,0.7908679284155369,0.847618505358696,0.37690841703442857
n4_d64_r4,4,64,4,33,0.001,0.7906303908675909,0.8485337942838669,0.3269552499987185
n4_d64_r4,4,64,4,34,0.001,0.7904214668087661,0.8488717824220657,0.3305138750001788
n4_d64_r4,4,64,4,35,0.001,0.79049415839836,0.8485570698976517,0.3286869169678539
n4_d64_r4,4,64,4,36,0.001,0.7902591186575592,0.8486339002847672,0.3309289169847034
n4_d64_r4,4,64,4,37,0.001,0.7901497730053961,0.8484755307435989,0.3287422920111567
n4_d64_r4,4,64,4,38,0.001,0.7900368524715304,0.8484025448560715,0.33104120899224654
n4_d64_r4,4,64,4,39,0.001,0.7898924699984491,0.8479864746332169,0.32774675003020093
n4_d64_r4,4,64,4,40,0.001,0.7899556695483625,0.847685769200325,0.37533733301097527
n4_d64_r4,4,64,4,41,0.0005,0.7886021267622709,0.8482002764940262,0.3269867500057444
n4_d64_r4,4,64,4,42,0.0005,0.7883674134500325,0.8480041325092316,0.33186229201965034
n4_d64_r4,4,64,4,43,0.0005,0.7883927570655942,0.84800586104393,0.32965783297549933
n4_d64_r4,4,64,4,44,0.0005,0.7883793916553259,0.8481715470552444,0.32756525004515424
n4_d64_r4,4,64,4,45,0.0005,0.7882321225479245,0.848168209195137,0.327929541002959
n4_d64_r4,4,64,4,46,0.0005,0.7881750976666808,0.8486448377370834,0.32717200001934543
n4_d64_r4,4,64,4,47,0.0005,0.788174613378942,0.8484963476657867,0.32945870800176635
n4_d64_r4,4,64,4,48,0.0005,0.7880769716575742,0.8488882035017014,0.38251508300891146
n4_d64_r4,4,64,4,49,0.00025,0.7873917678371072,0.8485056310892105,0.3280642500030808
n4_d64_r4,4,64,4,50,0.00025,0.7873999276198447,0.8485013544559479,0.32540583302034065
n4_d64_r4,4,64,4,51,0.00025,0.787385385017842,0.8484229147434235,0.3289262500475161
n4_d64_r4,4,64,4,52,0.00025,0.7872925107367337,0.8485565036535263,0.32776441698661074
n4_d128_r4,4,128,4,1,0.001,1.0173956537619233,0.9735672622919083,0.3366522080032155
n4_d128_r4,4,128,4,2,0.001,0.8691414133645594,0.9053773880004883,0.33951966697350144
n4_d128_r4,4,128,4,3,0.001,0.8310073185712099,0.8889274150133133,0.39128020900534466
n4_d128_r4,4,128,4,4,0.001,0.8158423816785216,0.8827201724052429,0.3357274580048397
n4_d128_r4,4,128,4,5,0.001,0.8071042322553694,0.8779619485139847,0.33449229097459465
n4_d128_r4,4,128,4,6,0.001,0.8006404000334442,0.874519944190979,0.3362659169943072
n4_d128_r4,4,128,4,7,0.001,0.7956705130636692,0.8726009428501129,0.33833320904523134
n4_d128_r4,4,128,4,8,0.001,0.7915754509158432,0.8711313158273697,0.33596012502675876
n4_d128_r4,4,128,4,9,0.001,0.7877337052486837,0.8717553615570068,0.3436252920073457
n4_d128_r4,4,128,4,10,0.001,0.7854129197075963,0.8713529407978058,0.3380824169726111
n4_d128_r4,4,128,4,11,0.001,0.7824212587438524,0.8716041594743729,0.3866104580229148
n4_d128_r4,4,128,4,12,0.001,0.7798908795230091,0.8718981146812439,0.33554200001526624
n4_d128_r4,4,128,4,13,0.001,0.7779469820670784,0.873235285282135,0.33410008397186175
n4_d128_r4,4,128,4,14,0.001,0.7760690143331885,0.8736685514450073,0.33393054199405015
n4_d128_r4,4,128,4,15,0.001,0.7738460781984031,0.8751996755599976,0.34385025000665337
n4_d128_r4,4,128,4,16,0.001,0.7722002621740103,0.8770871460437775,0.33557445800397545
n4_d128_r4,4,128,4,17,0.0005,0.7677702172659338,0.8765912055969238,0.3358814580133185
n4_d128_r4,4,128,4,18,0.0005,0.766513685695827,0.8776606172323227,0.337019375001546
n4_d128_r4,4,128,4,19,0.0005,0.7657908471301198,0.8784768134355545,0.3812985839904286
n4_d128_r4,4,128,4,20,0.0005,0.7649302468635142,0.879238098859787,0.3350436660111882
n4_d128_r4,4,128,4,21,0.0005,0.7641223203390837,0.8804906159639359,0.341585083049722
n4_d128_r4,4,128,4,22,0.0005,0.7634128467179835,0.8814841359853745,0.3367271249881014
n4_d128_r4,4,128,4,23,0.0005,0.7624315745197237,0.8814767152070999,0.3368095000041649
n4_d128_r4,4,128,4,24,0.0005,0.7620012708939612,0.8827328085899353,0.3353743749903515
n4_d128_r4,4,128,4,25,0.00025,0.759350682143122,0.883152186870575,0.3348041670396924
n4_d128_r4,4,128,4,26,0.00025,0.7590199541300535,0.8838619291782379,0.3818815829581581
n4_d128_r4,4,128,4,27,0.00025,0.7586375777609646,0.8844203352928162,0.3458078749827109
n4_d128_r4,4,128,4,28,0.00025,0.7582997209392488,0.8852172493934631,0.3355088750249706
n4_d256_r4,4,256,4,1,0.001,0.9729496487416327,0.9198932200670242,0.34045675001107156
n4_d256_r4,4,256,4,2,0.001,0.8323849365115166,0.8858463615179062,0.3400745000108145
n4_d256_r4,4,256,4,3,0.001,0.8015870475210249,0.8771421313285828,0.337312292016577
n4_d256_r4,4,256,4,4,0.001,0.7839912078343332,0.8736135959625244,0.3379416670068167
n4_d256_r4,4,256,4,5,0.001,0.7693749056197703,0.8752229064702988,0.34532366698840633
n4_d256_r4,4,256,4,6,0.001,0.7578278225846589,0.8752270340919495,0.40101554099237546
n4_d256_r4,4,256,4,7,0.001,0.7463917979039252,0.8787392824888229,0.34537258301861584
n4_d256_r4,4,256,4,8,0.001,0.7351437848992646,0.8866594582796097,0.3379463329911232
n4_d256_r4,4,256,4,9,0.001,0.7237988407723606,0.8916218876838684,0.3385887090116739
n4_d256_r4,4,256,4,10,0.001,0.7132305256091058,0.9029761701822281,0.3399670420330949
n4_d256_r4,4,256,4,11,0.001,0.7016897830180824,0.9085671454668045,0.3488151250057854
n4_d256_r4,4,256,4,12,0.001,0.6930849589407444,0.921580120921135,0.341552458005026
n4_d256_r4,4,256,4,13,0.0005,0.6725093834102154,0.9288848787546158,0.3382754169870168
n4_d256_r4,4,256,4,14,0.0005,0.6654833452776074,0.9338417053222656,0.3892714580288157
n4_d256_r4,4,256,4,15,0.0005,0.6605379609391093,0.939349040389061,0.3384719170280732
n4_d256_r4,4,256,4,16,0.0005,0.6561938566155732,0.9458229839801788,0.33898658299585804
n4_d256_r4,4,256,4,17,0.0005,0.6512165286112577,0.9519471824169159,0.34572612500051036
n4_d256_r4,4,256,4,18,0.0005,0.6475175935775042,0.9615248292684555,0.3407495000283234
n4_d256_r4,4,256,4,19,0.0005,0.6430728225968778,0.9688366204500198,0.33945616701385006
n4_d256_r4,4,256,4,20,0.0005,0.6386625948362052,0.9730761349201202,0.3394354170304723
n4_d256_r4,4,256,4,21,0.00025,0.6286988537758589,0.9749437421560287,0.38366900000255555
n4_d256_r4,4,256,4,22,0.00025,0.626189244678244,0.9784692376852036,0.3483566250069998
n4_d256_r4,4,256,4,23,0.00025,0.6240882431156933,0.9815558195114136,0.34794108296046034
n4_d256_r4,4,256,4,24,0.00025,0.622584312222898,0.9845433086156845,0.33858729200437665
n4_d512_r4,4,512,4,1,0.001,0.983794110827148,0.9663686454296112,0.4178474159562029
n4_d512_r4,4,512,4,2,0.001,0.8214542446658015,0.9032306522130966,0.42579037498217076
n4_d512_r4,4,512,4,3,0.001,0.7450725780799985,0.9115701615810394,0.41821562498807907
n4_d512_r4,4,512,4,4,0.001,0.6922698728740215,0.9292196184396744,0.41745591699145734
n4_d512_r4,4,512,4,5,0.001,0.641306156758219,0.958663284778595,0.43334208300802857
n4_d512_r4,4,512,4,6,0.001,0.5899969036690891,1.0021201074123383,0.4244860829785466
n4_d512_r4,4,512,4,7,0.001,0.5406724191270769,1.0453205704689026,0.4206505420152098
n4_d512_r4,4,512,4,8,0.001,0.493235276080668,1.0867142975330353,0.38469512498704717
n4_d512_r4,4,512,4,9,0.001,0.4499808014370501,1.1321813762187958,0.40166320896241814
n4_d512_r4,4,512,4,10,0.001,0.4092912084888667,1.1785345077514648,0.4063961660140194
n4_d512_r4,4,512,4,11,0.0005,0.3450933895073831,1.2185653150081635,0.40701770799933
n4_d512_r4,4,512,4,12,0.0005,0.3206590001937002,1.2460658252239227,0.41211091697914526
n4_d512_r4,4,512,4,13,0.0005,0.30410491046495736,1.2780311703681946,0.4380432500038296
n4_d512_r4,4,512,4,14,0.0005,0.2903567326720804,1.2908563017845154,0.4082238750415854
n4_d512_r4,4,512,4,15,0.0005,0.27681162499357015,1.3292706310749054,0.4175839170347899
n4_d512_r4,4,512,4,16,0.0005,0.2650388281326741,1.3454005718231201,0.4277227080310695
n4_d512_r4,4,512,4,17,0.0005,0.25407006964087486,1.3606384992599487,0.40697116596857086
n4_d512_r4,4,512,4,18,0.0005,0.24420443829149008,1.3863118290901184,0.4168891250155866
n4_d512_r4,4,512,4,19,0.00025,0.21935080119874328,1.407600611448288,0.39488437498221174
n4_d512_r4,4,512,4,20,0.00025,0.2123027843190357,1.4188507795333862,0.40208354097558185
n4_d512_r4,4,512,4,21,0.00025,0.20782777480781078,1.4368164539337158,0.4452935000299476
n4_d512_r4,4,512,4,22,0.00025,0.20337730878964067,1.4448220133781433,0.42123308399459347
n4_d1024_r4,4,1024,4,1,0.001,0.9882096312940121,0.9604216068983078,0.42835979198571295
n4_d1024_r4,4,1024,4,2,0.001,0.7130736471153796,0.9602368772029877,0.4331187499919906
n4_d1024_r4,4,1024,4,3,0.001,0.5488739027641714,1.0212241113185883,0.4321305829798803
n4_d1024_r4,4,1024,4,4,0.001,0.39120397833175957,1.100467175245285,0.4341912080417387
n4_d1024_r4,4,1024,4,5,0.001,0.26204307191073895,1.1851385235786438,0.4149876249721274
n4_d1024_r4,4,1024,4,6,0.001,0.16677462524967268,1.2292698323726654,0.4804627080447972
n4_d1024_r4,4,1024,4,7,0.001,0.10908956563798711,1.2837903499603271,0.4155354999820702
n4_d1024_r4,4,1024,4,8,0.001,0.07243382526212372,1.3027847707271576,0.4323046659701504
n4_d1024_r4,4,1024,4,9,0.001,0.05330486092134379,1.3077031970024109,0.430840042012278
n4_d1024_r4,4,1024,4,10,0.001,0.043553279945626855,1.3101238310337067,0.4377345420070924
n4_d1024_r4,4,1024,4,11,0.0005,0.03004171075008344,1.3045453131198883,0.43960020801750943
n4_d1024_r4,4,1024,4,12,0.0005,0.010061445795145119,1.3115788698196411,0.4209228749969043
n4_d1024_r4,4,1024,4,13,0.0005,0.005249737201665994,1.3149814903736115,0.4360512500279583
n4_d1024_r4,4,1024,4,14,0.0005,0.00341417678828293,1.3179733753204346,0.4568329169997014
n4_d1024_r4,4,1024,4,15,0.0005,0.002413729718682589,1.3208549320697784,0.41935870895395055
n4_d1024_r4,4,1024,4,16,0.0005,0.0018429150400152139,1.3242195546627045,0.4261082500452176
n4_d1024_r4,4,1024,4,17,0.0005,0.0014842559749013162,1.3275234699249268,0.422201833978761
n4_d1024_r4,4,1024,4,18,0.0005,0.0012731387819258089,1.3283470273017883,0.4186806249781512
n4_d1024_r4,4,1024,4,19,0.00025,0.001043092517875266,1.3288737535476685,0.43530908395769075
n4_d1024_r4,4,1024,4,20,0.00025,0.0007306995584599463,1.329799085855484,0.4288390830042772
n4_d1024_r4,4,1024,4,21,0.00025,0.0006427793776424551,1.3303749859333038,0.4224320410285145
n4_d1024_r4,4,1024,4,22,0.00025,0.0005938509734164654,1.3309434950351715,0.47669637500075623
n4_d2048_r4,4,2048,4,1,0.001,0.9765254841186106,0.9722693264484406,0.5738078750437126
n4_d2048_r4,4,2048,4,2,0.001,0.5779084607493132,1.0033824443817139,0.6054310830077156
n4_d2048_r4,4,2048,4,3,0.001,0.2521380976540968,1.0855257511138916,0.6105895829969086
n4_d2048_r4,4,2048,4,4,0.001,0.10775580024346709,1.0844139158725739,0.6265362910344265
n4_d2048_r4,4,2048,4,5,0.001,0.07254010104225017,1.09004744887352,0.6669982920284383
n4_d2048_r4,4,2048,4,6,0.001,0.061857458407757804,1.0763286650180817,0.6355260419659317
n4_d2048_r4,4,2048,4,7,0.001,0.05324378018849529,1.0720370709896088,0.6198348329635337
n4_d2048_r4,4,2048,4,8,0.001,0.0446199932921445,1.0489663779735565,0.615419625013601
n4_d2048_r4,4,2048,4,9,0.001,0.03991877088265028,1.057665079832077,0.6168067080434412
n4_d2048_r4,4,2048,4,10,0.0005,0.03139151679351926,1.0382523238658905,0.6009372919797897
n4_d2048_r4,4,2048,4,11,0.0005,0.004760748455737485,1.041152834892273,0.6098190000047907
n4_d2048_r4,4,2048,4,12,0.0005,0.0011295597159914905,1.0404093265533447,0.6094892080291174
n4_d2048_r4,4,2048,4,13,0.0005,0.00034043147627471626,1.0410587191581726,0.6100540000479668
n4_d2048_r4,4,2048,4,14,0.0005,0.0001413215597949602,1.0409497320652008,0.6074730419786647
n4_d2048_r4,4,2048,4,15,0.0005,7.752721182896494e-05,1.0410869419574738,0.5959757910459302
n4_d2048_r4,4,2048,4,16,0.0005,5.539906227625124e-05,1.0411834418773651,0.6150962079991587
n4_d2048_r4,4,2048,4,17,0.0005,5.350172078522064e-05,1.0411967039108276,0.5990986250108108
n4_d2048_r4,4,2048,4,18,0.00025,6.352459237746189e-05,1.0411860942840576,0.6163551249774173
n4_d2048_r4,4,2048,4,19,0.00025,1.7016534787472892e-05,1.041227549314499,0.6245365840150043
n4_d2048_r4,4,2048,4,20,0.00025,9.330449284306042e-06,1.0412296950817108,0.6294024590170011
n4_d2048_r4,4,2048,4,21,0.00025,6.747454498690075e-06,1.0412364602088928,0.6028157499968074
n4_d4096_r4,4,4096,4,1,0.001,1.0009251311421394,1.0246440470218658,0.9098160419962369
n4_d4096_r4,4,4096,4,2,0.001,0.7826488884165883,0.9970902055501938,0.9001944159972481
n4_d4096_r4,4,4096,4,3,0.001,0.4412778220139444,0.997451439499855,1.1085437909932807
n4_d4096_r4,4,4096,4,4,0.001,0.18628550122957677,1.0468063354492188,0.9007712089805864
n4_d4096_r4,4,4096,4,5,0.001,0.10064044815953821,1.0449228584766388,1.1650283330236562
n4_d4096_r4,4,4096,4,6,0.001,0.0669419790210668,1.0265196412801743,0.9502641250146553
n4_d4096_r4,4,4096,4,7,0.001,0.04587694912333973,1.0178104043006897,1.1236384169897065
n4_d4096_r4,4,4096,4,8,0.001,0.03391846998420078,1.0196539014577866,0.7538626250461675
n4_d4096_r4,4,4096,4,9,0.001,0.027709191301255487,1.0149473696947098,0.8196638749795966
n4_d4096_r4,4,4096,4,10,0.001,0.02467728019109927,1.0111574530601501,1.08679020794807
n4_d4096_r4,4,4096,4,11,0.0005,0.02034836934035411,1.0030540227890015,1.1485325410030782
n4_d4096_r4,4,4096,4,12,0.0005,0.004034311875329877,1.0026442855596542,1.1467458329861984
n4_d4096_r4,4,4096,4,13,0.0005,0.001919531626981552,1.0024508833885193,0.8985549170174636
n4_d4096_r4,4,4096,4,14,0.0005,0.001488781661350913,1.002623587846756,0.9422875000163913
n4_d4096_r4,4,4096,4,15,0.0005,0.0013828142869840576,1.002885028719902,1.1758178330492228
n4_d4096_r4,4,4096,4,16,0.0005,0.0013978737621300752,1.0032245963811874,1.0096689579659142
n4_d4096_r4,4,4096,4,17,0.0005,0.0014340939190446989,1.0027443766593933,0.9192851660191081
n4_d4096_r4,4,4096,4,18,0.0005,0.0015331364156736527,1.0026723891496658,0.8491679999860935
n4_d4096_r4,4,4096,4,19,0.00025,0.0016401945991901812,1.0024894028902054,0.7605253329966217
n4_d4096_r4,4,4096,4,20,0.00025,0.0012805207361026305,1.0026991218328476,1.0295297499978915
n4_d4096_r4,4,4096,4,21,0.00025,0.0012385910538661449,1.002563789486885,1.0925121670006774
n4_d4096_r4,4,4096,4,22,0.00025,0.001230198508208602,1.0026840716600418,1.2347157909534872
n4_d64_r5,4,64,5,1,0.001,1.0881774201989174,0.9531426131725311,0.3365322499885224
n4_d64_r5,4,64,5,2,0.001,0.910893299151212,0.878575786948204,0.3277549169724807
n4_d64_r5,4,64,5,3,0.001,0.8632828174158931,0.8483262360095978,0.3321686669951305
n4_d64_r5,4,64,5,4,0.001,0.844441688619554,0.8367428332567215,0.32643245899816975
n4_d64_r5,4,64,5,5,0.001,0.835154383443296,0.8305597752332687,0.33386912499554455
n4_d64_r5,4,64,5,6,0.001,0.8287065718322992,0.8257213830947876,0.331172542006243
n4_d64_r5,4,64,5,7,0.001,0.8236709116026759,0.8219389021396637,0.33379108301596716
n4_d64_r5,4,64,5,8,0.001,0.8199872430413961,0.8195837438106537,0.3284119589952752
n4_d64_r5,4,64,5,9,0.001,0.816859517712146,0.8175364434719086,0.3808393750223331
n4_d64_r5,4,64,5,10,0.001,0.8144008852541447,0.8157124221324921,0.3292821670183912
n4_d64_r5,4,64,5,11,0.001,0.812352089677006,0.8149827271699905,0.3348257080069743
n4_d64_r5,4,64,5,12,0.001,0.8108668066561222,0.8136443495750427,0.33040379197336733
n4_d64_r5,4,64,5,13,0.001,0.8095143954269588,0.8140444606542587,0.3297709579928778
n4_d64_r5,4,64,5,14,0.001,0.8087327131070197,0.8127237260341644,0.3293591249966994
n4_d64_r5,4,64,5,15,0.001,0.8078729403205216,0.8120802193880081,0.3307307500508614
n4_d64_r5,4,64,5,16,0.001,0.8073354605585337,0.8128897249698639,0.37159929098561406
n4_d64_r5,4,64,5,17,0.001,0.8065755479037762,0.8126550912857056,0.3340278749819845
n4_d64_r5,4,64,5,18,0.001,0.8061871593818069,0.8121622204780579,0.32902529201237485
n4_d64_r5,4,64,5,19,0.001,0.8058692910708487,0.8125729709863663,0.33228483400307596
n4_d64_r5,4,64,5,20,0.001,0.8052086164243519,0.811606839299202,0.3303222079994157
n4_d64_r5,4,64,5,21,0.001,0.8049903027713299,0.8119479715824127,0.3287879579584114
n4_d64_r5,4,64,5,22,0.001,0.8049054290167987,0.8129139691591263,0.3284620000049472
n4_d64_r5,4,64,5,23,0.001,0.8043457227759063,0.8132810145616531,0.3328970830189064
n4_d64_r5,4,64,5,24,0.001,0.8041304019279778,0.8120529651641846,0.37906516599468887
n4_d64_r5,4,64,5,25,0.001,0.8039677888154984,0.8129689991474152,0.32887333299731836
n4_d64_r5,4,64,5,26,0.001,0.8036189530976117,0.8128169476985931,0.3282639579847455
n4_d64_r5,4,64,5,27,0.001,0.8032836546190083,0.8135706633329391,0.329454833001364
n4_d64_r5,4,64,5,28,0.001,0.8031271588988602,0.8125095516443253,0.3327783330460079
n4_d64_r5,4,64,5,29,0.0005,0.801920120138675,0.8129639625549316,0.3268757499754429
n4_d64_r5,4,64,5,30,0.0005,0.8016134663484991,0.8130054771900177,0.3669825419783592
n4_d64_r5,4,64,5,31,0.0005,0.8014927315525711,0.8130695670843124,0.35516616696259007
n4_d64_r5,4,64,5,32,0.0005,0.8013521190732718,0.8130122572183609,0.4659314160235226
n4_d64_r5,4,64,5,33,0.0005,0.8011545543558896,0.8131653368473053,0.48179020901443437
n4_d64_r5,4,64,5,34,0.0005,0.8010752219706774,0.8137789964675903,0.4492833749973215
n4_d64_r5,4,64,5,35,0.0005,0.8009405788034201,0.8137094974517822,0.37786470795981586
n4_d64_r5,4,64,5,36,0.0005,0.8007723810151219,0.8134266287088394,0.3393410419812426
n4_d64_r5,4,64,5,37,0.00025,0.8000199329108,0.813622921705246,0.33445324999047443
n4_d64_r5,4,64,5,38,0.00025,0.7999417809769511,0.8137442469596863,0.33206362498458475
n4_d64_r5,4,64,5,39,0.00025,0.7998490268364549,0.8139247745275497,0.3291130419820547
n4_d64_r5,4,64,5,40,0.00025,0.7997823730111122,0.8135857433080673,0.37517625000327826
n4_d128_r5,4,128,5,1,0.001,0.9831159608438611,0.8860485702753067,0.3437645829981193
n4_d128_r5,4,128,5,2,0.001,0.8608386036939919,0.8545970767736435,0.3355335000087507
n4_d128_r5,4,128,5,3,0.001,0.8371133506298065,0.843311682343483,0.33802370802732185
n4_d128_r5,4,128,5,4,0.001,0.8250338714569807,0.8380565643310547,0.3410178340272978
n4_d128_r5,4,128,5,5,0.001,0.816073645837605,0.8337618857622147,0.3333240000065416
n4_d128_r5,4,128,5,6,0.001,0.8097375137731433,0.8313233405351639,0.33535662497160956
n4_d128_r5,4,128,5,7,0.001,0.8044972904026508,0.8293030709028244,0.38490633299807087
n4_d128_r5,4,128,5,8,0.001,0.8002406302839518,0.8294672071933746,0.3502856249688193
n4_d128_r5,4,128,5,9,0.001,0.7966853445395827,0.8279304802417755,0.3329810829600319
n4_d128_r5,4,128,5,10,0.001,0.7936296528205276,0.8281379640102386,0.3360699159675278
n4_d128_r5,4,128,5,11,0.001,0.790985846426338,0.8287934958934784,0.3382454579696059
n4_d128_r5,4,128,5,12,0.001,0.7885387069545686,0.8294811248779297,0.3396207080222666
n4_d128_r5,4,128,5,13,0.001,0.7863872079178691,0.8283951580524445,0.3425846250029281
n4_d128_r5,4,128,5,14,0.001,0.7844153232872486,0.8313774168491364,0.33625975000904873
n4_d128_r5,4,128,5,15,0.001,0.7823335132561624,0.8315528333187103,0.3828924589906819
n4_d128_r5,4,128,5,16,0.001,0.7808663533069193,0.8337703198194504,0.34193333296570927
n4_d128_r5,4,128,5,17,0.001,0.7789611201733351,0.833551898598671,0.33662383299088106
n4_d128_r5,4,128,5,18,0.0005,0.7742591532878578,0.8346145451068878,0.3380282500293106
n4_d128_r5,4,128,5,19,0.0005,0.7731991242617369,0.835794061422348,0.3399784999783151
n4_d128_r5,4,128,5,20,0.0005,0.772273485083133,0.8366980999708176,0.34180737496353686
n4_d128_r5,4,128,5,21,0.0005,0.7713447255082428,0.8375930190086365,0.3354059170233086
n4_d128_r5,4,128,5,22,0.0005,0.7706785150803626,0.8382970243692398,0.33371029200498015
n4_d128_r5,4,128,5,23,0.0005,0.769788664765656,0.8386289328336716,0.3822726249927655
n4_d128_r5,4,128,5,24,0.0005,0.7690740497782826,0.8396404385566711,0.3438475839793682
n4_d128_r5,4,128,5,25,0.0005,0.7684496464207768,0.840143159031868,0.33973324997350574
n4_d128_r5,4,128,5,26,0.00025,0.7658975734375417,0.8408544212579727,0.33735399995930493
n4_d128_r5,4,128,5,27,0.00025,0.7654672334901989,0.8413664102554321,0.33958116598660126
n4_d128_r5,4,128,5,28,0.00025,0.7651042165234685,0.8419876992702484,0.33514266699785367
n4_d128_r5,4,128,5,29,0.00025,0.7647427604533732,0.8426824808120728,0.33847316598985344
n4_d256_r5,4,256,5,1,0.001,0.9867166941985488,0.8874655663967133,0.3377520829671994
n4_d256_r5,4,256,5,2,0.001,0.8431912939995527,0.8585908710956573,0.39458737504901364
n4_d256_r5,4,256,5,3,0.001,0.8134180400520563,0.8538516759872437,0.3450332499924116
n4_d256_r5,4,256,5,4,0.001,0.7955542923882604,0.8506071269512177,0.33668025000952184
n4_d256_r5,4,256,5,5,0.001,0.7818920346908271,0.8536065816879272,0.34063758299453184
n4_d256_r5,4,256,5,6,0.001,0.7703726743347943,0.857602447271347,0.3411492499872111
n4_d256_r5,4,256,5,7,0.001,0.7598775117658079,0.8617167621850967,0.34218016697559506
n4_d256_r5,4,256,5,8,0.001,0.7501492272131145,0.8670344203710556,0.3377907079993747
n4_d256_r5,4,256,5,9,0.001,0.7399471374228597,0.8733022511005402,0.34446120902430266
n4_d256_r5,4,256,5,10,0.001,0.7299192207865417,0.881814181804657,0.3895560830133036
n4_d256_r5,4,256,5,11,0.001,0.7200075220316648,0.899111270904541,0.3406357500352897
n4_d256_r5,4,256,5,12,0.001,0.7106982991099358,0.9024020731449127,0.33960416697664186
n4_d256_r5,4,256,5,13,0.0005,0.6904426128603518,0.9073021858930588,0.33862816699547693
n4_d256_r5,4,256,5,14,0.0005,0.6843245076015592,0.9128849655389786,0.3393000000505708
n4_d256_r5,4,256,5,15,0.0005,0.6786809139885008,0.9204671531915665,0.3455734580056742
n4_d256_r5,4,256,5,16,0.0005,0.6739535443484783,0.9271374046802521,0.33880624995799735
n4_d256_r5,4,256,5,17,0.0005,0.6695550479926169,0.9318870455026627,0.3863747909781523
n4_d256_r5,4,256,5,18,0.0005,0.6653475631028414,0.9411191493272781,0.3450017499853857
n4_d256_r5,4,256,5,19,0.0005,0.6612044172361493,0.9442606568336487,0.3431600839830935
n4_d256_r5,4,256,5,20,0.0005,0.6575216832570732,0.9508666396141052,0.3403225000365637
n4_d256_r5,4,256,5,21,0.00025,0.6465749596245587,0.9532229602336884,0.3445353329880163
n4_d256_r5,4,256,5,22,0.00025,0.6440468947403133,0.956184059381485,0.3405307090142742
n4_d256_r5,4,256,5,23,0.00025,0.6421522870659828,0.9599404484033585,0.3418913750210777
n4_d256_r5,4,256,5,24,0.00025,0.6403253679163754,0.9628217220306396,0.3381868749856949
n4_d512_r5,4,512,5,1,0.001,0.9887103149667382,0.947219043970108,0.4331014169729315
n4_d512_r5,4,512,5,2,0.001,0.849749400280416,0.8659194558858871,0.39767758297966793
n4_d512_r5,4,512,5,3,0.001,0.7545809312723577,0.8690981268882751,0.42163404199527577
n4_d512_r5,4,512,5,4,0.001,0.6943324008025229,0.8990877419710159,0.4242860420490615
n4_d512_r5,4,512,5,5,0.001,0.6387142208404839,0.9275718629360199,0.4183004170190543
n4_d512_r5,4,512,5,6,0.001,0.584056374616921,0.9600270986557007,0.41333049995591864
n4_d512_r5,4,512,5,7,0.001,0.5299197782296687,1.0058667063713074,0.4241467909887433
n4_d512_r5,4,512,5,8,0.001,0.4827059132512659,1.0574406683444977,0.40420104196527973
n4_d512_r5,4,512,5,9,0.001,0.4387685200199485,1.0884515941143036,0.4388809170341119
n4_d512_r5,4,512,5,10,0.001,0.39994563395157456,1.1113152503967285,0.40050616703229025
n4_d512_r5,4,512,5,11,0.0005,0.33568712091073394,1.1532999873161316,0.42210695799440145
n4_d512_r5,4,512,5,12,0.0005,0.3108312308322638,1.1919043064117432,0.409605749999173
n4_d512_r5,4,512,5,13,0.0005,0.29503853246569633,1.2120712399482727,0.3954206250491552
n4_d512_r5,4,512,5,14,0.0005,0.2807931980350986,1.2341749370098114,0.3780440000118688
n4_d512_r5,4,512,5,15,0.0005,0.2680126406485215,1.2551681995391846,0.4067646250477992
n4_d512_r5,4,512,5,16,0.0005,0.2570891472278163,1.2759478390216827,0.42533095803810284
n4_d512_r5,4,512,5,17,0.0005,0.24692452268209308,1.296138346195221,0.45176333299605176
n4_d512_r5,4,512,5,18,0.0005,0.23731592681724578,1.326636254787445,0.4135048750322312
n4_d512_r5,4,512,5,19,0.00025,0.21250902221072465,1.3355487287044525,0.42538000002969056
n4_d512_r5,4,512,5,20,0.00025,0.20563286100514233,1.3486398756504059,0.4037297919858247
n4_d512_r5,4,512,5,21,0.00025,0.20113189716357738,1.3673759698867798,0.39022954198298976
n4_d512_r5,4,512,5,22,0.00025,0.19738503138069063,1.3701522946357727,0.395668166980613
n4_d1024_r5,4,1024,5,1,0.001,0.9772709030658007,0.8859101235866547,0.442432124982588
n4_d1024_r5,4,1024,5,2,0.001,0.720734047703445,0.8937378227710724,0.4761372500215657
n4_d1024_r5,4,1024,5,3,0.001,0.5468691769056022,0.9741731733083725,0.42780320800375193
n4_d1024_r5,4,1024,5,4,0.001,0.3800209453329444,1.0592750012874603,0.43690324999624863
n4_d1024_r5,4,1024,5,5,0.001,0.2415807053912431,1.1426127254962921,0.42931295797461644
n4_d1024_r5,4,1024,5,6,0.001,0.14783147734124213,1.1957938373088837,0.4296188749722205
n4_d1024_r5,4,1024,5,7,0.001,0.09211361117195338,1.2505520284175873,0.4187325829989277
n4_d1024_r5,4,1024,5,8,0.001,0.062065177131444216,1.257685512304306,0.43201716599287465
n4_d1024_r5,4,1024,5,9,0.001,0.04531060528825037,1.2739802300930023,0.47391395800514147
n4_d1024_r5,4,1024,5,10,0.0005,0.02798220398835838,1.2709285914897919,0.4249070409568958
n4_d1024_r5,4,1024,5,11,0.0005,0.010236809903290123,1.2783247530460358,0.44501887500518933
n4_d1024_r5,4,1024,5,12,0.0005,0.005616612057565362,1.2822622656822205,0.43593870801851153
n4_d1024_r5,4,1024,5,13,0.0005,0.0036774678901565494,1.2865861654281616,0.4353771249880083
n4_d1024_r5,4,1024,5,14,0.0005,0.00262026533982862,1.291643887758255,0.40327875001821667
n4_d1024_r5,4,1024,5,15,0.0005,0.002002866913244361,1.2938157618045807,0.4225055409478955
n4_d1024_r5,4,1024,5,16,0.0005,0.0015880351447776775,1.2976135909557343,0.41306674998486415
n4_d1024_r5,4,1024,5,17,0.0005,0.0013625072697323048,1.3014725744724274,0.43332320800982416
n4_d1024_r5,4,1024,5,18,0.00025,0.0010465929140082153,1.3008596301078796,0.47438000002875924
n4_d1024_r5,4,1024,5,19,0.00025,0.0006796332371550307,1.3015958964824677,0.4311442910111509
n4_d1024_r5,4,1024,5,20,0.00025,0.0005694212085813888,1.3026200532913208,0.4270919170230627
n4_d1024_r5,4,1024,5,21,0.00025,0.0005036889652956233,1.303300678730011,0.42857891699532047
n4_d2048_r5,4,2048,5,1,0.001,0.9853047030046582,0.9089946448802948,0.5853320409660228
n4_d2048_r5,4,2048,5,2,0.001,0.5686023158486933,0.9604092687368393,0.6104987919679843
n4_d2048_r5,4,2048,5,3,0.001,0.2530894096707925,1.044115960597992,0.6106952500413172
n4_d2048_r5,4,2048,5,4,0.001,0.10771238850429654,1.0394956767559052,0.599222041957546
n4_d2048_r5,4,2048,5,5,0.001,0.07161402763449587,1.052009403705597,0.6133584579802118
n4_d2048_r5,4,2048,5,6,0.001,0.0621805424161721,1.0306163728237152,0.5964497500099242
n4_d2048_r5,4,2048,5,7,0.001,0.0542967977526132,1.0251576900482178,0.6603510419954546
n4_d2048_r5,4,2048,5,8,0.001,0.047109406121307984,1.0234781503677368,0.6693814169848338
n4_d2048_r5,4,2048,5,9,0.001,0.04019995806447696,1.0152595192193985,0.6505105840042233
n4_d2048_r5,4,2048,5,10,0.0005,0.03130555547249969,0.999874472618103,0.6527858750196174
n4_d2048_r5,4,2048,5,11,0.0005,0.004617427894118009,1.0021975189447403,0.6341497500543483
n4_d2048_r5,4,2048,5,12,0.0005,0.0010601719550322741,1.0025101453065872,0.6036175409681164
n4_d2048_r5,4,2048,5,13,0.0005,0.0003167826212120417,1.0032121688127518,0.590451458003372
n4_d2048_r5,4,2048,5,14,0.0005,0.00012304965684961644,1.0030248910188675,0.6227503749541938
n4_d2048_r5,4,2048,5,15,0.0005,6.415482157251517e-05,1.0030054301023483,0.6392549590091221
n4_d2048_r5,4,2048,5,16,0.0005,4.298749043130101e-05,1.003286600112915,0.600550333969295
n4_d2048_r5,4,2048,5,17,0.0005,3.7438564277181285e-05,1.0034956634044647,0.6643866669619456
n4_d2048_r5,4,2048,5,18,0.00025,3.8688942922249225e-05,1.0034168660640717,0.6657304999534972
n4_d2048_r5,4,2048,5,19,0.00025,1.1616655161361678e-05,1.0034020990133286,0.6368283329647966
n4_d2048_r5,4,2048,5,20,0.00025,7.480503457113485e-06,1.0034394711256027,0.6207404999877326
n4_d2048_r5,4,2048,5,21,0.00025,6.056726918224342e-06,1.0034229308366776,0.6209570000064559
n4_d4096_r5,4,4096,5,1,0.001,0.9790223073214293,0.9405123144388199,0.9715038330177777
n4_d4096_r5,4,4096,5,2,0.001,0.6660288302227855,0.9671086370944977,0.7586809169733897
n4_d4096_r5,4,4096,5,3,0.001,0.29412935965228826,1.0116299241781235,1.097385375003796
n4_d4096_r5,4,4096,5,4,0.001,0.12272771669086069,1.0171755254268646,1.1939289580332115
n4_d4096_r5,4,4096,5,5,0.001,0.06659710308304057,0.9897090792655945,1.139570791972801
n4_d4096_r5,4,4096,5,6,0.001,0.041220406696083955,0.9681272059679031,0.9121886249631643
n4_d4096_r5,4,4096,5,7,0.001,0.028791976132197306,0.9691596031188965,1.1971104579861276
n4_d4096_r5,4,4096,5,8,0.001,0.023284502560272813,0.9772250056266785,0.9067780420300551
n4_d4096_r5,4,4096,5,9,0.001,0.020827720742090605,0.9695456326007843,0.7633807500242256
n4_d4096_r5,4,4096,5,10,0.0005,0.016688422780134715,0.9614992737770081,1.094799582962878
n4_d4096_r5,4,4096,5,11,0.0005,0.002802194535433955,0.9591805040836334,0.9179564169608057
n4_d4096_r5,4,4096,5,12,0.0005,0.0008338820364315325,0.958063468337059,1.0358935000258498
n4_d4096_r5,4,4096,5,13,0.0005,0.00044264844234476186,0.9593071043491364,1.165941416984424
n4_d4096_r5,4,4096,5,14,0.0005,0.00036885904273731285,0.9587746113538742,0.9232713750097901
n4_d4096_r5,4,4096,5,15,0.0005,0.0004015178611780357,0.9585001766681671,1.143107375013642
n4_d4096_r5,4,4096,5,16,0.0005,0.00048588128430537836,0.959013894200325,1.108802792034112
n4_d4096_r5,4,4096,5,17,0.0005,0.0006269981810191894,0.9582644999027252,0.9930565409595147
n4_d4096_r5,4,4096,5,18,0.00025,0.0007821038569773009,0.958637461066246,1.072146916994825
n4_d4096_r5,4,4096,5,19,0.00025,0.00023031874007983788,0.9581767916679382,1.0405964590026997
n4_d4096_r5,4,4096,5,20,0.00025,0.0001477362175492658,0.9582900702953339,1.0172494580037892
n4_d4096_r5,4,4096,5,21,0.00025,0.00013062215791848075,0.9581479281187057,1.240925749996677
n4_d64_r6,4,64,6,1,0.001,1.1557713020592928,1.0109216570854187,0.3409901660052128
n4_d64_r6,4,64,6,2,0.001,0.9397521410137415,0.9089919775724411,0.3295320419711061
n4_d64_r6,4,64,6,3,0.001,0.8690770142711699,0.8677402436733246,0.32832024997333065
n4_d64_r6,4,64,6,4,0.001,0.8432951527647674,0.8538500815629959,0.3392979589989409
n4_d64_r6,4,64,6,5,0.001,0.8317479901015759,0.8458242416381836,0.32828774995869026
n4_d64_r6,4,64,6,6,0.001,0.8236211179755628,0.8417463898658752,0.32894495798973367
n4_d64_r6,4,64,6,7,0.001,0.8180522006005049,0.8370825201272964,0.3297095830203034
n4_d64_r6,4,64,6,8,0.001,0.8135370840318501,0.8346932679414749,0.3329943749704398
n4_d64_r6,4,64,6,9,0.001,0.8105146139860153,0.8325367420911789,0.37455395801225677
n4_d64_r6,4,64,6,10,0.001,0.8082289113663137,0.8301602452993393,0.3356791249825619
n4_d64_r6,4,64,6,11,0.001,0.8061645771376789,0.8302795141935349,0.33093991596251726
n4_d64_r6,4,64,6,12,0.001,0.8046005549840629,0.82925184071064,0.3309584590024315
n4_d64_r6,4,64,6,13,0.001,0.8035193891264498,0.8280584067106247,0.3317310829879716
n4_d64_r6,4,64,6,14,0.001,0.8027614979073405,0.8271296620368958,0.3291379170259461
n4_d64_r6,4,64,6,15,0.001,0.8019067542627454,0.8274635672569275,0.3288949169800617
n4_d64_r6,4,64,6,16,0.001,0.8013418237678707,0.8267855495214462,0.3788369169924408
n4_d64_r6,4,64,6,17,0.001,0.8005380830727518,0.8262448310852051,0.33379641600186005
n4_d64_r6,4,64,6,18,0.001,0.800114696379751,0.8261500149965286,0.33140887500485405
n4_d64_r6,4,64,6,19,0.001,0.7998352306894958,0.8259392827749252,0.33082150004338473
n4_d64_r6,4,64,6,20,0.001,0.7992581035941839,0.826127290725708,0.32971449999604374
n4_d64_r6,4,64,6,21,0.001,0.7988007399253547,0.8261712044477463,0.32871941599296406
n4_d64_r6,4,64,6,22,0.001,0.798488705419004,0.8262626677751541,0.3316996250068769
n4_d64_r6,4,64,6,23,0.001,0.7980696684680879,0.8257672786712646,0.3320921250269748
n4_d64_r6,4,64,6,24,0.001,0.7976824818179011,0.8258821219205856,0.3802690000156872
n4_d64_r6,4,64,6,25,0.001,0.7974741901271045,0.8260064274072647,0.33168745797593147
n4_d64_r6,4,64,6,26,0.001,0.7971791569143534,0.8262195736169815,0.3295994999934919
n4_d64_r6,4,64,6,27,0.001,0.7970155440270901,0.8269577920436859,0.32966899999883026
n4_d64_r6,4,64,6,28,0.001,0.7969073485583067,0.8261168301105499,0.33312116703018546
n4_d64_r6,4,64,6,29,0.001,0.796453021466732,0.8267434388399124,0.33432579098735005
n4_d64_r6,4,64,6,30,0.001,0.7962329555302858,0.8268046528100967,0.3268917910172604
n4_d64_r6,4,64,6,31,0.001,0.7959276693873107,0.8277877122163773,0.3292424159590155
n4_d64_r6,4,64,6,32,0.0005,0.7947358014062047,0.8275638073682785,0.3788683750317432
n4_d64_r6,4,64,6,33,0.0005,0.7945084618404508,0.8274398148059845,0.32862466596998274
n4_d64_r6,4,64,6,34,0.0005,0.7943851952441037,0.8272987604141235,0.32798604195704684
n4_d64_r6,4,64,6,35,0.0005,0.7943346854299307,0.8270800709724426,0.33102291700197384
n4_d64_r6,4,64,6,36,0.0005,0.794165616389364,0.8278840780258179,0.32820841699140146
n4_d64_r6,4,64,6,37,0.0005,0.7941688694991171,0.8276250660419464,0.3293208749964833
n4_d64_r6,4,64,6,38,0.0005,0.7940190508961678,0.8278904110193253,0.3267021250212565
n4_d64_r6,4,64,6,39,0.0005,0.7938699671067297,0.8283143788576126,0.3259751659934409
n4_d64_r6,4,64,6,40,0.00025,0.7931714849546552,0.8277492821216583,0.3748135829810053
n4_d64_r6,4,64,6,41,0.00025,0.7931004581041634,0.8277332633733749,0.33043349999934435
n4_d64_r6,4,64,6,42,0.00025,0.7930491748265922,0.8278670907020569,0.32990187499672174
n4_d64_r6,4,64,6,43,0.00025,0.7930018338374794,0.8279711753129959,0.33128675003536046
n4_d128_r6,4,128,6,1,0.001,0.9983152523636818,0.9052480161190033,0.33805174997542053
n4_d128_r6,4,128,6,2,0.001,0.862451356370002,0.8570189923048019,0.339553874975536
n4_d128_r6,4,128,6,3,0.001,0.8324416158720851,0.845396414399147,0.3337377079878934
n4_d128_r6,4,128,6,4,0.001,0.819364151917398,0.8394119888544083,0.3793857080163434
n4_d128_r6,4,128,6,5,0.001,0.811106476932764,0.8364312052726746,0.34477291599614546
n4_d128_r6,4,128,6,6,0.001,0.8046969324350357,0.8342587351799011,0.3340665830182843
n4_d128_r6,4,128,6,7,0.001,0.8000821573659778,0.8333002179861069,0.33336074999533594
n4_d128_r6,4,128,6,8,0.001,0.7957805967889726,0.833158478140831,0.3347717919969
n4_d128_r6,4,128,6,9,0.001,0.7924477360211313,0.8335214257240295,0.34174033300951123
n4_d128_r6,4,128,6,10,0.001,0.7895720065571368,0.8351932615041733,0.33512820897158235
n4_d128_r6,4,128,6,11,0.001,0.7867802581749856,0.8345125615596771,0.34096383303403854
n4_d128_r6,4,128,6,12,0.001,0.7845868356525898,0.8360905200242996,0.3819405839894898
n4_d128_r6,4,128,6,13,0.001,0.7823715726844966,0.837239220738411,0.3444656250067055
n4_d128_r6,4,128,6,14,0.001,0.7803518460132182,0.8390054255723953,0.335158166999463
n4_d128_r6,4,128,6,15,0.001,0.7782246940769255,0.8412795960903168,0.33308254199801013
n4_d128_r6,4,128,6,16,0.001,0.7765589184127748,0.8422940671443939,0.33758895797654986
n4_d128_r6,4,128,6,17,0.0005,0.7718770201317966,0.8426802903413773,0.3449406669824384
n4_d128_r6,4,128,6,18,0.0005,0.7706873649731278,0.842853307723999,0.33528933295747265
n4_d128_r6,4,128,6,19,0.0005,0.7698613437823951,0.8442174643278122,0.33367274998454377
n4_d128_r6,4,128,6,20,0.0005,0.7688257344998419,0.844916045665741,0.3780155419954099
n4_d128_r6,4,128,6,21,0.0005,0.7678183098323643,0.8465195596218109,0.3403733749873936
n4_d128_r6,4,128,6,22,0.0005,0.7672473452985287,0.8465776592493057,0.3352677920483984
n4_d128_r6,4,128,6,23,0.0005,0.7661862359382212,0.8475515693426132,0.3405972080072388
n4_d128_r6,4,128,6,24,0.0005,0.7656148602254689,0.8485609292984009,0.3340607499703765
n4_d128_r6,4,128,6,25,0.00025,0.7630124585703015,0.8484425246715546,0.3361124169896357
n4_d128_r6,4,128,6,26,0.00025,0.7625566618517041,0.8486230075359344,0.3397044590092264
n4_d128_r6,4,128,6,27,0.00025,0.7621550201438367,0.8495141416788101,0.3338977500097826
n4_d128_r6,4,128,6,28,0.00025,0.7617101506330073,0.8497213274240494,0.3766642499831505
n4_d256_r6,4,256,6,1,0.001,0.9786744238808751,0.8986879885196686,0.34754262503702193
n4_d256_r6,4,256,6,2,0.001,0.8361096126027405,0.8715675473213196,0.34459316602442414
n4_d256_r6,4,256,6,3,0.001,0.804994348436594,0.8656966239213943,0.3417219170369208
n4_d256_r6,4,256,6,4,0.001,0.7867236766032875,0.8641025722026825,0.33891383302398026
n4_d256_r6,4,256,6,5,0.001,0.772213735152036,0.8652939200401306,0.33813895896309987
n4_d256_r6,4,256,6,6,0.001,0.7597706308588386,0.8698089122772217,0.34345833398401737
n4_d256_r6,4,256,6,7,0.001,0.7475972790271044,0.8718421012163162,0.3464142080047168
n4_d256_r6,4,256,6,8,0.001,0.735692982096225,0.8806572258472443,0.3875887499889359
n4_d256_r6,4,256,6,9,0.001,0.7238807454705238,0.8901132047176361,0.3430058329831809
n4_d256_r6,4,256,6,10,0.001,0.7127431267872453,0.897282287478447,0.3437077500275336
n4_d256_r6,4,256,6,11,0.001,0.7018250674009323,0.9110467880964279,0.3357737919432111
n4_d256_r6,4,256,6,12,0.001,0.6918281330727041,0.915965735912323,0.3406476250384003
n4_d256_r6,4,256,6,13,0.0005,0.6705339546315372,0.9201361536979675,0.34432124998420477
n4_d256_r6,4,256,6,14,0.0005,0.663882159627974,0.9274439513683319,0.34234199998900294
n4_d256_r6,4,256,6,15,0.0005,0.6585473122540861,0.9340449571609497,0.34045424999203533
n4_d256_r6,4,256,6,16,0.0005,0.6539289089851081,0.9412183314561844,0.3856485419673845
n4_d256_r6,4,256,6,17,0.0005,0.6498770990874618,0.9469563066959381,0.3389214999624528
n4_d256_r6,4,256,6,18,0.0005,0.6450773063115776,0.9540771245956421,0.34071779099758714
n4_d256_r6,4,256,6,19,0.0005,0.6410362990573049,0.9613807797431946,0.3461432090261951
n4_d256_r6,4,256,6,20,0.0005,0.6374151259660721,0.96303591132164,0.34137104102410376
n4_d256_r6,4,256,6,21,0.00025,0.6271190820261836,0.9663422703742981,0.33958850003546104
n4_d256_r6,4,256,6,22,0.00025,0.6242189900949597,0.9700347781181335,0.34147066599689424
n4_d256_r6,4,256,6,23,0.00025,0.6227459229994565,0.9733201712369919,0.3353677919949405
n4_d256_r6,4,256,6,24,0.00025,0.6209157768171281,0.975437119603157,0.3886288339854218
n4_d512_r6,4,512,6,1,0.001,0.9900274383835495,0.9306110739707947,0.4121011249953881
n4_d512_r6,4,512,6,2,0.001,0.8151861857622862,0.886339083313942,0.4250194170163013
n4_d512_r6,4,512,6,3,0.001,0.7421685364097357,0.8918667733669281,0.41784954199101776
n4_d512_r6,4,512,6,4,0.001,0.6871803225949407,0.912068635225296,0.39739608397940174
n4_d512_r6,4,512,6,5,0.001,0.6330666178837419,0.9424706846475601,0.4040703340433538
n4_d512_r6,4,512,6,6,0.001,0.5813091457821429,0.9822870790958405,0.4110820410423912
n4_d512_r6,4,512,6,7,0.001,0.5312986865174025,1.0260477513074875,0.4522670829901472
n4_d512_r6,4,512,6,8,0.001,0.48394220042973757,1.0662565231323242,0.37955270800739527
n4_d512_r6,4,512,6,9,0.001,0.44417166197672486,1.1095980405807495,0.3938658750266768
n4_d512_r6,4,512,6,10,0.001,0.4051917218603194,1.1597292721271515,0.423428249952849
n4_d512_r6,4,512,6,11,0.0005,0.3400773882167414,1.1848000288009644,0.4026419160072692
n4_d512_r6,4,512,6,12,0.0005,0.3152571398532018,1.215912401676178,0.4283827919862233
n4_d512_r6,4,512,6,13,0.0005,0.2991155374329537,1.2492067515850067,0.42549129197141156
n4_d512_r6,4,512,6,14,0.0005,0.284768644021824,1.272955745458603,0.42666529200505465
n4_d512_r6,4,512,6,15,0.0005,0.2731222379952669,1.2937186062335968,0.425142916967161
n4_d512_r6,4,512,6,16,0.0005,0.2611798101570457,1.3100161254405975,0.3975768340169452
n4_d512_r6,4,512,6,17,0.0005,0.2513446949888021,1.3342492878437042,0.4039950000005774
n4_d512_r6,4,512,6,18,0.0005,0.24092885642312467,1.364363968372345,0.412496791977901
n4_d512_r6,4,512,6,19,0.00025,0.21620435919612646,1.38314950466156,0.41933029203210026
n4_d512_r6,4,512,6,20,0.00025,0.20891810371540487,1.3927720487117767,0.41029212495777756
n4_d512_r6,4,512,6,21,0.00025,0.20413718512281775,1.3995267450809479,0.4240837499964982
n4_d512_r6,4,512,6,22,0.00025,0.20025292807258666,1.4183114767074585,0.461200124991592
n4_d1024_r6,4,1024,6,1,0.001,1.027121632359922,0.9404031783342361,0.42913437500828877
n4_d1024_r6,4,1024,6,2,0.001,0.7440355597063899,0.9179772138595581,0.4302361669833772
n4_d1024_r6,4,1024,6,3,0.001,0.5846263370476663,0.9597655236721039,0.4332592499558814
n4_d1024_r6,4,1024,6,4,0.001,0.43422692315652966,1.0431570410728455,0.4519030830124393
n4_d1024_r6,4,1024,6,5,0.001,0.3018928981618956,1.1345718801021576,0.4299073330475949
n4_d1024_r6,4,1024,6,6,0.001,0.19957957172300667,1.199031114578247,0.4304901669966057
n4_d1024_r6,4,1024,6,7,0.001,0.1306938023190014,1.2506607174873352,0.45659595797769725
n4_d1024_r6,4,1024,6,8,0.001,0.08784694958012551,1.2725851833820343,0.4390616660239175
n4_d1024_r6,4,1024,6,9,0.001,0.06132380600320175,1.3013335168361664,0.4346602500299923
n4_d1024_r6,4,1024,6,10,0.001,0.046608609904069453,1.3102169334888458,0.4487153749796562
n4_d1024_r6,4,1024,6,11,0.0005,0.031004693111754023,1.2958512008190155,0.4269333750125952
n4_d1024_r6,4,1024,6,12,0.0005,0.011410795239498839,1.306021511554718,0.4356342910323292
n4_d1024_r6,4,1024,6,13,0.0005,0.006507197151222499,1.3150372207164764,0.4411212500417605
n4_d1024_r6,4,1024,6,14,0.0005,0.004398562987262267,1.322821319103241,0.4316546249901876
n4_d1024_r6,4,1024,6,15,0.0005,0.003189439498783031,1.3259798884391785,0.42710449994774535
n4_d1024_r6,4,1024,6,16,0.0005,0.0024522037856513634,1.330098420381546,0.46681833296315745
n4_d1024_r6,4,1024,6,17,0.0005,0.001977961141619744,1.3341479003429413,0.42387562501244247
n4_d1024_r6,4,1024,6,18,0.0005,0.0016934528885030886,1.3364208936691284,0.4365915840025991
n4_d1024_r6,4,1024,6,19,0.00025,0.001300271831041755,1.3383793830871582,0.42866054200567305
n4_d1024_r6,4,1024,6,20,0.00025,0.0008555026587373504,1.3394518196582794,0.43674041697522625
n4_d1024_r6,4,1024,6,21,0.00025,0.0007322321583842495,1.3407842218875885,0.43599641701439396
n4_d1024_r6,4,1024,6,22,0.00025,0.0006595082264198027,1.342291533946991,0.4206630830303766
n4_d2048_r6,4,2048,6,1,0.001,0.9804293652996421,0.9152159839868546,0.5987732920330018
n4_d2048_r6,4,2048,6,2,0.001,0.5668801954016089,0.9752681106328964,0.6240335420006886
n4_d2048_r6,4,2048,6,3,0.001,0.24228509224485606,1.0654594004154205,0.6160534580121748
n4_d2048_r6,4,2048,6,4,0.001,0.10234954440966249,1.0607614815235138,0.6130981669994071
n4_d2048_r6,4,2048,6,5,0.001,0.06929415644844994,1.056760162115097,0.6255900840042159
n4_d2048_r6,4,2048,6,6,0.001,0.05753830081084743,1.0316751897335052,0.6215879580122419
n4_d2048_r6,4,2048,6,7,0.001,0.0484568539832253,1.031853511929512,0.6270134579972364
n4_d2048_r6,4,2048,6,8,0.001,0.04278949099534657,1.0195752382278442,0.6171391669777222
n4_d2048_r6,4,2048,6,9,0.001,0.038209708480280824,1.0188640356063843,0.6090835829963908
n4_d2048_r6,4,2048,6,10,0.0005,0.031241418779245578,1.006598949432373,0.6266885420191102
n4_d2048_r6,4,2048,6,11,0.0005,0.00500655415453366,1.0026877224445343,0.6253685830160975
n4_d2048_r6,4,2048,6,12,0.0005,0.001227793759881024,1.0038256794214249,0.6383474169997498
n4_d2048_r6,4,2048,6,13,0.0005,0.0004485326779786192,1.0033997595310211,0.6245567500009201
n4_d2048_r6,4,2048,6,14,0.0005,0.00025009518407159703,1.0035706758499146,0.6295709160040133
n4_d2048_r6,4,2048,6,15,0.0005,0.0001769449594632988,1.0036874115467072,0.6286457909736782
n4_d2048_r6,4,2048,6,16,0.0005,0.00014908402043545266,1.003752887248993,0.6485565829789266
n4_d2048_r6,4,2048,6,17,0.0005,0.00013434260814904064,1.0036078691482544,0.6326635000295937
n4_d2048_r6,4,2048,6,18,0.00025,0.0001238773630234391,1.0036260485649109,0.60262695903657
n4_d2048_r6,4,2048,6,19,0.00025,9.192663432600057e-05,1.0036182552576065,0.6220535000320524
n4_d2048_r6,4,2048,6,20,0.00025,8.307262086759692e-05,1.0035617351531982,0.6414917500223964
n4_d2048_r6,4,2048,6,21,0.00025,7.596376068574884e-05,1.0035283267498016,0.6187533339834772
n4_d4096_r6,4,4096,6,1,0.001,0.9959385083056986,0.9803976267576218,0.9802437910111621
n4_d4096_r6,4,4096,6,2,0.001,0.715092581231147,0.978260338306427,0.9337228749645874
n4_d4096_r6,4,4096,6,3,0.001,0.33353624679148197,1.0499225556850433,0.887766667001415
n4_d4096_r6,4,4096,6,4,0.001,0.144893977267202,1.0368946194648743,1.0463865000056103
n4_d4096_r6,4,4096,6,5,0.001,0.08341204124735668,1.0164483040571213,1.1027147499844432
n4_d4096_r6,4,4096,6,6,0.001,0.051030535280006006,1.0085120350122452,1.1353057089727372
n4_d4096_r6,4,4096,6,7,0.001,0.035398811189224944,0.997777596116066,1.179690832970664
n4_d4096_r6,4,4096,6,8,0.001,0.027026455383747816,0.9992058277130127,1.0010301670408808
n4_d4096_r6,4,4096,6,9,0.001,0.02256483070232207,1.0007530748844147,1.035575040965341
n4_d4096_r6,4,4096,6,10,0.001,0.01978272203996312,0.9946858584880829,1.1333382920129225
n4_d4096_r6,4,4096,6,11,0.0005,0.016311513616528828,0.9885456562042236,0.8410071249818429
n4_d4096_r6,4,4096,6,12,0.0005,0.002677187376320944,0.9899547696113586,1.1177422080072574
n4_d4096_r6,4,4096,6,13,0.0005,0.0007755594460832071,0.9893090277910233,1.1065499579999596
n4_d4096_r6,4,4096,6,14,0.0005,0.00041848358728202584,0.989343598484993,1.0448899169568904
n4_d4096_r6,4,4096,6,15,0.0005,0.0003585211496215379,0.9895118921995163,1.0056478750193492
n4_d4096_r6,4,4096,6,16,0.0005,0.00039427015741466676,0.989171713590622,1.1025870419689454
n4_d4096_r6,4,4096,6,17,0.0005,0.0005125013274209778,0.9888642430305481,1.1098107080324553
n4_d4096_r6,4,4096,6,18,0.0005,0.0007381046660839274,0.9894257336854935,1.1935194580000825
n4_d4096_r6,4,4096,6,19,0.00025,0.0009605510920209781,0.9889509528875351,0.9222465000348166
n4_d4096_r6,4,4096,6,20,0.00025,0.00020578807766469254,0.9889017790555954,1.169710042013321
n4_d4096_r6,4,4096,6,21,0.00025,9.578834628598543e-05,0.9888857156038284,1.1034858329803683
n4_d4096_r6,4,4096,6,22,0.00025,7.492509111628465e-05,0.9887071847915649,1.0764518749783747
n4_d64_r7,4,64,7,1,0.001,1.1321373833343387,1.0010078400373459,0.3362336250138469
n4_d64_r7,4,64,7,2,0.001,0.9150718152523041,0.9158545732498169,0.3317470829933882
n4_d64_r7,4,64,7,3,0.001,0.8600535029545426,0.8875501453876495,0.3383543340023607
n4_d64_r7,4,64,7,4,0.001,0.8417914053425193,0.8758696019649506,0.32873008301248774
n4_d64_r7,4,64,7,5,0.001,0.8321975572034717,0.8690317571163177,0.3305245409719646
n4_d64_r7,4,64,7,6,0.001,0.8257035743445158,0.8623973727226257,0.3274869169690646
n4_d64_r7,4,64,7,7,0.001,0.8203115407377481,0.8577746152877808,0.33792666700901464
n4_d64_r7,4,64,7,8,0.001,0.8164775050245225,0.8541132509708405,0.32774808298563585
n4_d64_r7,4,64,7,9,0.001,0.8132961117662489,0.8523352444171906,0.38327795901568606
n4_d64_r7,4,64,7,10,0.001,0.8109211879782379,0.8491486608982086,0.3294094170560129
n4_d64_r7,4,64,7,11,0.001,0.8092993330210447,0.84717658162117,0.3303148749982938
n4_d64_r7,4,64,7,12,0.001,0.807779245544225,0.847047433257103,0.3289021660457365
n4_d64_r7,4,64,7,13,0.001,0.8067943593487144,0.8443449884653091,0.326695583993569
n4_d64_r7,4,64,7,14,0.001,0.805851869750768,0.8444604575634003,0.3271542090224102
n4_d64_r7,4,64,7,15,0.001,0.8050494734197855,0.8430047482252121,0.3353303329786286
n4_d64_r7,4,64,7,16,0.001,0.8044463470578194,0.8418577164411545,0.37302116700448096
n4_d64_r7,4,64,7,17,0.001,0.8039125730283558,0.8421921133995056,0.3326249169767834
n4_d64_r7,4,64,7,18,0.001,0.8032720256596804,0.8412924855947495,0.32900037500075996
n4_d64_r7,4,64,7,19,0.001,0.8026950196363032,0.8402685075998306,0.3302675829618238
n4_d64_r7,4,64,7,20,0.001,0.8026117971166968,0.8409879505634308,0.3250570410164073
n4_d64_r7,4,64,7,21,0.001,0.8021296337246895,0.8402339518070221,0.3312460839515552
n4_d64_r7,4,64,7,22,0.001,0.8016919321380556,0.8393264263868332,0.3285772080416791
n4_d64_r7,4,64,7,23,0.001,0.8018436897546053,0.8398919105529785,0.33243470801971853
n4_d64_r7,4,64,7,24,0.001,0.8011031993664801,0.8398257046937943,0.3800722910091281
n4_d64_r7,4,64,7,25,0.001,0.800843711476773,0.8395210951566696,0.3264907089760527
n4_d64_r7,4,64,7,26,0.001,0.8006721986457705,0.8386668860912323,0.32735529204364866
n4_d64_r7,4,64,7,27,0.001,0.8002842646092176,0.8396949023008347,0.32995529199251905
n4_d64_r7,4,64,7,28,0.001,0.8001746525987983,0.839257687330246,0.34555174998240545
n4_d64_r7,4,64,7,29,0.001,0.7997220451943576,0.8387842327356339,0.33120162499835715
n4_d64_r7,4,64,7,30,0.001,0.7999717714264989,0.8402847349643707,0.3310959590016864
n4_d64_r7,4,64,7,31,0.001,0.7994885891675949,0.838159441947937,0.32856433402048424
n4_d64_r7,4,64,7,32,0.001,0.7992618628777564,0.8382596075534821,0.38154825003584847
n4_d64_r7,4,64,7,33,0.001,0.7992025543935597,0.8398656100034714,0.3286758749745786
n4_d64_r7,4,64,7,34,0.001,0.7988935592584312,0.838782861828804,0.32796729198889807
n4_d64_r7,4,64,7,35,0.001,0.7988426350057125,0.839368462562561,0.32682841701898724
n4_d64_r7,4,64,7,36,0.001,0.7987033734098077,0.8393507599830627,0.33217129099648446
n4_d64_r7,4,64,7,37,0.001,0.7986044264398515,0.8382543176412582,0.32869329099776223
n4_d64_r7,4,64,7,38,0.001,0.7983955377712846,0.8405488282442093,0.3274692500126548
n4_d64_r7,4,64,7,39,0.001,0.7983593344688416,0.8393784314393997,0.3287217079778202
n4_d64_r7,4,64,7,40,0.0005,0.7969769923947752,0.8393659591674805,0.3797157499939203
n4_d64_r7,4,64,7,41,0.0005,0.7968013444915414,0.8392562419176102,0.3344256669515744
n4_d64_r7,4,64,7,42,0.0005,0.7967749224044383,0.840144082903862,0.3298612079815939
n4_d64_r7,4,64,7,43,0.0005,0.7966548115946352,0.8395510911941528,0.3275595409795642
n4_d64_r7,4,64,7,44,0.0005,0.796641020104289,0.8404053598642349,0.33074654202209786
n4_d64_r7,4,64,7,45,0.0005,0.796536676120013,0.8396055996417999,0.32835525000700727
n4_d64_r7,4,64,7,46,0.0005,0.7965074935927987,0.839929923415184,0.3309434590046294
n4_d64_r7,4,64,7,47,0.0005,0.7964855493046343,0.8393930494785309,0.327500666026026
n4_d64_r7,4,64,7,48,0.00025,0.7956593800336123,0.8396854251623154,0.38065591698978096
n4_d64_r7,4,64,7,49,0.00025,0.7956267637200654,0.8392618149518967,0.32721112499712035
n4_d64_r7,4,64,7,50,0.00025,0.7956556039862335,0.8397358059883118,0.3265947080217302
n4_d64_r7,4,64,7,51,0.00025,0.7955664042383432,0.8394475430250168,0.34121474996209145
n4_d128_r7,4,128,7,1,0.001,1.0219997712410986,0.9333797246217728,0.34238745796028525
n4_d128_r7,4,128,7,2,0.001,0.8783127446658909,0.8702390491962433,0.3415239999885671
n4_d128_r7,4,128,7,3,0.001,0.8396019707433879,0.8573072254657745,0.3362242089933716
n4_d128_r7,4,128,7,4,0.001,0.8248325143940747,0.849276676774025,0.38555424998048693
n4_d128_r7,4,128,7,5,0.001,0.8157334746792912,0.8467323482036591,0.3384332499699667
n4_d128_r7,4,128,7,6,0.001,0.8091086903586984,0.8452064245939255,0.3353505000122823
n4_d128_r7,4,128,7,7,0.001,0.8039658679626882,0.8439442068338394,0.3399599170079455
n4_d128_r7,4,128,7,8,0.001,0.7997544608078897,0.8447650521993637,0.3349498749594204
n4_d128_r7,4,128,7,9,0.001,0.7966052102856338,0.8436238020658493,0.3457917500054464
n4_d128_r7,4,128,7,10,0.001,0.7935061128810048,0.8451553583145142,0.33617091696942225
n4_d128_r7,4,128,7,11,0.001,0.7909976467490196,0.8422462344169617,0.3370777919772081
n4_d128_r7,4,128,7,12,0.001,0.7886633924208581,0.8429591953754425,0.3852103750105016
n4_d128_r7,4,128,7,13,0.001,0.786279508844018,0.8444342464208603,0.3424179580179043
n4_d128_r7,4,128,7,14,0.001,0.7846594490110874,0.843914270401001,0.3415330830030143
n4_d128_r7,4,128,7,15,0.001,0.7822954896837473,0.8454484343528748,0.33526037499541417
n4_d128_r7,4,128,7,16,0.001,0.7806907184422016,0.8462209403514862,0.33559737500036135
n4_d128_r7,4,128,7,17,0.001,0.7788476534187794,0.8466188758611679,0.3367858330020681
n4_d128_r7,4,128,7,18,0.001,0.7776626828126609,0.8479019552469254,0.342041291994974
n4_d128_r7,4,128,7,19,0.001,0.7758546811528504,0.8472675681114197,0.3347275829873979
n4_d128_r7,4,128,7,20,0.0005,0.7714335187338293,0.8490137308835983,0.3927002919954248
n4_d128_r7,4,128,7,21,0.0005,0.7706157425418496,0.849917396903038,0.33529816602822393
n4_d128_r7,4,128,7,22,0.0005,0.7697555869817734,0.8506585657596588,0.3418166250339709
n4_d128_r7,4,128,7,23,0.0005,0.7690464947372675,0.850879579782486,0.33722675003809854
n4_d128_r7,4,128,7,24,0.0005,0.7682711654342711,0.8529842346906662,0.3343697499949485
n4_d128_r7,4,128,7,25,0.0005,0.7676005950197577,0.8521794378757477,0.33704220899380744
n4_d128_r7,4,128,7,26,0.0005,0.7671252400614321,0.8525429666042328,0.34612424997612834
n4_d128_r7,4,128,7,27,0.0005,0.7664347006939352,0.8536921292543411,0.3802649999852292
n4_d128_r7,4,128,7,28,0.00025,0.7639339901506901,0.854053407907486,0.3402179589611478
n4_d128_r7,4,128,7,29,0.00025,0.7635589987039566,0.8550343215465546,0.33738370903301984
n4_d128_r7,4,128,7,30,0.00025,0.7631554221734405,0.8548611104488373,0.3379871250363067
n4_d128_r7,4,128,7,31,0.00025,0.763018281199038,0.8557675927877426,0.33377650001784787
n4_d256_r7,4,256,7,1,0.001,1.0064761745743454,0.9189046323299408,0.3473230830277316
n4_d256_r7,4,256,7,2,0.001,0.8439253498800099,0.8846017271280289,0.3364698750083335
n4_d256_r7,4,256,7,3,0.001,0.8121539279818535,0.8757731318473816,0.3429016249720007
n4_d256_r7,4,256,7,4,0.001,0.7935773297213018,0.871573880314827,0.3896798329660669
n4_d256_r7,4,256,7,5,0.001,0.7789101139642298,0.8750927150249481,0.3374934160383418
n4_d256_r7,4,256,7,6,0.001,0.7675215820781887,0.877177432179451,0.3374945829855278
n4_d256_r7,4,256,7,7,0.001,0.7564546233043075,0.8750233203172684,0.3480018749833107
n4_d256_r7,4,256,7,8,0.001,0.7459623459726572,0.8863210827112198,0.3403886249870993
n4_d256_r7,4,256,7,9,0.001,0.7356846900656819,0.8856607973575592,0.3393016249756329
n4_d256_r7,4,256,7,10,0.001,0.7245344007387757,0.8984133154153824,0.3374010410043411
n4_d256_r7,4,256,7,11,0.001,0.7144935177639127,0.9038352072238922,0.339956916985102
n4_d256_r7,4,256,7,12,0.001,0.7047341777943075,0.9120069891214371,0.38899062504060566
n4_d256_r7,4,256,7,13,0.0005,0.6851463913917542,0.9150326400995255,0.3446997909923084
n4_d256_r7,4,256,7,14,0.0005,0.6784569090232253,0.9202378541231155,0.3403588749933988
n4_d256_r7,4,256,7,15,0.0005,0.6732388287782669,0.9276217073202133,0.33854883298045024
n4_d256_r7,4,256,7,16,0.0005,0.6680746679194272,0.9375552535057068,0.33861245797015727
n4_d256_r7,4,256,7,17,0.0005,0.6642138264141977,0.9435049295425415,0.33698800002457574
n4_d256_r7,4,256,7,18,0.0005,0.6594430063851178,0.9489279985427856,0.3416183750377968
n4_d256_r7,4,256,7,19,0.0005,0.6557089858688414,0.952706903219223,0.3938161670230329
n4_d256_r7,4,256,7,20,0.0005,0.6518301204778254,0.961148127913475,0.3420592499896884
n4_d256_r7,4,256,7,21,0.00025,0.6410378883592784,0.9632417410612106,0.33935666701290756
n4_d256_r7,4,256,7,22,0.00025,0.6386273154057562,0.9659214466810226,0.33517187502002344
n4_d256_r7,4,256,7,23,0.00025,0.6367736898828298,0.9692101031541824,0.3380321660079062
n4_d256_r7,4,256,7,24,0.00025,0.634709392208606,0.9742804020643234,0.33612670801812783
n4_d512_r7,4,512,7,1,0.001,1.017270497046411,0.9202214181423187,0.40708854200784117
n4_d512_r7,4,512,7,2,0.001,0.8138574766926467,0.9034625738859177,0.4265532920253463
n4_d512_r7,4,512,7,3,0.001,0.7438843697309494,0.9028340578079224,0.4518139999709092
n4_d512_r7,4,512,7,4,0.001,0.6883153729140759,0.9250151216983795,0.4169631659751758
n4_d512_r7,4,512,7,5,0.001,0.636018423596397,0.950320839881897,0.4183487909613177
n4_d512_r7,4,512,7,6,0.001,0.5814776152838022,0.9910327196121216,0.41383104195119813
n4_d512_r7,4,512,7,7,0.001,0.5292485344689339,1.041844666004181,0.42485283297719434
n4_d512_r7,4,512,7,8,0.001,0.4822556017898023,1.065401554107666,0.417992000002414
n4_d512_r7,4,512,7,9,0.001,0.439079538686201,1.1181640625,0.4242244170163758
n4_d512_r7,4,512,7,10,0.001,0.4001338202506304,1.1666375994682312,0.4198404580238275
n4_d512_r7,4,512,7,11,0.001,0.36728591728024185,1.2084212005138397,0.4464173339656554
n4_d512_r7,4,512,7,12,0.0005,0.30612285318784416,1.2464146316051483,0.3999244589940645
n4_d512_r7,4,512,7,13,0.0005,0.2828334809746593,1.2665493786334991,0.4120457079843618
n4_d512_r7,4,512,7,14,0.0005,0.2690604132367298,1.305137813091278,0.4148933329852298
n4_d512_r7,4,512,7,15,0.0005,0.2569692898541689,1.3260458111763,0.40950866596540436
n4_d512_r7,4,512,7,16,0.0005,0.24620169296395034,1.3504148721694946,0.4177633330109529
n4_d512_r7,4,512,7,17,0.0005,0.23602511477656662,1.3699903786182404,0.4148472080123611
n4_d512_r7,4,512,7,18,0.0005,0.22622150764800608,1.3956153392791748,0.41960566700436175
n4_d512_r7,4,512,7,19,0.0005,0.21781676809769124,1.4140302538871765,0.44221049995394424
n4_d512_r7,4,512,7,20,0.00025,0.19428172265179455,1.4290354251861572,0.38944154197815806
n4_d512_r7,4,512,7,21,0.00025,0.1872865844052285,1.4448158144950867,0.41603308299090713
n4_d512_r7,4,512,7,22,0.00025,0.18311613542027771,1.4593061804771423,0.4165936660137959
n4_d512_r7,4,512,7,23,0.00025,0.17956287087872624,1.4684816002845764,0.39078974997391924
n4_d1024_r7,4,1024,7,1,0.001,0.9774981318041682,0.9175951033830643,0.41868616599822417
n4_d1024_r7,4,1024,7,2,0.001,0.7155880238860846,0.935013934969902,0.41928429098334163
n4_d1024_r7,4,1024,7,3,0.001,0.5509156326297671,0.9959266185760498,0.48047391697764397
n4_d1024_r7,4,1024,7,4,0.001,0.3871870688162744,1.0802699029445648,0.4220451249857433
n4_d1024_r7,4,1024,7,5,0.001,0.2470862950431183,1.199625700712204,0.4288198750000447
n4_d1024_r7,4,1024,7,6,0.001,0.15545573958661407,1.2258669137954712,0.4212488330085762
n4_d1024_r7,4,1024,7,7,0.001,0.0978408555383794,1.264293521642685,0.42693462496390566
n4_d1024_r7,4,1024,7,8,0.001,0.06339276561629958,1.2754381895065308,0.4458733749925159
n4_d1024_r7,4,1024,7,9,0.001,0.04595959387370385,1.298038810491562,0.43773633398814127
n4_d1024_r7,4,1024,7,10,0.0005,0.02791325065481942,1.2866744995117188,0.4350830830517225
n4_d1024_r7,4,1024,7,11,0.0005,0.010060749849799322,1.2944287061691284,0.4745895420201123
n4_d1024_r7,4,1024,7,12,0.0005,0.005464372547066887,1.3040679097175598,0.4352637499687262
n4_d1024_r7,4,1024,7,13,0.0005,0.003476782329926209,1.3059249818325043,0.43353450001450256
n4_d1024_r7,4,1024,7,14,0.0005,0.00239392854655307,1.3117070496082306,0.4380639160517603
n4_d1024_r7,4,1024,7,15,0.0005,0.001715738272650924,1.3137562274932861,0.4180732080130838
n4_d1024_r7,4,1024,7,16,0.0005,0.001308616533606255,1.3168545067310333,0.4223705420154147
n4_d1024_r7,4,1024,7,17,0.0005,0.0010439324050821597,1.317280888557434,0.44051295798271894
n4_d1024_r7,4,1024,7,18,0.00025,0.0007563764402220841,1.319500356912613,0.4176821250002831
n4_d1024_r7,4,1024,7,19,0.00025,0.00041295330652246776,1.319709599018097,0.46521504200063646
n4_d1024_r7,4,1024,7,20,0.00025,0.00031640053691717185,1.3210859894752502,0.44324516697088256
n4_d1024_r7,4,1024,7,21,0.00025,0.0002647826458428426,1.3214474022388458,0.433314458001405
n4_d2048_r7,4,2048,7,1,0.001,0.9843852641060948,0.9325358867645264,0.5656091249547899
n4_d2048_r7,4,2048,7,2,0.001,0.5632446345407516,0.993173748254776,0.6118812920176424
n4_d2048_r7,4,2048,7,3,0.001,0.24034323391970247,1.0648438930511475,0.6175775830051862
n4_d2048_r7,4,2048,7,4,0.001,0.10261018748860806,1.087254673242569,0.6162132500321604
n4_d2048_r7,4,2048,7,5,0.001,0.07019095233408734,1.0717783868312836,0.6315928329713643
n4_d2048_r7,4,2048,7,6,0.001,0.06045038689626381,1.0765420198440552,0.6053795000188984
n4_d2048_r7,4,2048,7,7,0.001,0.05292754486436024,1.0488497614860535,0.6245917500345968
n4_d2048_r7,4,2048,7,8,0.001,0.04602582717780024,1.0606378316879272,0.5993794169626199
n4_d2048_r7,4,2048,7,9,0.001,0.040488420039764605,1.0476101636886597,0.6114555830135942
n4_d2048_r7,4,2048,7,10,0.0005,0.03126533156319056,1.0361291766166687,0.6116258749971166
n4_d2048_r7,4,2048,7,11,0.0005,0.0044872169419249985,1.0381686687469482,0.5929392499965616
n4_d2048_r7,4,2048,7,12,0.0005,0.0010434616410748276,1.0376517176628113,0.6532365829916671
n4_d2048_r7,4,2048,7,13,0.0005,0.0003259412222860192,1.0385190695524216,0.6057674170006067
n4_d2048_r7,4,2048,7,14,0.0005,0.00013901551517392363,1.0385562181472778,0.609670624951832
n4_d2048_r7,4,2048,7,15,0.0005,7.758092127119198e-05,1.0388673543930054,0.6057146249804646
n4_d2048_r7,4,2048,7,16,0.0005,5.6157567655645835e-05,1.0388899743556976,0.6490818750462495
n4_d2048_r7,4,2048,7,17,0.0005,4.951650771545246e-05,1.039039969444275,0.6434922919725068
n4_d2048_r7,4,2048,7,18,0.00025,5.268961297133501e-05,1.039024531841278,0.615085833997
n4_d2048_r7,4,2048,7,19,0.00025,1.5510190642942234e-05,1.0391138345003128,0.6376755830133334
n4_d2048_r7,4,2048,7,20,0.00025,9.547816834043488e-06,1.039121150970459,0.6765498330350965
n4_d2048_r7,4,2048,7,21,0.00025,7.2623122382431404e-06,1.0391983389854431,0.5599001660011709
n4_d4096_r7,4,4096,7,1,0.001,0.9864448448643088,0.9708555936813354,1.0216698750155047
n4_d4096_r7,4,4096,7,2,0.001,0.6715416668448597,1.0019047558307648,0.8641147500020452
n4_d4096_r7,4,4096,7,3,0.001,0.35947289830073714,1.0343495607376099,1.1178222090238705
n4_d4096_r7,4,4096,7,4,0.001,0.16695072123548016,1.0407226979732513,1.1143744580331258
n4_d4096_r7,4,4096,7,5,0.001,0.09206738549983129,1.0071052014827728,0.8887265829835087
n4_d4096_r7,4,4096,7,6,0.001,0.05995537355192937,0.9931302517652512,0.8672455420019105
n4_d4096_r7,4,4096,7,7,0.001,0.041727550225914456,0.9959479123353958,0.9098986249882728
n4_d4096_r7,4,4096,7,8,0.001,0.032010570299462415,0.9896829277276993,0.9952519169892184
n4_d4096_r7,4,4096,7,9,0.001,0.028081364449462853,0.9876766502857208,1.021643917018082
n4_d4096_r7,4,4096,7,10,0.0005,0.022365949778759386,0.981464296579361,1.065148833033163
n4_d4096_r7,4,4096,7,11,0.0005,0.0037786409702675883,0.9788147211074829,0.9689976250519976
n4_d4096_r7,4,4096,7,12,0.0005,0.0014140787764063134,0.9789609163999557,1.1896904169698246
n4_d4096_r7,4,4096,7,13,0.0005,0.0009438699322572575,0.9792177230119705,0.9597929579904303
n4_d4096_r7,4,4096,7,14,0.0005,0.0008392648473432018,0.9789532124996185,0.7628199579776265
n4_d4096_r7,4,4096,7,15,0.0005,0.0008380158084264622,0.9793016165494919,0.9119702909956686
n4_d4096_r7,4,4096,7,16,0.0005,0.0009115216429904649,0.9792528599500656,1.1076474160072394
n4_d4096_r7,4,4096,7,17,0.0005,0.0010297138146597717,0.9787850081920624,1.2192866670084186
n4_d4096_r7,4,4096,7,18,0.00025,0.0012105453516824127,0.9794072955846786,0.8876463749911636
n4_d4096_r7,4,4096,7,19,0.00025,0.0007411087118498472,0.979050800204277,1.0157650419860147
n4_d4096_r7,4,4096,7,20,0.00025,0.0006728774644955138,0.9789963364601135,1.0836646660463884
n4_d4096_r7,4,4096,7,21,0.00025,0.0006546681562316081,0.9790762811899185,1.1290204160031863
n4_d64_r8,4,64,8,1,0.001,1.00597136747092,0.9484139382839203,0.33959270804189146
n4_d64_r8,4,64,8,2,0.001,0.8864333275705576,0.8578009605407715,0.3304506249842234
n4_d64_r8,4,64,8,3,0.001,0.8419533469714224,0.8304867744445801,0.3371483330265619
n4_d64_r8,4,64,8,4,0.001,0.8289535702206194,0.8217334598302841,0.3313543329713866
n4_d64_r8,4,64,8,5,0.001,0.8227232717908919,0.8178029209375381,0.3333378750248812
n4_d64_r8,4,64,8,6,0.001,0.8189464933238924,0.8153938055038452,0.32826895895414054
n4_d64_r8,4,64,8,7,0.001,0.8160061873495579,0.8136513382196426,0.32920962502248585
n4_d64_r8,4,64,8,8,0.001,0.8137894603423774,0.811751589179039,0.3298866670229472
n4_d64_r8,4,64,8,9,0.001,0.8121629171073437,0.8109206408262253,0.38569812499918044
n4_d64_r8,4,64,8,10,0.001,0.8108861087821424,0.8106228113174438,0.32983154203975573
n4_d64_r8,4,64,8,11,0.001,0.8096734243445098,0.8105995655059814,0.3298312909901142
n4_d64_r8,4,64,8,12,0.001,0.808765325229615,0.8098696321249008,0.32892058399738744
n4_d64_r8,4,64,8,13,0.001,0.8081067493185401,0.8102997541427612,0.3290609579999
n4_d64_r8,4,64,8,14,0.001,0.8073860318399966,0.8098574578762054,0.33062554203206673
n4_d64_r8,4,64,8,15,0.001,0.8066516225226223,0.809783473610878,0.33198116603307426
n4_d64_r8,4,64,8,16,0.001,0.8060122700408101,0.8103655576705933,0.3742172080092132
n4_d64_r8,4,64,8,17,0.001,0.8058384265750647,0.8099145591259003,0.3321569999679923
n4_d64_r8,4,64,8,18,0.001,0.805273081175983,0.8097108453512192,0.3286413750029169
n4_d64_r8,4,64,8,19,0.001,0.8050472210161388,0.8102036714553833,0.32657141698291525
n4_d64_r8,4,64,8,20,0.001,0.8042422505095601,0.8103888183832169,0.32855404197471216
n4_d64_r8,4,64,8,21,0.001,0.8039838378317654,0.811241626739502,0.32957279100082815
n4_d64_r8,4,64,8,22,0.001,0.803585265763104,0.8106929957866669,0.3292777910246514
n4_d64_r8,4,64,8,23,0.001,0.803175219334662,0.8120422661304474,0.3294699169928208
n4_d64_r8,4,64,8,24,0.001,0.8027784791775048,0.8130412548780441,0.3783759170328267
n4_d64_r8,4,64,8,25,0.001,0.8023592550307512,0.812475398182869,0.32680620899191126
n4_d64_r8,4,64,8,26,0.001,0.8020305312238634,0.8125598281621933,0.32809162500780076
n4_d64_r8,4,64,8,27,0.0005,0.8009159751236439,0.8124883621931076,0.32770108396653086
n4_d64_r8,4,64,8,28,0.0005,0.8007477121427655,0.8127738833427429,0.3320379169890657
n4_d64_r8,4,64,8,29,0.0005,0.8005201243795455,0.8125839233398438,0.328951750008855
n4_d64_r8,4,64,8,30,0.0005,0.800483813509345,0.8126975893974304,0.32732562499586493
n4_d64_r8,4,64,8,31,0.0005,0.800299764610827,0.8130353540182114,0.32825266697909683
n4_d64_r8,4,64,8,32,0.0005,0.8001736160367727,0.8129812479019165,0.37765308399684727
n4_d64_r8,4,64,8,33,0.0005,0.7999990950338542,0.8135372549295425,0.3247948749922216
n4_d64_r8,4,64,8,34,0.0005,0.7998629636131227,0.8133370578289032,0.3310039169737138
n4_d64_r8,4,64,8,35,0.00025,0.7991854245774448,0.8132700324058533,0.32599133398616686
n4_d64_r8,4,64,8,36,0.00025,0.7991118389181793,0.8133935779333115,0.3265416659996845
n4_d64_r8,4,64,8,37,0.00025,0.7990354727953672,0.8135000765323639,0.32738541695289314
n4_d64_r8,4,64,8,38,0.00025,0.7989508956670761,0.8136003166437149,0.3283717079902999
n4_d128_r8,4,128,8,1,0.001,1.0665413360111415,0.9473073780536652,0.38139508303720504
n4_d128_r8,4,128,8,2,0.001,0.8825417067855597,0.85841865837574,0.3426557920174673
n4_d128_r8,4,128,8,3,0.001,0.8396160639822483,0.8359299302101135,0.3368289160425775
n4_d128_r8,4,128,8,4,0.001,0.825105479452759,0.8297995328903198,0.3323124579619616
n4_d128_r8,4,128,8,5,0.001,0.8156736413948238,0.8268308788537979,0.3356953749898821
n4_d128_r8,4,128,8,6,0.001,0.8090107482858002,0.822944849729538,0.33190837496658787
n4_d128_r8,4,128,8,7,0.001,0.8038956080563366,0.8211257606744766,0.3334411249961704
n4_d128_r8,4,128,8,8,0.001,0.7996426071040332,0.821201354265213,0.33718458301154897
n4_d128_r8,4,128,8,9,0.001,0.7961153099313378,0.8210620880126953,0.3789306250400841
n4_d128_r8,4,128,8,10,0.001,0.7931822016835213,0.8222725540399551,0.3399161249981262
n4_d128_r8,4,128,8,11,0.001,0.7901537660509348,0.8228849321603775,0.33403854101197794
n4_d128_r8,4,128,8,12,0.001,0.7880182275548577,0.8235333114862442,0.33314449997851625
n4_d128_r8,4,128,8,13,0.001,0.7858778177760541,0.8250438421964645,0.33279479102930054
n4_d128_r8,4,128,8,14,0.001,0.7838280922733247,0.8257884830236435,0.3361018339637667
n4_d128_r8,4,128,8,15,0.001,0.7821154836565256,0.8265403509140015,0.3370494160335511
n4_d128_r8,4,128,8,16,0.001,0.7796525615267456,0.8277904689311981,0.3354787499993108
n4_d128_r8,4,128,8,17,0.001,0.7786857006140053,0.829489529132843,0.3818628339795396
n4_d128_r8,4,128,8,18,0.0005,0.7738826796412468,0.8299287557601929,0.33895312499953434
n4_d128_r8,4,128,8,19,0.0005,0.7724651056341827,0.8314214497804642,0.3337044580257498
n4_d128_r8,4,128,8,20,0.0005,0.7717537516728044,0.8328586220741272,0.33375275001162663
n4_d128_r8,4,128,8,21,0.0005,0.7708489992655814,0.8339186906814575,0.34147037501679733
n4_d128_r8,4,128,8,22,0.0005,0.7701186151243746,0.8344268202781677,0.3337933750008233
n4_d128_r8,4,128,8,23,0.0005,0.7695752251893282,0.8360150307416916,0.33539895800640807
n4_d128_r8,4,128,8,24,0.0005,0.7686289520934224,0.8374039977788925,0.3351754170143977
n4_d128_r8,4,128,8,25,0.0005,0.767819179687649,0.8373318612575531,0.37515329202869907
n4_d128_r8,4,128,8,26,0.00025,0.7651875889860094,0.8379278033971786,0.3383708749897778
n4_d128_r8,4,128,8,27,0.00025,0.764826022554189,0.8385681211948395,0.3430377090116963
n4_d128_r8,4,128,8,28,0.00025,0.7644949993118644,0.8388435244560242,0.3341212920495309
n4_d128_r8,4,128,8,29,0.00025,0.7640156871639192,0.8394200801849365,0.33542329201009125
n4_d256_r8,4,256,8,1,0.001,0.9727422338910401,0.8798777014017105,0.3400044580339454
n4_d256_r8,4,256,8,2,0.001,0.8435227046720684,0.8506934344768524,0.33941445901291445
n4_d256_r8,4,256,8,3,0.001,0.8151154210790992,0.8411597907543182,0.33735512499697506
n4_d256_r8,4,256,8,4,0.001,0.7966615315526724,0.8394976407289505,0.39788704103557393
n4_d256_r8,4,256,8,5,0.001,0.7820743923075497,0.8395695090293884,0.3390644579776563
n4_d256_r8,4,256,8,6,0.001,0.769158539827913,0.8442057222127914,0.3395507090026513
n4_d256_r8,4,256,8,7,0.001,0.7571122800000012,0.845880851149559,0.3405416249879636
n4_d256_r8,4,256,8,8,0.001,0.7448455095291138,0.8478294014930725,0.33984458300983533
n4_d256_r8,4,256,8,9,0.001,0.7330188448540866,0.8617472797632217,0.34063587500713766
n4_d256_r8,4,256,8,10,0.001,0.7217929144389927,0.8707780689001083,0.34732604201417416
n4_d256_r8,4,256,8,11,0.001,0.7116213976405561,0.8832615315914154,0.3389939160551876
n4_d256_r8,4,256,8,12,0.001,0.7002273132093251,0.8943414241075516,0.38746366702253
n4_d256_r8,4,256,8,13,0.0005,0.6801925171166658,0.8950053453445435,0.335711584019009
n4_d256_r8,4,256,8,14,0.0005,0.6727185575291514,0.9070249795913696,0.3390183749725111
n4_d256_r8,4,256,8,15,0.0005,0.6674791243858635,0.9120284616947174,0.3468513750121929
n4_d256_r8,4,256,8,16,0.0005,0.6628117742948234,0.9194205403327942,0.3439420000067912
n4_d256_r8,4,256,8,17,0.0005,0.6581728113815188,0.9249671995639801,0.34021179197588935
n4_d256_r8,4,256,8,18,0.0005,0.653673009481281,0.9339711964130402,0.3388131660176441
n4_d256_r8,4,256,8,19,0.0005,0.649594493675977,0.940978080034256,0.3389160420047119
n4_d256_r8,4,256,8,20,0.0005,0.6459863185882568,0.9434707760810852,0.38731183303752914
n4_d256_r8,4,256,8,21,0.00025,0.6353720549959689,0.9481501281261444,0.33887983299791813
n4_d256_r8,4,256,8,22,0.00025,0.6330217896029353,0.9523210525512695,0.34245841595111415
n4_d256_r8,4,256,8,23,0.00025,0.6310695670545101,0.9555701166391373,0.3394842079724185
n4_d256_r8,4,256,8,24,0.00025,0.629400422796607,0.9605322629213333,0.3388127090292983
n4_d512_r8,4,512,8,1,0.001,1.0534884314984083,0.9658350795507431,0.4196465000277385
n4_d512_r8,4,512,8,2,0.001,0.8642550860531628,0.874594658613205,0.40345362498192117
n4_d512_r8,4,512,8,3,0.001,0.7681458033621311,0.8609498292207718,0.4666092499974184
n4_d512_r8,4,512,8,4,0.001,0.7070733718574047,0.8738629072904587,0.4043093330110423
n4_d512_r8,4,512,8,5,0.001,0.654436235781759,0.8959733098745346,0.42435741698136553
n4_d512_r8,4,512,8,6,0.001,0.6031329820398241,0.918077141046524,0.42135241703363135
n4_d512_r8,4,512,8,7,0.001,0.5532299233600497,0.9641300141811371,0.4127339999540709
n4_d512_r8,4,512,8,8,0.001,0.5058560790494084,1.001705214381218,0.4119987079757266
n4_d512_r8,4,512,8,9,0.001,0.45991546497680247,1.0493490099906921,0.4210837080026977
n4_d512_r8,4,512,8,10,0.001,0.4208251463714987,1.0723239332437515,0.4220445419778116
n4_d512_r8,4,512,8,11,0.001,0.386167656397447,1.1299491226673126,0.46790804201737046
n4_d512_r8,4,512,8,12,0.0005,0.3246534657664597,1.1604850590229034,0.3939877090160735
n4_d512_r8,4,512,8,13,0.0005,0.2984351241029799,1.1809449791908264,0.41573245800100267
n4_d512_r8,4,512,8,14,0.0005,0.2839515503728762,1.2099332213401794,0.4150422500097193
n4_d512_r8,4,512,8,15,0.0005,0.27050801494624466,1.233722597360611,0.39649449998978525
n4_d512_r8,4,512,8,16,0.0005,0.2587217490654439,1.2593944072723389,0.42042879096698016
n4_d512_r8,4,512,8,17,0.0005,0.24769247486256063,1.2704747021198273,0.4188058330328204
n4_d512_r8,4,512,8,18,0.0005,0.2380386764416471,1.301076740026474,0.40929874998982996
n4_d512_r8,4,512,8,19,0.0005,0.22907250665593892,1.307447075843811,0.45230095798615366
n4_d512_r8,4,512,8,20,0.00025,0.20534193306230009,1.3328469395637512,0.39567254099529237
n4_d512_r8,4,512,8,21,0.00025,0.1982579556060955,1.3397683799266815,0.3821492919814773
n4_d512_r8,4,512,8,22,0.00025,0.1938810768770054,1.3497223258018494,0.3833339170087129
n4_d512_r8,4,512,8,23,0.00025,0.19009276037104428,1.368238091468811,0.3901645830483176
n4_d1024_r8,4,1024,8,1,0.001,0.9830120885744691,0.899188756942749,0.42352216597646475
n4_d1024_r8,4,1024,8,2,0.001,0.7313134740106761,0.8871815651655197,0.42336562497075647
n4_d1024_r8,4,1024,8,3,0.001,0.5707997721619904,0.955465242266655,0.4699774999753572
n4_d1024_r8,4,1024,8,4,0.001,0.4098177661653608,1.0345758944749832,0.4194327499717474
n4_d1024_r8,4,1024,8,5,0.001,0.26898315642029047,1.1325649917125702,0.43425879202550277
n4_d1024_r8,4,1024,8,6,0.001,0.172882447775919,1.197344422340393,0.42726383300032467
n4_d1024_r8,4,1024,8,7,0.001,0.10865827032830566,1.228444367647171,0.43573933298466727
n4_d1024_r8,4,1024,8,8,0.001,0.07119341401266865,1.2619582116603851,0.43257800000719726
n4_d1024_r8,4,1024,8,9,0.001,0.051008575450396165,1.2804770171642303,0.4231193750165403
n4_d1024_r8,4,1024,8,10,0.001,0.040380847931373864,1.2872075736522675,0.437948334030807
n4_d1024_r8,4,1024,8,11,0.0005,0.02619151350518223,1.2748193144798279,0.4539579580305144
n4_d1024_r8,4,1024,8,12,0.0005,0.00871177436420112,1.2849470674991608,0.42354445898672566
n4_d1024_r8,4,1024,8,13,0.0005,0.0044270855742070125,1.290721446275711,0.43007462500827387
n4_d1024_r8,4,1024,8,14,0.0005,0.002707166480831802,1.2932680249214172,0.42960675002541393
n4_d1024_r8,4,1024,8,15,0.0005,0.001815324815652275,1.3001877963542938,0.4284748750505969
n4_d1024_r8,4,1024,8,16,0.0005,0.0012853587163590419,1.3013716042041779,0.42189704201882705
n4_d1024_r8,4,1024,8,17,0.0005,0.0009705093227694306,1.302347332239151,0.43212304200278595
n4_d1024_r8,4,1024,8,18,0.0005,0.0007935024052585504,1.3048869669437408,0.4322956670075655
n4_d1024_r8,4,1024,8,19,0.00025,0.0005746459708007023,1.3065795600414276,0.4789475410361774
n4_d1024_r8,4,1024,8,20,0.00025,0.0003368275706066015,1.306832641363144,0.43301024998072535
n4_d1024_r8,4,1024,8,21,0.00025,0.00026800919721381433,1.3072193264961243,0.4378483749460429
n4_d1024_r8,4,1024,8,22,0.00025,0.00022663275464651633,1.3078806698322296,0.4155562500236556
n4_d2048_r8,4,2048,8,1,0.001,0.9925937629304826,0.9366512149572372,0.5746381250210106
n4_d2048_r8,4,2048,8,2,0.001,0.5508346864953637,0.9778899997472763,0.6047646660008468
n4_d2048_r8,4,2048,8,3,0.001,0.23362232849467546,1.0605714917182922,0.6458015410462394
n4_d2048_r8,4,2048,8,4,0.001,0.10018927522469312,1.063917875289917,0.625253124977462
n4_d2048_r8,4,2048,8,5,0.001,0.07410529247135855,1.0641773641109467,0.6187689580256119
n4_d2048_r8,4,2048,8,6,0.001,0.06526451747049578,1.0516121089458466,0.6103155420278199
n4_d2048_r8,4,2048,8,7,0.001,0.059105369611643255,1.0552469193935394,0.6384036249946803
n4_d2048_r8,4,2048,8,8,0.001,0.05101645749527961,1.046051561832428,0.6432069999864325
n4_d2048_r8,4,2048,8,9,0.001,0.044259038113523275,1.038636714220047,0.6007226249785163
n4_d2048_r8,4,2048,8,10,0.0005,0.03434619071776979,1.018516093492508,0.634240333980415
n4_d2048_r8,4,2048,8,11,0.0005,0.005083528631075751,1.0247126370668411,0.6234038749826141
n4_d2048_r8,4,2048,8,12,0.0005,0.0013227220301814668,1.0244077891111374,0.6075783330015838
n4_d2048_r8,4,2048,8,13,0.0005,0.0005315646891403958,1.025207668542862,0.608596459031105
n4_d2048_r8,4,2048,8,14,0.0005,0.0003178113196895538,1.0250623375177383,0.6001952500082552
n4_d2048_r8,4,2048,8,15,0.0005,0.0002475572081550581,1.0259178131818771,0.6215303750359453
n4_d2048_r8,4,2048,8,16,0.0005,0.0002209607350209808,1.0254516899585724,0.6035037080291659
n4_d2048_r8,4,2048,8,17,0.0005,0.00023685373258786058,1.0260058045387268,0.6283915839740075
n4_d2048_r8,4,2048,8,18,0.00025,0.00025259435801672225,1.0258058309555054,0.6264077079831623
n4_d2048_r8,4,2048,8,19,0.00025,0.0001591651188377341,1.0260089635849,0.6136283749947324
n4_d2048_r8,4,2048,8,20,0.00025,0.00014378474545040376,1.0259914696216583,0.6120157500263304
n4_d2048_r8,4,2048,8,21,0.00025,0.00013806929621473785,1.0260642766952515,0.6050172080285847
n4_d4096_r8,4,4096,8,1,0.001,1.019770176615566,0.9708963334560394,0.9625517910462804
n4_d4096_r8,4,4096,8,2,0.001,0.7523155929520726,0.9492476284503937,0.9498324579908513
n4_d4096_r8,4,4096,8,3,0.001,0.4446200339589268,1.0077529400587082,1.0629113749600947
n4_d4096_r8,4,4096,8,4,0.001,0.20494166016578674,1.039849877357483,1.137054291961249
n4_d4096_r8,4,4096,8,5,0.001,0.12222697271499783,1.0166960656642914,1.0400240419548936
n4_d4096_r8,4,4096,8,6,0.001,0.07704091607593,1.0062610507011414,0.9533258330193348
n4_d4096_r8,4,4096,8,7,0.001,0.050324087496846914,0.9893159717321396,1.0173166670138016
n4_d4096_r8,4,4096,8,8,0.001,0.036935942218406126,0.9932668060064316,1.2058343749959022
n4_d4096_r8,4,4096,8,9,0.001,0.03069717503967695,0.9846866875886917,1.0370485410094261
n4_d4096_r8,4,4096,8,10,0.001,0.02566000967635773,0.9868547916412354,1.137699834012892
n4_d4096_r8,4,4096,8,11,0.0005,0.020778375255758874,0.9747143238782883,1.0934331250027753
n4_d4096_r8,4,4096,8,12,0.0005,0.004317800166973029,0.972482442855835,1.1988952920073643
n4_d4096_r8,4,4096,8,13,0.0005,0.002039151124563432,0.9736362248659134,1.1302443750319071
n4_d4096_r8,4,4096,8,14,0.0005,0.00156866596216787,0.9735529124736786,0.9299670829786919
n4_d4096_r8,4,4096,8,15,0.0005,0.0014897381632863471,0.9739691019058228,1.0579872920061462
n4_d4096_r8,4,4096,8,16,0.0005,0.0015293414494976787,0.9734751880168915,1.1654010830097832
n4_d4096_r8,4,4096,8,17,0.0005,0.0016984130381842988,0.973904937505722,1.152040750021115
n4_d4096_r8,4,4096,8,18,0.0005,0.001987338639992231,0.9735024720430374,1.0005443330155686
n4_d4096_r8,4,4096,8,19,0.00025,0.00229194119992826,0.9730191826820374,1.1446142919594422
n4_d4096_r8,4,4096,8,20,0.00025,0.0013025467131342339,0.9732067734003067,1.0445859580067918
n4_d4096_r8,4,4096,8,21,0.00025,0.0011867580662965338,0.9730151891708374,1.1162172080366872
n4_d4096_r8,4,4096,8,22,0.00025,0.0011587137874862208,0.9731654077768326,0.886155666958075
n4_d64_r9,4,64,9,1,0.001,1.054462730884552,0.9516412764787674,0.3350548750022426
n4_d64_r9,4,64,9,2,0.001,0.889702410902828,0.890019103884697,0.32691624999279156
n4_d64_r9,4,64,9,3,0.001,0.8536096797324717,0.8699294924736023,0.32457416702527553
n4_d64_r9,4,64,9,4,0.001,0.8388200947083533,0.8602535575628281,0.32754974998533726
n4_d64_r9,4,64,9,5,0.001,0.8300914312712848,0.8526183664798737,0.3330443750019185
n4_d64_r9,4,64,9,6,0.001,0.8235065820626915,0.8465512543916702,0.32952779199695215
n4_d64_r9,4,64,9,7,0.001,0.8183885868638754,0.842193603515625,0.3265603340114467
n4_d64_r9,4,64,9,8,0.001,0.8145541911944747,0.8396275490522385,0.329604750033468
n4_d64_r9,4,64,9,9,0.001,0.8113436624407768,0.8375726342201233,0.37611875002039596
n4_d64_r9,4,64,9,10,0.001,0.8090395680628717,0.8354900926351547,0.3270248330081813
n4_d64_r9,4,64,9,11,0.001,0.807083573192358,0.8349029421806335,0.3345962499734014
n4_d64_r9,4,64,9,12,0.001,0.8056872868910432,0.8336575329303741,0.32802925002761185
n4_d64_r9,4,64,9,13,0.001,0.8044205596670508,0.8325925469398499,0.3268104169983417
n4_d64_r9,4,64,9,14,0.001,0.8032209989614785,0.8325583636760712,0.3279167499858886
n4_d64_r9,4,64,9,15,0.001,0.8026065123267472,0.8325719684362411,0.326363250031136
n4_d64_r9,4,64,9,16,0.001,0.8018475309945643,0.8320006430149078,0.3698015830013901
n4_d64_r9,4,64,9,17,0.001,0.8012494281865656,0.8314248770475388,0.339658375014551
n4_d64_r9,4,64,9,18,0.001,0.8011833853088319,0.8307625353336334,0.32690279197413474
n4_d64_r9,4,64,9,19,0.001,0.8003627760335803,0.8307307660579681,0.32860970799811184
n4_d64_r9,4,64,9,20,0.001,0.8002319792285562,0.8311401903629303,0.32832349999807775
n4_d64_r9,4,64,9,21,0.001,0.799644554965198,0.8310514241456985,0.32828945899382234
n4_d64_r9,4,64,9,22,0.001,0.7994768940843642,0.8319193720817566,0.3276756669511087
n4_d64_r9,4,64,9,23,0.001,0.7990860273130238,0.8313980400562286,0.32768566702725366
n4_d64_r9,4,64,9,24,0.001,0.7987119979225099,0.8314504772424698,0.37947729195002466
n4_d64_r9,4,64,9,25,0.001,0.7986301360651851,0.832086980342865,0.3258079999941401
n4_d64_r9,4,64,9,26,0.001,0.7982522291131318,0.8314447104930878,0.32771508302539587
n4_d64_r9,4,64,9,27,0.001,0.798126695677638,0.8321461230516434,0.3259421249968
n4_d64_r9,4,64,9,28,0.0005,0.7966897613368928,0.8318639099597931,0.32760020898422226
n4_d64_r9,4,64,9,29,0.0005,0.796576576307416,0.831454336643219,0.326615291996859
n4_d64_r9,4,64,9,30,0.0005,0.7963666077703238,0.8315645158290863,0.3324099580058828
n4_d64_r9,4,64,9,31,0.0005,0.7962353080511093,0.831505760550499,0.32819912501145154
n4_d64_r9,4,64,9,32,0.0005,0.7961537363007665,0.831639364361763,0.37698020797688514
n4_d64_r9,4,64,9,33,0.0005,0.7959352978505194,0.8317878693342209,0.32655975001398474
n4_d64_r9,4,64,9,34,0.0005,0.7959465244784951,0.8316702991724014,0.32617779198335484
n4_d64_r9,4,64,9,35,0.0005,0.7957692234776914,0.8314289599657059,0.32763016602257267
n4_d64_r9,4,64,9,36,0.00025,0.7951243463903666,0.8315635174512863,0.33172100002411753
n4_d64_r9,4,64,9,37,0.00025,0.7950799348764122,0.8316068053245544,0.3272526250220835
n4_d64_r9,4,64,9,38,0.00025,0.7950515798293054,0.8314090371131897,0.3293522910098545
n4_d64_r9,4,64,9,39,0.00025,0.7949661938473582,0.8315440267324448,0.32754270802251995
n4_d128_r9,4,128,9,1,0.001,1.029298312496394,0.9164320081472397,0.383319583022967
n4_d128_r9,4,128,9,2,0.001,0.8639133935794234,0.8618329018354416,0.3332990829949267
n4_d128_r9,4,128,9,3,0.001,0.8342078505083919,0.8499597162008286,0.3399721669848077
n4_d128_r9,4,128,9,4,0.001,0.8218352785333991,0.8434687852859497,0.3344134999788366
n4_d128_r9,4,128,9,5,0.001,0.8129407078959048,0.8405090570449829,0.33755812502931803
n4_d128_r9,4,128,9,6,0.001,0.8063561697490513,0.8378344923257828,0.33366054203361273
n4_d128_r9,4,128,9,7,0.001,0.8014886821620166,0.8371940106153488,0.33921762503450736
n4_d128_r9,4,128,9,8,0.001,0.7971530058421195,0.8355867713689804,0.3808601669734344
n4_d128_r9,4,128,9,9,0.001,0.7938662935048342,0.835025891661644,0.348127959005069
n4_d128_r9,4,128,9,10,0.001,0.7907913071103394,0.8348447531461716,0.34095208399230614
n4_d128_r9,4,128,9,11,0.001,0.7881333194673061,0.8350189328193665,0.3383983329986222
n4_d128_r9,4,128,9,12,0.001,0.7860567285679281,0.8353196382522583,0.3351181249599904
n4_d128_r9,4,128,9,13,0.001,0.7835911377333105,0.8363831639289856,0.3349339999840595
n4_d128_r9,4,128,9,14,0.001,0.781612194608897,0.8363004922866821,0.33635287499055266
n4_d128_r9,4,128,9,15,0.001,0.7797700650990009,0.8373057097196579,0.3411729159997776
n4_d128_r9,4,128,9,16,0.001,0.778038919903338,0.8371150940656662,0.38322866696398705
n4_d128_r9,4,128,9,17,0.001,0.776239350438118,0.8386445939540863,0.34340583300217986
n4_d128_r9,4,128,9,18,0.001,0.7747587100602686,0.840054914355278,0.33484666695585474
n4_d128_r9,4,128,9,19,0.0005,0.7704765601083636,0.840350404381752,0.33623004105174914
n4_d128_r9,4,128,9,20,0.0005,0.7694498500786722,0.8405403345823288,0.33472874999279156
n4_d128_r9,4,128,9,21,0.0005,0.768659028224647,0.8411817848682404,0.3365441670175642
n4_d128_r9,4,128,9,22,0.0005,0.7679629884660244,0.8418108075857162,0.3601413330179639
n4_d128_r9,4,128,9,23,0.0005,0.7669779444113374,0.8423886448144913,0.3423550419975072
n4_d128_r9,4,128,9,24,0.0005,0.7663025506772101,0.8428069949150085,0.3805054579861462
n4_d128_r9,4,128,9,25,0.0005,0.7655936647206545,0.8433644771575928,0.33734041603747755
n4_d128_r9,4,128,9,26,0.0005,0.7648852649144828,0.8434281796216965,0.3354841669788584
n4_d128_r9,4,128,9,27,0.00025,0.7622800250537694,0.843792513012886,0.33693200000561774
n4_d128_r9,4,128,9,28,0.00025,0.7618147633038461,0.8442621380090714,0.33981641597347334
n4_d128_r9,4,128,9,29,0.00025,0.761489060241729,0.8445837944746017,0.33732099999906495
n4_d128_r9,4,128,9,30,0.00025,0.7611220222897828,0.844943568110466,0.33310537500074133
n4_d256_r9,4,256,9,1,0.001,1.0135049843229353,0.9185120165348053,0.34221791598247364
n4_d256_r9,4,256,9,2,0.001,0.8454399695619941,0.8891415297985077,0.38949662499362603
n4_d256_r9,4,256,9,3,0.001,0.8137909164652228,0.8793995231389999,0.34536995901726186
n4_d256_r9,4,256,9,4,0.001,0.7940132697112858,0.8748666793107986,0.3474692919990048
n4_d256_r9,4,256,9,5,0.001,0.7796506113372743,0.8749380558729172,0.3375099999830127
n4_d256_r9,4,256,9,6,0.001,0.7673292872495949,0.8758298754692078,0.3412402080139145
n4_d256_r9,4,256,9,7,0.001,0.7564920615404844,0.8786932229995728,0.3404992500436492
n4_d256_r9,4,256,9,8,0.001,0.7451931494288146,0.8845691382884979,0.34129795798799023
n4_d256_r9,4,256,9,9,0.001,0.7357696923427284,0.8855021297931671,0.33949099999153987
n4_d256_r9,4,256,9,10,0.001,0.7252889997325838,0.8963110893964767,0.39132137497654185
n4_d256_r9,4,256,9,11,0.001,0.7153720180504024,0.9000188708305359,0.34139904199400917
n4_d256_r9,4,256,9,12,0.001,0.7064161915332079,0.9098603874444962,0.34221699996851385
n4_d256_r9,4,256,9,13,0.0005,0.6870470233261585,0.9099988341331482,0.34175991703523323
n4_d256_r9,4,256,9,14,0.0005,0.6800344353541732,0.9166551381349564,0.33965979202184826
n4_d256_r9,4,256,9,15,0.0005,0.6749446839094162,0.9247388988733292,0.34046037500957027
n4_d256_r9,4,256,9,16,0.0005,0.6704687778837979,0.9301798492670059,0.3471019169664942
n4_d256_r9,4,256,9,17,0.0005,0.6656097816303372,0.9338327795267105,0.3822274589911103
n4_d256_r9,4,256,9,18,0.0005,0.6616003001108766,0.9391452670097351,0.34463112498633564
n4_d256_r9,4,256,9,19,0.0005,0.6577663109637797,0.946137011051178,0.3385098340222612
n4_d256_r9,4,256,9,20,0.0005,0.6535227089188993,0.9514787644147873,0.33883637498365715
n4_d256_r9,4,256,9,21,0.00025,0.6426806547679007,0.9530551880598068,0.33794787497026846
n4_d256_r9,4,256,9,22,0.00025,0.6399276126176119,0.9556841403245926,0.3479206669726409
n4_d256_r9,4,256,9,23,0.00025,0.6381032867357135,0.9585693180561066,0.34160862502176315
n4_d256_r9,4,256,9,24,0.00025,0.6363598057068884,0.9616515338420868,0.34168858296470717
n4_d512_r9,4,512,9,1,0.001,0.9821651768870652,0.9374498575925827,0.4355439999490045
n4_d512_r9,4,512,9,2,0.001,0.8126443778164685,0.8901658356189728,0.39354304200969636
n4_d512_r9,4,512,9,3,0.001,0.7365578445605934,0.8981816917657852,0.41704216704238206
n4_d512_r9,4,512,9,4,0.001,0.6798821724951267,0.9162665903568268,0.41146408300846815
n4_d512_r9,4,512,9,5,0.001,0.6243243301287293,0.9454759061336517,0.4103830840322189
n4_d512_r9,4,512,9,6,0.001,0.5699998098425567,0.9827668368816376,0.41615670797182247
n4_d512_r9,4,512,9,7,0.001,0.5191786915529519,1.020729586482048,0.41465954203158617
n4_d512_r9,4,512,9,8,0.001,0.47215998778119683,1.0791819989681244,0.4236009159940295
n4_d512_r9,4,512,9,9,0.001,0.42866879398934543,1.1198461949825287,0.4516580829513259
n4_d512_r9,4,512,9,10,0.001,0.39256508741527796,1.151069015264511,0.4104296669829637
n4_d512_r9,4,512,9,11,0.0005,0.32945552840828896,1.1928552687168121,0.42257283302024007
n4_d512_r9,4,512,9,12,0.0005,0.30519115971401334,1.2290915250778198,0.4212895830278285
n4_d512_r9,4,512,9,13,0.0005,0.2893708701012656,1.256876826286316,0.4055293340352364
n4_d512_r9,4,512,9,14,0.0005,0.2757861776044592,1.2820865213871002,0.4177289580111392
n4_d512_r9,4,512,9,15,0.0005,0.26452985242940485,1.3068761825561523,0.4064400829956867
n4_d512_r9,4,512,9,16,0.0005,0.25314074160996825,1.3242546617984772,0.41068149998318404
n4_d512_r9,4,512,9,17,0.0005,0.24289506394416094,1.3622823655605316,0.45530845801113173
n4_d512_r9,4,512,9,18,0.0005,0.23366945167072117,1.3658638894557953,0.41208358301082626
n4_d512_r9,4,512,9,19,0.00025,0.2093572923913598,1.3891200721263885,0.4230975839891471
n4_d512_r9,4,512,9,20,0.00025,0.2021602486493066,1.3996014595031738,0.4212465420132503
n4_d512_r9,4,512,9,21,0.00025,0.198072541737929,1.417348474264145,0.39474899997003376
n4_d512_r9,4,512,9,22,0.00025,0.19393000402487814,1.4300872385501862,0.40462329098954797
n4_d1024_r9,4,1024,9,1,0.001,0.9790632603690028,0.927989274263382,0.4237492500105873
n4_d1024_r9,4,1024,9,2,0.001,0.7287360611371696,0.9230959415435791,0.4735192080261186
n4_d1024_r9,4,1024,9,3,0.001,0.5536812904756516,0.9895935505628586,0.4174179579713382
n4_d1024_r9,4,1024,9,4,0.001,0.38510169275105,1.0788519382476807,0.4384525420027785
n4_d1024_r9,4,1024,9,5,0.001,0.24879152630455792,1.1650169491767883,0.43230612500337884
n4_d1024_r9,4,1024,9,6,0.001,0.15448190097231418,1.2272723019123077,0.43461087497416884
n4_d1024_r9,4,1024,9,7,0.001,0.09825580863980576,1.2595486044883728,0.4170985829550773
n4_d1024_r9,4,1024,9,8,0.001,0.06399163889000192,1.2683390378952026,0.4304579999879934
n4_d1024_r9,4,1024,9,9,0.001,0.045679246744839475,1.2927047312259674,0.4777607499854639
n4_d1024_r9,4,1024,9,10,0.001,0.03662779578007758,1.2956972122192383,0.4243801669799723
n4_d1024_r9,4,1024,9,11,0.0005,0.024809165712213144,1.2765251100063324,0.4271006250055507
n4_d1024_r9,4,1024,9,12,0.0005,0.007771647749905242,1.289297342300415,0.4267943750019185
n4_d1024_r9,4,1024,9,13,0.0005,0.0037381862857728265,1.2912984788417816,0.43887645803624764
n4_d1024_r9,4,1024,9,14,0.0005,0.002193075092691288,1.2948441803455353,0.42927970801247284
n4_d1024_r9,4,1024,9,15,0.0005,0.0014374083648363012,1.2970682084560394,0.43695654202019796
n4_d1024_r9,4,1024,9,16,0.0005,0.0010167666723646107,1.3001399636268616,0.4358184579759836
n4_d1024_r9,4,1024,9,17,0.0005,0.0007584814718484267,1.3010126948356628,0.43748787499498576
n4_d1024_r9,4,1024,9,18,0.0005,0.0006229431676274544,1.3029595911502838,0.47820574999786913
n4_d1024_r9,4,1024,9,19,0.00025,0.0004690174196184671,1.3029305338859558,0.4269950420130044
n4_d1024_r9,4,1024,9,20,0.00025,0.0002627846554332791,1.3036004304885864,0.4334575840039179
n4_d1024_r9,4,1024,9,21,0.00025,0.0002104622361400743,1.303686112165451,0.42731408297549933
n4_d1024_r9,4,1024,9,22,0.00025,0.00018327591834577106,1.3039159774780273,0.44152649998432025
n4_d2048_r9,4,2048,9,1,0.001,0.9916190076619387,0.9483320415019989,0.5796540000010282
n4_d2048_r9,4,2048,9,2,0.001,0.5630646320059896,1.0042937397956848,0.5998672079876997
n4_d2048_r9,4,2048,9,3,0.001,0.23984597634989768,1.074944406747818,0.5814537500264123
n4_d2048_r9,4,2048,9,4,0.001,0.10425861465046182,1.0907564759254456,0.6238577080075629
n4_d2048_r9,4,2048,9,5,0.001,0.07087307120673358,1.0817630589008331,0.6392637919634581
n4_d2048_r9,4,2048,9,6,0.001,0.058563928847434,1.0778118073940277,0.6026762499823235
n4_d2048_r9,4,2048,9,7,0.001,0.05177017059759237,1.0634885728359222,0.6161251250305213
n4_d2048_r9,4,2048,9,8,0.001,0.045882323262048885,1.0577051937580109,0.6137501660268754
n4_d2048_r9,4,2048,9,9,0.001,0.04181547131156549,1.0524455904960632,0.6064173750346527
n4_d2048_r9,4,2048,9,10,0.0005,0.032774743041954935,1.0358514785766602,0.6735646660090424
n4_d2048_r9,4,2048,9,11,0.0005,0.004914667730190558,1.0370099544525146,0.57119829201838
n4_d2048_r9,4,2048,9,12,0.0005,0.0011545779057087202,1.0371756553649902,0.6032184999785386
n4_d2048_r9,4,2048,9,13,0.0005,0.00036031129320690525,1.0374054312705994,0.6046670409850776
n4_d2048_r9,4,2048,9,14,0.0005,0.00015502349742746446,1.0376224368810654,0.6739704170031473
n4_d2048_r9,4,2048,9,15,0.0005,9.117487752519082e-05,1.037613183259964,0.6321172909811139
n4_d2048_r9,4,2048,9,16,0.0005,6.757044182847949e-05,1.0377246886491776,0.608100125042256
n4_d2048_r9,4,2048,9,17,0.0005,5.950312745994779e-05,1.037788301706314,0.646179208997637
n4_d2048_r9,4,2048,9,18,0.00025,5.876558304862556e-05,1.0377905368804932,0.672881625010632
n4_d2048_r9,4,2048,9,19,0.00025,2.58309672371837e-05,1.0378998219966888,0.5709215420065448
n4_d2048_r9,4,2048,9,20,0.00025,1.9705426518079605e-05,1.0379313826560974,0.609816333046183
n4_d2048_r9,4,2048,9,21,0.00025,1.695338813023639e-05,1.037928730249405,0.6459229169995524
n4_d4096_r9,4,4096,9,1,0.001,1.0068366508930922,1.0173003822565079,0.9845554589992389
n4_d4096_r9,4,4096,9,2,0.001,0.8656025929376483,0.9371757954359055,1.010396541969385
n4_d4096_r9,4,4096,9,3,0.001,0.5211584712378681,0.9801327437162399,1.0398871659999713
n4_d4096_r9,4,4096,9,4,0.001,0.24627934268210083,0.9998330622911453,1.2842775419703685
n4_d4096_r9,4,4096,9,5,0.001,0.12273832899518311,1.013352632522583,0.916233999945689
n4_d4096_r9,4,4096,9,6,0.001,0.07363742159213871,0.9868891537189484,1.1792081670137122
n4_d4096_r9,4,4096,9,7,0.001,0.04217986277944874,0.9840180575847626,0.9007770830066875
n4_d4096_r9,4,4096,9,8,0.001,0.026448843447724357,0.9720475077629089,1.2062213339959271
n4_d4096_r9,4,4096,9,9,0.001,0.019533173050149344,0.9745432585477829,1.0445792919490486
n4_d4096_r9,4,4096,9,10,0.001,0.01649739366985159,0.9664360284805298,1.184001166955568
n4_d4096_r9,4,4096,9,11,0.0005,0.013216255785664544,0.9634384214878082,0.9801628330023959
n4_d4096_r9,4,4096,9,12,0.0005,0.003431418437685352,0.9619760364294052,1.0791183749679476
n4_d4096_r9,4,4096,9,13,0.0005,0.00202496351607806,0.9641421586275101,0.927090417011641
n4_d4096_r9,4,4096,9,14,0.0005,0.0017334123469936458,0.9632245898246765,1.1339394169626758
n4_d4096_r9,4,4096,9,15,0.0005,0.0016545280170134902,0.9629697650671005,1.1662680000299588
n4_d4096_r9,4,4096,9,16,0.0005,0.001636707224690781,0.9629691541194916,1.0303676669718698
n4_d4096_r9,4,4096,9,17,0.0005,0.0016192135310859612,0.9628393352031708,1.0740827919798903
n4_d4096_r9,4,4096,9,18,0.0005,0.0016226895577347022,0.9632536768913269,1.1663687080144882
n4_d4096_r9,4,4096,9,19,0.00025,0.0016463796974903744,0.9627881646156311,0.9116950409952551
n4_d4096_r9,4,4096,9,20,0.00025,0.0015519135017569852,0.9628367722034454,1.2251700840424746
n4_d4096_r9,4,4096,9,21,0.00025,0.0015381719454197196,0.9627951234579086,0.8951813750318252
n4_d4096_r9,4,4096,9,22,0.00025,0.001536168280694028,0.9628563225269318,1.0573580000200309
